n_k,b_index,u_index,b1,u1,status,response_status,cG,path_indirect_gap_min_mev,negative_path_indirect_gap,hf_all_converged,hf_nonconverged,reference_chern_valid,invalid_reference_chern,chern_vp_plus,chern_vp_minus,chern_ivc,vp_plus_gap_mev,vp_minus_gap_mev,ivc_gap_mev,any_reference_direct_gap_nonpositive,invalid_chern_with_nonpositive_reference_direct_gap
18,0,0,-0.1,-0.1,ok,ok,-0.05688371627701413,1.0827520897673997,False,True,False,True,False,0.9999999999999996,-0.9999999999999991,-1.0267891092956978e-16,22.774437657312784,22.774437657312784,1.0836110407625072,False,False
18,0,1,-0.1,-0.09,ok,ok,-0.05696214002922534,0.9999227081079392,False,True,False,True,False,0.9999999999999999,-1.000000000000001,8.917920973316176e-18,23.10257027866533,23.102570278665326,1.0002603798138399,False,False
18,0,2,-0.1,-0.08,ok,ok,-0.0582011097300586,1.4611143113420952,False,True,False,True,False,0.9999999999999994,-0.9999999999999996,3.892866406999642e-17,23.417392725641665,23.41739272564167,1.9311486878668809,False,False
18,0,3,-0.1,-0.07,ok,ok,-0.05709078148913982,0.8622844079362102,False,True,False,True,False,0.9999999999999997,-1.0000000000000002,-9.353262543542715e-18,23.71963672801803,23.71963672801803,0.8625620421124683,False,False
18,0,4,-0.1,-0.06,ok,ok,-0.05714124247540472,0.8047168702988754,False,True,False,True,False,0.9999999999999994,-0.9999999999999994,4.2177452917788185e-17,24.009954572756968,24.009954572756964,0.8049683949422933,False,False
18,0,5,-0.1,-0.05,ok,ok,-0.05718281216552083,0.753044631186798,False,True,False,True,False,0.9999999999999997,-1.0000000000000002,-7.029269721913979e-17,24.28893329311751,24.28893329311751,0.7532720397746822,False,False
18,0,6,-0.1,-0.04,ok,ok,-0.05721583270313853,0.7063636654091671,False,True,False,True,False,0.9999999999999997,-0.9999999999999991,-1.0160553401103349e-16,24.557105899400533,24.557105899400533,0.706568603307528,False,False
18,0,7,-0.1,-0.03,ok,ok,-0.057240681803579836,0.6639443299590956,False,True,False,True,False,0.9999999999999984,-0.9999999999999988,1.09252248954395e-16,24.814960319434824,24.814960319434824,0.6641281588100624,False,False
18,0,8,-0.1,-0.02,ok,ok,-0.057257757737482436,0.6251926117919735,False,True,False,True,False,0.9999999999999997,-0.9999999999999997,-6.452951227109261e-17,25.06294655346514,25.062946553465142,0.625356459334574,False,False
18,0,9,-0.1,-0.01,ok,ok,-0.05726746912237195,0.5896209079811843,False,True,False,True,False,0.9999999999999996,-0.9999999999999997,8.184266912173572e-17,25.301482427613205,25.30148242761321,0.589765706868669,False,False
18,0,10,-0.1,0.0,ok,ok,-0.057270227915540706,0.5568257990366479,False,True,False,True,False,0.9999999999999997,-0.9999999999999996,3.6341742405151213e-17,25.530958240679894,25.530958240679894,0.5569523172593096,False,False
18,0,11,-0.1,0.01,ok,ok,-0.057266444561801064,0.5264709972350071,False,True,False,True,False,1.0000000000000002,-1.0000000000000002,2.913530062292598e-17,25.751740532193686,25.751740532193686,0.5265798620737907,False,False
18,0,12,-0.1,0.02,ok,ok,-0.057256524607704626,0.4982741575040969,False,True,False,True,False,1.0000000000000002,-1.0000000000000002,-8.897594005547442e-18,25.964175149193686,25.964175149193693,0.49836587444719727,False,False
18,0,13,-0.1,0.03,ok,ok,-0.057240866324166334,0.4719965953961557,False,True,False,True,False,0.999999999999999,-0.999999999999999,-2.0609006559496135e-17,25.983909529251985,25.983909529252006,0.4720715630904162,False,False
18,0,14,-0.1,0.04,ok,ok,-0.0572198590282294,0.44743521119056495,False,True,False,True,False,0.9999999999999996,-0.9999999999999994,5.803883767436574e-18,25.87969730147138,25.879697301471378,0.44749373323550706,False,False
18,0,15,-0.1,0.05,ok,ok,-0.0571938818909022,0.42441610086959874,False,True,False,True,False,1.0000000000000004,-1.0000000000000002,-4.263292563057454e-17,25.779375556555955,25.779375556555944,0.4244583950667674,False,False
18,0,16,-0.1,0.06,ok,ok,-0.05716330308284735,0.40278946703750024,False,True,False,True,False,1.0000000000000004,-1.0000000000000004,4.11124202483942e-17,25.682845239759203,25.682845239759192,0.40281567255292905,False,False
18,0,17,-0.1,0.07,ok,ok,-0.057128479149864894,0.3824255388041764,False,True,False,True,False,0.9999999999999996,-0.9999999999999997,3.7653868881396764e-17,25.590004782436313,25.590004782436317,0.38243572159513545,False,False
18,0,18,-0.1,0.08,ok,ok,-0.05708975454528886,0.36321127986064033,False,True,False,True,False,0.9999999999999994,-0.9999999999999991,1.2831395380150708e-17,25.500750515340762,25.500750515340762,0.3632054366609366,False,False
18,0,19,-0.1,0.09,ok,ok,-0.05704746125949803,0.3450477169609435,False,True,False,True,False,1.0000000000000007,-1.0,1.0979413851167106e-17,25.414977084817632,25.414977084817636,0.34502577794908346,False,False
18,0,20,-0.1,0.1,ok,ok,-0.05700191851913458,0.3278477592439868,False,True,False,True,False,1.0,-1.0000000000000002,-4.1529279565643886e-17,25.33257786721125,25.332577867211263,0.3278095896458206,False,False
18,1,0,-0.09,-0.1,ok,ok,-0.05689115497503623,1.065644601119293,False,True,False,True,False,0.9999999999999996,-0.9999999999999994,-1.5973277773314255e-17,22.86003081071607,22.86003081071606,1.0663817031528746,False,False
18,1,1,-0.09,-0.09,ok,ok,-0.06355124603185774,1.7898999837057055,False,True,False,True,False,0.9999999999999999,-0.9999999999999994,-7.27151553151438e-17,23.184420281893843,23.18442028189384,1.868875410311826,False,False
18,1,2,-0.09,-0.08,ok,ok,-0.05279621543218224,0.3401322057654389,False,True,False,True,False,1.0000000000000002,-1.0000000000000002,-3.2585500545115586e-16,23.495686779301042,23.495686779301042,2.0774827641928773,False,False
18,1,3,-0.09,-0.07,ok,ok,-0.057091622050300495,0.8510819808068786,False,True,False,True,False,1.0,-0.999999999999999,-6.076929240523322e-17,23.794542197173502,23.794542197173506,0.851354514961231,False,False
18,1,4,-0.09,-0.06,ok,ok,-0.05714006731129635,0.7948617938306017,False,True,False,True,False,0.9999999999999993,-0.9999999999999989,6.716023749797948e-17,24.081622892771744,24.081622892771744,0.7951086931061864,False,False
18,1,5,-0.09,-0.05,ok,ok,-0.05717974304794647,0.7443196620928313,False,True,False,True,False,0.9999999999999994,-0.9999999999999996,1.3123994317206228e-18,24.35750300650286,24.357503006502856,0.7445428383702644,False,False
18,1,6,-0.09,-0.04,ok,ok,-0.05721099892820093,0.698595338185424,False,True,False,True,False,1.0000000000000004,-1.0,1.4152049117825207e-17,24.622705025349546,24.62270502534955,0.6987963716131056,False,False
18,1,7,-0.09,-0.03,ok,ok,-0.05504162578461744,1.7662617594620502,False,True,False,True,False,0.9999999999999991,-0.9999999999999997,-6.706671051424374e-08,24.877708207745354,24.877708207745354,2.30376930396151,False,False
18,1,8,-0.09,-0.02,ok,ok,-0.057249794901628126,0.6189443919382457,False,True,False,True,False,0.9999999999999991,-0.9999999999999991,-1.763725084217794e-17,25.122955337870586,25.122955337870575,0.6191048426501493,False,False
18,1,9,-0.09,-0.01,ok,ok,-0.057258142437645515,0.5839827873909688,False,True,False,True,False,0.9999999999999986,-0.9999999999999986,-8.792719254354447e-17,25.358858166411196,25.358858166411206,0.5841243867138921,False,False
18,1,10,-0.09,0.0,ok,ok,-0.05725966911583174,0.5517208002892914,False,True,False,True,False,0.9999999999999994,-0.9999999999999994,-2.9721565717058195e-17,25.585801812319673,25.585801812319673,0.5518442871334691,False,False
18,1,11,-0.09,0.01,ok,ok,-0.05725478264327033,0.5218350038690106,False,True,False,True,False,0.9999999999999993,-0.9999999999999993,1.346162697455824e-17,25.804148338265758,25.804148338265758,0.5219409812685634,False,False
18,1,12,-0.09,0.02,ok,ok,-0.057243885184358294,0.49405336147583867,False,True,False,True,False,1.0000000000000004,-1.0000000000000004,-6.279916849136453e-17,26.014239665724173,26.014239665724173,0.4941423145553974,False,False
18,1,13,-0.09,0.03,ok,ok,-0.057227371151482416,0.46814551062800003,False,True,False,True,False,0.9999999999999988,-0.9999999999999989,-4.636665093943144e-17,25.95981321083298,25.959813210832973,0.46821782081606,False,False
18,1,14,-0.09,0.04,ok,ok,-0.05720562564488632,0.4439151164493708,False,True,False,True,False,0.9999999999999996,-0.9999999999999997,2.4260985352246347e-17,25.85733919743411,25.85733919743411,0.4439710726954961,False,False
18,1,15,-0.09,0.05,ok,ok,-0.057179023346106236,0.4211938107174466,False,True,False,True,False,1.0000000000000007,-1.0000000000000007,3.309253154521718e-17,25.758708154917404,25.758708154917397,0.42123361828656397,False,False
18,1,16,-0.09,0.06,ok,ok,-0.057147927726219926,0.39983635539033047,False,True,False,True,False,0.9999999999999996,-0.9999999999999996,2.408389982111099e-17,25.663819929968422,25.663819929968408,0.3998601426668756,False,False
18,1,17,-0.09,0.07,ok,ok,-0.05711269046844604,0.3797167581663332,False,True,False,True,False,0.9999999999999994,-1.0,1.2005359138745378e-16,25.57257208914909,25.572572089149087,0.3797245818076801,False,False
18,1,18,-0.09,0.08,ok,ok,-0.05707365103828673,0.3607251333590964,False,True,False,True,False,0.9999999999999999,-0.9999999999999996,-1.122789057498526e-16,25.484860327416566,25.484860327416573,0.36071698202998426,False,False
18,1,19,-0.09,0.09,ok,ok,-0.05703113634108324,0.34276515041243194,False,True,False,True,False,0.9999999999999991,-0.999999999999999,2.69878438891833e-17,25.400578877427893,25.40057887742789,0.3427409472954431,False,False
18,1,20,-0.09,0.1,ok,ok,-0.05698546045048394,0.325751947495017,False,True,False,True,False,1.0000000000000002,-1.0000000000000002,-4.1663935289418696e-17,25.31962091517656,25.319620915176564,0.3257115517871598,False,False
18,2,0,-0.08,-0.1,ok,ok,-0.05689819653310033,1.049050841499191,False,True,False,True,False,0.9999999999999993,-0.9999999999999993,1.369723832308741e-17,22.944729823753665,22.944729823753672,1.04966724754828,False,False
18,2,1,-0.08,-0.09,ok,ok,-0.056972107688079,0.9707401995200784,False,True,False,True,False,1.0,-1.0000000000000002,-2.6994907466820643e-17,23.26540930388815,23.265409303888152,0.9710652450785678,False,False
18,2,2,-0.08,-0.08,ok,ok,-0.05703671227029286,0.9015619641977006,False,True,False,True,False,0.9999999999999983,-0.9999999999999991,1.4255820435451544e-17,23.573149336810616,23.57314933681062,0.9018568965876417,False,False
18,2,3,-0.08,-0.07,ok,ok,-0.05709212748454304,0.8401525887164752,False,True,False,True,False,1.0000000000000002,-1.0,1.708676164624964e-17,23.868642929638085,23.868642929638085,0.840420119262431,False,False
18,2,4,-0.08,-0.06,ok,ok,-0.05713858760610555,0.7852329175907397,False,True,False,True,False,0.9999999999999997,-0.9999999999999996,-1.6328825748606677e-17,24.152511219282264,24.152511219282264,0.7854752706496123,False,False
18,2,5,-0.08,-0.05,ok,ok,-0.05385883488603495,1.658111374910682,False,True,False,True,False,0.9999999999999993,-0.999999999999999,3.850497479669123e-09,24.42531598166334,24.425315981663346,2.5132037956415467,False,False
18,2,6,-0.08,-0.04,ok,ok,-0.05720592643389112,0.6909873674419121,False,True,False,True,False,0.9999999999999986,-0.999999999999999,-1.970686495959925e-17,24.68756957124458,24.68756957124458,0.6911845515245586,False,False
18,2,7,-0.08,-0.03,ok,ok,-0.057227545875465975,0.650178493769861,False,True,False,True,False,0.9999999999999986,-0.9999999999999989,-4.3574343227135053e-17,24.939742863010313,24.939742863010313,0.6503551109094092,False,False
18,2,8,-0.08,-0.02,ok,ok,-0.05724166029155358,0.6128144850908795,False,True,False,True,False,0.9999999999999993,-0.9999999999999993,-2.0924344187582023e-17,25.182271631000226,25.182271631000223,0.6129715791039425,False,False
18,2,9,-0.08,-0.01,ok,ok,-0.057248676731053355,0.5784476912423931,False,True,False,True,False,0.9999999999999997,-1.0,-4.957584174841158e-17,25.41556169534083,25.415561695340834,0.5785861258325395,False,False
18,2,10,-0.08,0.0,ok,ok,-0.057249003183632075,0.5467062652078032,False,True,False,True,False,1.0,-0.9999999999999997,-7.443140286238556e-17,25.63999309354915,25.63999309354915,0.5468267512627205,False,False
18,2,11,-0.08,0.01,ok,ok,-0.05724304441247026,0.5172790632476131,False,True,False,True,False,1.0000000000000002,-1.0000000000000002,-3.632473946603129e-17,25.855923474652,25.855923474651995,0.5173821803978765,False,False
18,2,12,-0.08,0.02,ok,ok,-0.057231199036519353,0.48990391396197625,False,True,False,True,False,0.999999999999999,-0.9999999999999991,6.120133841996585e-17,26.040882415644205,26.0408824156442,0.4899901276480115,False,False
18,2,13,-0.08,0.03,ok,ok,-0.05721385747862553,0.4643584346374934,False,True,False,True,False,1.0000000000000002,-1.0000000000000002,-2.4379455418776484e-18,25.936230175117633,25.93623017511764,0.4644281096229628,False,False
18,2,14,-0.08,0.04,ok,ok,-0.057191400515999455,0.4404527892438754,False,True,False,True,False,1.0000000000000007,-1.0000000000000009,1.2715109508961634e-17,25.835471610832442,25.83547161083244,0.4405062002843622,False,False
18,2,15,-0.08,0.05,ok,ok,-0.057164198256424256,0.4180239372932396,False,True,False,True,False,0.999999999999999,-0.9999999999999988,-7.635667249985569e-17,25.738508041656445,25.738508041656452,0.418061277498606,False,False
18,2,16,-0.08,0.06,ok,ok,-0.057132609403158216,0.39693103634130544,False,True,False,True,False,1.0000000000000002,-1.0000000000000002,-4.256245560449652e-17,25.645238335564827,25.64523833556483,0.3969524236407789,False,False
18,2,17,-0.08,0.07,ok,ok,-0.05709698072566477,0.37705174309730294,False,True,False,True,False,0.9999999999999994,-0.9999999999999999,-5.489539494380459e-18,25.555559309307185,25.55555930930719,0.3770572251160667,False,False
18,2,18,-0.08,0.08,ok,ok,-0.05705764666203657,0.3582792193998781,False,True,False,True,False,0.9999999999999983,-0.9999999999999983,2.680798334515562e-18,25.46936613132208,25.46936613132208,0.3582687769692773,False,False
18,2,19,-0.08,0.09,ok,ok,-0.057014929015317434,0.3405196946731733,False,True,False,True,False,0.9999999999999996,-0.9999999999999994,1.3790993663847246e-17,25.386552723462266,25.386552723462277,0.3404932442027312,False,False
18,2,20,-0.08,0.1,ok,ok,-0.05696913669649737,0.32369047015029606,False,True,False,True,False,1.000000000000001,-1.0000000000000007,-6.259975389127157e-17,25.307012157306964,25.307012157306964,0.32364786492344133,False,False
18,3,0,-0.07,-0.1,ok,ok,-0.04986439381489022,-0.9041487760733764,True,True,False,True,False,0.9999999999999991,-0.9999999999999993,2.1594106132000487e-16,23.028532797783225,23.028532797783225,1.9834627129271658,False,False
18,3,1,-0.07,-0.09,ok,ok,-0.056976518272938974,0.9567518723686512,False,True,False,True,False,1.0000000000000007,-1.0,-6.069908870327805e-17,23.345535411796938,23.345535411796927,0.9570708213424851,False,False
18,3,2,-0.07,-0.08,ok,ok,-0.05703895701275401,0.8893933786842186,False,True,False,True,False,0.9999999999999999,-0.999999999999999,-2.848157894879518e-17,23.649778612686283,23.649778612686283,0.8896828669424174,False,False
18,3,3,-0.07,-0.07,ok,ok,-0.05709230356815487,0.8294882112380566,False,True,False,True,False,0.9999999999999986,-0.9999999999999983,5.705857257455737e-17,23.941937408653914,23.94193740865391,0.8297508317877869,False,False
18,3,4,-0.07,-0.06,ok,ok,-0.057136809849586113,0.775824242678005,False,True,False,True,False,0.9999999999999993,-0.9999999999999991,5.599589413063321e-17,24.222618381161237,24.222618381161237,0.7760621266401256,False,False
18,3,5,-0.07,-0.05,ok,ok,-0.05717279550702149,0.7274335810821384,False,True,False,True,False,0.9999999999999994,-1.0000000000000002,6.020954586913823e-17,24.492371437230716,24.492371437230716,0.7276484883573793,False,False
18,3,6,-0.07,-0.04,ok,ok,-0.05720062242000746,0.6835363276504745,False,True,False,True,False,0.9999999999999986,-0.9999999999999986,-9.135446585659457e-17,24.751699165544203,24.751699165544203,0.6837297164724531,False,False
18,3,7,-0.07,-0.03,ok,ok,-0.057220677537498585,0.6434985932145125,False,True,False,True,False,0.9999999999999993,-0.9999999999999993,4.412149744194827e-17,25.0010643260687,25.0010643260687,0.6436716739310825,False,False
18,3,8,-0.07,-0.02,ok,ok,-0.05723336121487163,0.6068008799289808,False,True,False,True,False,0.999999999999999,-0.9999999999999993,-2.3346281412223727e-17,25.240895876055816,25.240895876055816,0.6069546568894588,False,False
18,3,9,-0.07,-0.01,ok,ok,-0.05723907921092669,0.5730140607041443,False,True,False,True,False,0.9999999999999997,-0.9999999999999996,9.228226525334473e-18,25.471593841124122,25.47159384112413,0.573149365090063,False,False
18,3,10,-0.07,0.0,ok,ok,-0.05723823714875261,0.5417809752868857,False,True,False,True,False,0.9999999999999991,-0.9999999999999991,3.739064705316785e-20,25.693533269789796,25.693533269789803,0.5418984909788227,False,False
18,3,11,-0.07,0.01,ok,ok,-0.057231236653838904,0.5128022137333182,False,True,False,True,False,1.0000000000000002,-1.0000000000000002,2.632832498173396e-17,25.90706745683473,25.907067456834728,0.5129024977699382,False,False
18,3,12,-0.07,0.02,ok,ok,-0.057218472646770706,0.48582504779556807,False,True,False,True,False,1.0000000000000004,-1.0000000000000007,6.608734542159859e-17,26.016065816001177,26.016065816001163,0.48590854658911764,False,False
18,3,13,-0.07,0.03,ok,ok,-0.05720033143805933,0.46063474786809516,False,True,False,True,False,1.0,-0.9999999999999997,-7.073435717829341e-17,25.91315338615168,25.913153386151677,0.4607018100542042,False,False
18,3,14,-0.07,0.04,ok,ok,-0.057177189385322125,0.4370477223237987,False,True,False,True,False,0.9999999999999996,-0.9999999999999996,9.979599778524062e-17,25.814087340558892,25.814087340558903,0.43709860890455426,False,False
18,3,15,-0.07,0.05,ok,ok,-0.05714941194331999,0.41490605897298705,False,True,False,True,False,0.9999999999999999,-0.9999999999999999,1.7907181509850496e-17,25.718767908027107,25.718767908027107,0.4149409512748949,False,False
18,3,16,-0.07,0.06,ok,ok,-0.057117352988828106,0.3940731536871497,False,True,False,True,False,1.0000000000000002,-0.9999999999999997,1.1963467060687844e-18,25.62709309451046,25.62709309451046,0.3940921594992127,False,False
18,3,17,-0.07,0.07,ok,ok,-0.0570813543317447,0.3744301874740929,False,True,False,True,False,0.999999999999999,-0.9999999999999994,-1.8834787185035275e-17,25.538959078471503,25.538959078471503,0.37443334565009007,False,False
18,3,18,-0.07,0.08,ok,ok,-0.057041745354920015,0.3558732701987629,False,True,False,True,False,1.0000000000000002,-0.9999999999999997,-3.464483229454408e-17,25.45426060743284,25.454260607432847,0.35586055400169425,False,False
18,3,19,-0.07,0.09,ok,ok,-0.056998842735345334,0.33831111153723187,False,True,False,True,False,0.9999999999999986,-0.9999999999999981,5.463654829194088e-17,25.37289139149801,25.37289139149801,0.33828243084720966,False,False
18,3,20,-0.07,0.1,ok,ok,-0.05695295022647489,0.3216631115296094,False,True,False,True,False,0.9999999999999988,-0.999999999999999,-9.50738303746574e-17,25.29474448984784,25.294744489847847,0.32161831386496637,False,False
18,4,0,-0.06,-0.1,ok,ok,-0.05691109125922374,1.017325627050876,False,True,False,True,False,0.999999999999999,-0.9999999999999996,6.05353668149038e-18,23.111438210654654,23.11143821065466,1.017703897570446,False,False
18,4,1,-0.06,-0.09,ok,ok,-0.05698055130247004,0.9431466533672943,False,True,False,True,False,1.0000000000000002,-0.9999999999999997,-1.1503872542725962e-17,23.4247970666105,23.424797066610495,0.9434596432658364,False,False
18,4,2,-0.06,-0.08,ok,ok,-0.057040849125312126,0.8775369859672444,False,True,False,True,False,1.0000000000000007,-1.0000000000000007,4.468327863520477e-17,23.725573219113546,23.72557321911354,0.8778211413022129,False,False
18,4,3,-0.06,-0.07,ok,ok,-0.05709215636943355,0.8190811450105813,False,True,False,True,False,0.9999999999999999,-0.9999999999999993,4.2095648823757653e-17,24.014424509410777,24.014424509410777,0.8193389464989488,False,False
18,4,4,-0.06,-0.06,ok,ok,-0.05713474074579406,0.7666299846160016,False,True,False,True,False,0.9999999999999989,-0.9999999999999993,-8.553423614372072e-18,24.291943586864324,24.291943586864324,0.7668634746554907,False,False
18,4,5,-0.06,-0.05,ok,ok,-0.057168931118104255,0.719263577293593,False,True,False,True,False,0.9999999999999991,-0.9999999999999989,-9.266268292202632e-17,24.558668954553713,24.558668954553717,0.7194744450088923,False,False
18,4,6,-0.06,-0.04,ok,ok,-0.0571950941879846,0.6762388879658516,False,True,False,True,False,1.0000000000000002,-1.0000000000000007,-3.723454456738856e-17,24.81509377964231,24.815093779642307,0.6764285346102912,False,False
18,4,7,-0.06,-0.03,ok,ok,-0.05721361875764015,0.6369506112935422,False,True,False,True,False,1.0,-0.9999999999999999,5.510354524736533e-17,25.06167295917338,25.06167295917338,0.6371202009362614,False,False
18,4,8,-0.06,-0.02,ok,ok,-0.057224904999727724,0.6009016024693851,False,True,False,True,False,1.0000000000000002,-1.0000000000000002,-3.766112040882568e-17,25.298828815264777,25.29882881526477,0.6010521015559871,False,False
18,4,9,-0.06,-0.01,ok,ok,-0.05722935707316762,0.5676803581238763,False,True,False,True,False,1.0000000000000007,-1.0000000000000002,1.0670320917897693e-16,25.52695570689964,25.52695570689964,0.5678125665425496,False,False
18,4,10,-0.06,0.0,ok,ok,-0.057227377999697016,0.5369437221466263,False,True,False,True,False,1.0,-0.9999999999999999,-5.965425212555809e-17,25.746423780522377,25.746423780522377,0.5370582977460935,False,False
18,4,11,-0.06,0.01,ok,ok,-0.05721936608536611,0.5084034963493904,False,True,False,True,False,0.9999999999999997,-0.9999999999999997,4.4095451822793836e-17,25.957582032593805,25.957582032593805,0.5085009743579575,False,False
18,4,12,-0.06,0.02,ok,ok,-0.05720571240917827,0.4818159935198964,False,True,False,True,False,1.0000000000000002,-0.9999999999999999,-2.2177300728472358e-17,25.991770938019872,25.991770938019865,0.48189680195474643,False,False
18,4,13,-0.06,0.03,ok,ok,-0.05718679905658164,0.45697382531559705,False,True,False,True,False,0.9999999999999999,-0.9999999999999999,-1.8273620512350377e-17,25.890575717113727,25.89057571711373,0.45703829720019357,False,False
18,4,14,-0.06,0.04,ok,ok,-0.05716299787488691,0.43369940106645916,False,True,False,True,False,0.9999999999999994,-0.9999999999999996,6.720316952039022e-18,25.793179119968716,25.793179119968713,0.4337477840846502,False,False
18,4,15,-0.06,0.05,ok,ok,-0.05713466959639903,0.41183974569843945,False,True,False,True,False,0.9999999999999999,-0.9999999999999997,4.274751555279533e-17,25.699480403352087,25.699480403352087,0.4118722097536733,False,False
18,4,16,-0.06,0.06,ok,ok,-0.05710216321716241,0.3912623423322594,False,True,False,True,False,0.999999999999999,-0.9999999999999991,-2.8612797586404588e-18,25.609376824625784,25.60937682462578,0.3912789853694113,False,False
18,4,17,-0.06,0.07,ok,ok,-0.05706581554944602,0.3718517762019494,False,True,False,True,False,1.0,-0.9999999999999993,3.305929838092081e-17,25.52276403197374,25.522764031973743,0.3718526285958962,False,False
18,4,18,-0.06,0.08,ok,ok,-0.05702595089704699,0.35350700937190455,False,True,False,True,False,0.9999999999999997,-0.9999999999999999,-2.2551377695816956e-18,25.439536453897986,25.439536453897983,0.35349203700971427,False,False
18,4,19,-0.06,0.09,ok,ok,-0.05698288080015178,0.3361391547950519,False,True,False,True,False,0.9999999999999994,-0.9999999999999993,3.296840055238087e-17,25.359587683973317,25.35958768397331,0.33610826115736336,False,False
18,4,20,-0.06,0.1,nonconverged_hf,skipped_nonconverged_hf,nan,nan,False,False,True,True,False,0.9999999999999994,-0.9999999999999994,-4.151775238918763e-06,25.282810857096234,25.282810857096234,1.030218240286336,False,False
18,5,0,-0.05,-0.1,ok,ok,-0.056916947767004095,1.0020796285580569,False,True,False,True,False,1.0,-0.9999999999999994,-4.350932879967728e-17,23.193444911781732,23.193444911781732,1.0024179201618,False,False
18,5,1,-0.05,-0.09,ok,ok,-0.055608489463034164,1.3272410938255756,False,True,False,True,False,0.9999999999999991,-0.9999999999999996,6.432892715112842e-17,23.50319311551874,23.503193115518737,2.070794831703313,False,False
18,5,2,-0.05,-0.08,ok,ok,-0.05704239405861389,0.8659828965829698,False,True,False,True,False,0.9999999999999988,-0.9999999999999994,-3.804241265670824e-17,23.800532156513036,23.800532156513036,0.8662618266996791,False,False
18,5,3,-0.05,-0.07,ok,ok,-0.057091692225189956,0.8089239888985525,False,True,False,True,False,0.9999999999999994,-0.9999999999999996,-7.24313894024646e-19,24.08610348848649,24.086103488486483,0.8091770597014538,False,False
18,5,4,-0.05,-0.06,ok,ok,-0.05713238719316592,0.757644564195915,False,True,False,True,False,0.9999999999999996,-1.0,-3.859464777922508e-18,24.360486413231797,24.36048641323179,0.7578737336228811,False,False
18,5,5,-0.05,-0.05,ok,ok,-0.05716481591016902,0.7112699039975467,False,True,False,True,False,0.9999999999999997,-0.9999999999999999,8.994838317614771e-18,24.62420846621699,24.624208466216995,0.7114767936303927,False,False
18,5,6,-0.05,-0.04,ok,ok,-0.05718934912549021,0.6690918091475591,False,True,False,True,False,1.0,-1.0000000000000002,-5.930364868795412e-17,24.877753716363543,24.877753716363543,0.6692777657350958,False,False
18,5,7,-0.05,-0.03,ok,ok,-0.057206376950469234,0.6305320526583471,False,True,False,True,False,0.9999999999999983,-0.9999999999999986,4.6083160146530475e-17,25.121569434652393,25.121569434652393,0.6306981959049973,False,False
18,5,8,-0.05,-0.02,ok,ok,-0.057216298982619374,0.5951147155144066,False,True,False,True,False,0.9999999999999996,-0.9999999999999996,-9.592947663557796e-17,25.35607147884354,25.356071478843532,0.5952619754559209,False,False
18,5,9,-0.05,-0.01,ok,ok,-0.05721951749050325,0.5624450670939619,False,True,False,True,False,1.0000000000000004,-1.0000000000000007,-2.992327069576428e-17,25.581648661583095,25.5816486615831,0.5625742135023958,False,False
18,5,10,-0.05,0.0,ok,ok,-0.057216432674373596,0.5321933079779104,False,True,False,True,False,1.0,-1.0000000000000004,-7.983715994057677e-17,25.798666309110082,25.798666309110082,0.5323049736066338,False,False
18,5,11,-0.05,0.01,ok,ok,-0.057207439350645733,0.504081955441294,False,True,False,True,False,0.9999999999999997,-0.9999999999999999,-2.1582278861015178e-17,26.007469172333472,26.00746917233348,0.5041766544613641,False,False
18,5,12,-0.05,0.02,ok,ok,-0.05719292462375337,0.47787598018577326,False,True,False,True,False,1.0,-0.9999999999999999,-1.206112368278911e-17,25.96799074732446,25.967990747324457,0.47795412283006355,False,False
18,5,13,-0.05,0.03,ok,ok,-0.05717326624889026,0.45337503735761703,False,True,False,True,False,0.9999999999999993,-0.9999999999999989,-5.622318472751981e-17,25.86848996123928,25.86848996123928,0.4534369415424092,False,False
18,5,14,-0.05,0.04,ok,ok,-0.05714883148133952,0.43040730434217167,False,True,False,True,False,1.0,-0.9999999999999994,2.0835629446986135e-17,25.77273962699284,25.77273962699283,0.43045320484514193,False,False
18,5,15,-0.05,0.05,ok,ok,-0.05711997626808371,0.40882455984137717,False,True,False,True,False,0.9999999999999994,-0.9999999999999991,-2.4708812546379773e-17,25.680638144295475,25.680638144295465,0.4088546154914271,False,False
18,5,16,-0.05,0.06,ok,ok,-0.057087044676753455,0.3884982291055717,False,True,False,True,False,1.0000000000000002,-1.0000000000000002,-7.149278914719039e-17,25.59208213200701,25.592082132007004,0.3885125283164145,False,False
18,5,17,-0.05,0.07,ok,ok,-0.05705036849264129,0.3693161861233692,False,True,False,True,False,1.0000000000000002,-0.9999999999999999,6.330615144130227e-17,25.506966812475504,25.506966812475493,0.3693147510232576,False,False
18,5,18,-0.05,0.08,ok,ok,-0.057010266916423594,0.35118015255751683,False,True,False,True,False,0.9999999999999996,-0.9999999999999996,-4.871699933087098e-17,25.425186393349087,25.425186393349087,0.3511629419282982,False,False
18,5,19,-0.05,0.09,ok,ok,-0.056967046350189204,0.33400357024677085,False,True,False,True,False,1.0000000000000002,-1.0000000000000007,1.5837418668027665e-17,25.34663444306405,25.34663444306406,0.33397048138542484,False,False
18,5,20,-0.05,0.1,ok,ok,-0.05692100022022438,0.3177098518269681,False,True,False,True,False,0.9999999999999997,-0.9999999999999989,-2.909987881257845e-17,25.27120425647207,25.271204256472068,0.3176607215188601,False,False
18,6,0,-0.04,-0.1,ok,ok,-0.049968282257559116,-0.9688173293784677,True,True,False,True,False,1.0000000000000002,-1.0000000000000002,-7.737417096181864e-16,23.274552116582772,23.27455211658278,1.84826008962443,False,False
18,6,1,-0.04,-0.09,ok,ok,-0.056987501526390566,0.9170329002949142,False,True,False,True,False,1.0000000000000004,-1.0,7.741086070649668e-17,23.580722783843786,23.580722783843786,0.9173343656117495,False,False
18,6,2,-0.04,-0.08,ok,ok,-0.05170040280026286,-0.6402850770161529,True,True,False,True,False,0.9999999999999997,-0.9999999999999994,9.189303122422859e-14,23.874654803832886,23.87465480383289,2.311300089164419,False,False
18,6,3,-0.04,-0.07,ok,ok,-0.05714732680732585,1.9885281049017431,False,True,False,True,False,0.9999999999999997,-0.9999999999999996,-3.683133671683591e-12,24.156973973127872,24.15697397312788,2.4286904630001502,False,False
18,6,4,-0.04,-0.06,ok,ok,-0.05712975626515003,0.748862598754839,False,True,False,True,False,1.0000000000000002,-0.9999999999999999,4.022250827616929e-17,24.42824679421622,24.42824679421622,0.7490875190938004,False,False
18,6,5,-0.04,-0.05,ok,ok,-0.05716045723034232,0.7034484581848747,False,True,False,True,False,0.9999999999999997,-1.0,4.046736325734789e-17,24.688990244549622,24.688990244549622,0.7036514299187651,False,False
18,6,6,-0.04,-0.04,ok,ok,-0.0571833946914895,0.6620919405971519,False,True,False,True,False,0.999999999999999,-0.9999999999999988,3.924778558687582e-17,24.939679598497577,24.939679598497587,0.6622742583234019,False,False
18,6,7,-0.04,-0.03,ok,ok,-0.05719895956180418,0.6242404797166371,False,True,False,True,False,0.9999999999999996,-0.9999999999999994,5.439349297373602e-17,25.180754723646018,25.180754723646007,0.6244032205992697,False,False
18,6,8,-0.04,-0.02,ok,ok,-0.057207550496676605,0.5894383181022137,False,True,False,True,False,0.9999999999999996,-1.0,-6.535643981911299e-17,25.412625174063137,25.412625174063145,0.5895823771947633,False,False
18,6,9,-0.04,-0.01,ok,ok,-0.05720956760225258,0.557306692497252,False,True,False,True,False,0.9999999999999996,-0.9999999999999996,-5.2568551110215225e-18,25.635674329350028,25.635674329350028,0.5574328105837023,False,False
18,6,10,-0.04,0.0,ok,ok,-0.05720540805118477,0.5275285459497201,False,True,False,True,False,1.0000000000000002,-1.0000000000000002,-7.548617802264241e-17,25.850262772757844,25.850262772757844,0.5276373315880906,False,False
18,6,11,-0.04,0.01,ok,ok,-0.05719546301148736,0.49983663930334504,False,True,False,True,False,1.0000000000000002,-1.0,-4.023477698628038e-18,26.046349710992153,26.04634971099216,0.49992858633244514,False,False
18,6,12,-0.04,0.02,ok,ok,-0.0571801154892848,0.47400423607512704,False,True,False,True,False,1.0000000000000002,-1.0,3.381025977980949e-18,25.94471811480601,25.94471811480601,0.4740797375344689,False,False
18,6,13,-0.04,0.03,ok,ok,-0.05715973881326317,0.44983775053987307,False,True,False,True,False,1.0000000000000007,-1.0000000000000004,8.457091780560516e-17,25.846888842406877,25.846888842406873,0.4498971097220625,False,False
18,6,14,-0.04,0.04,ok,ok,-0.057134695572301594,0.4271709052538458,False,True,False,True,False,0.9999999999999991,-0.9999999999999989,7.87130341539538e-17,25.752761493901566,25.75276149390157,0.42721434443923856,False,False
18,6,15,-0.04,0.05,ok,ok,-0.05710533687136644,0.40586005692276933,False,True,False,True,False,0.9999999999999991,-0.9999999999999991,3.514380690251336e-17,25.662233723781767,25.662233723781775,0.40588772420815705,False,False
18,6,16,-0.04,0.06,ok,ok,-0.05707200181155921,0.38578043353534713,False,True,False,True,False,1.0000000000000002,-1.0000000000000004,3.224660924273867e-17,25.575201619090162,25.575201619090148,0.38579240809233584,False,False
18,6,17,-0.04,0.07,ok,ok,-0.05703501712121817,0.36682308655936513,False,True,False,True,False,0.9999999999999996,-0.9999999999999999,-5.22122863988483e-18,25.491560077178722,25.49156007717873,0.3668193825196997,False,False
18,6,18,-0.04,0.08,ok,ok,-0.05699469689119703,0.34889240811093203,False,True,False,True,False,0.9999999999999999,-1.0000000000000002,4.3609955347988316e-17,25.4112031792693,25.411203179269286,0.34887297735900535,False,False
18,6,19,-0.04,0.09,ok,ok,-0.05695134237915157,0.33190409695990647,False,True,False,True,False,0.9999999999999989,-0.9999999999999993,3.2036915133281784e-17,25.33402455623365,25.33402455623365,0.33186883086125607,False,False
18,6,20,-0.04,0.1,nonconverged_hf,skipped_nonconverged_hf,nan,nan,False,False,True,True,False,0.9999999999999994,-0.9999999999999999,4.814484644857146e-06,25.25991774327861,25.2599177432786,1.0158606919253028,False,False
18,7,0,-0.03,-0.1,ok,ok,-0.05389035735835674,-0.8253486545676166,True,True,False,True,False,1.0000000000000002,-0.9999999999999999,-2.2558263536660494e-16,23.354759400343212,23.354759400343212,1.9916147117712075,False,False
18,7,1,-0.03,-0.09,ok,ok,-0.05699042826391014,0.9044995462653136,False,True,False,True,False,0.9999999999999989,-0.999999999999999,1.7267768056620516e-17,23.657385666590695,23.657385666590695,0.9047954371715637,False,False
18,7,2,-0.03,-0.08,ok,ok,-0.057044465853387565,0.8437441519343939,False,True,False,True,False,0.9999999999999994,-0.9999999999999996,1.825409265802085e-19,23.947940908602963,23.947940908602956,0.8440129415213511,False,False
18,7,3,-0.03,-0.07,ok,ok,-0.05708983965393208,0.7893312298794412,False,True,False,True,False,0.9999999999999991,-0.9999999999999983,9.744213903634156e-18,24.22703595040054,24.22703595040054,0.7895750947629491,False,False
18,7,4,-0.03,-0.06,ok,ok,-0.05712685519140086,0.7402788938705934,False,True,False,True,False,1.0,-0.9999999999999996,-1.7849285432939667e-17,24.49522500955936,24.495225009559356,0.7404996349356538,False,False
18,7,5,-0.03,-0.05,ok,ok,-0.057155862527707324,0.6957952647783895,False,True,False,True,False,1.0000000000000002,-0.9999999999999999,-1.4178114696693248e-18,24.753014890144414,24.75301489014441,0.6959943775551851,False,False
18,7,6,-0.03,-0.04,ok,ok,-0.05717723840179059,0.655236217508233,False,True,False,True,False,1.0,-0.9999999999999999,-1.8190571881116228e-17,25.00087235738951,25.00087235738951,0.6554149466801679,False,False
18,7,7,-0.03,-0.03,ok,ok,-0.05719137405592656,0.6180735111837674,False,True,False,True,False,1.0000000000000002,-1.0000000000000007,-7.4950618812863615e-19,25.239230084932906,25.239230084932906,0.6182328931136598,False,False
18,7,8,-0.03,-0.02,ok,ok,-0.057198666860434594,0.5838705449617215,False,True,False,True,False,0.9999999999999996,-0.9999999999999996,1.5128424422970745e-17,25.468491474430003,25.468491474430003,0.5840114410857382,False,False
18,7,9,-0.03,-0.01,ok,ok,-0.057199514504556064,0.5522637605346288,False,True,False,True,False,0.9999999999999996,-0.9999999999999997,-3.112464268020328e-17,25.689034579251643,25.68903457925165,0.5523868837299346,False,False
18,7,10,-0.03,0.0,ok,ok,-0.057194310940746514,0.5229482605936815,False,True,False,True,False,0.9999999999999999,-0.9999999999999999,2.1186730585345773e-17,25.90121531261672,25.90121531261672,0.523054196087557,False,False
18,7,11,-0.03,0.01,ok,ok,-0.057183443540772066,0.49566660078321356,False,True,False,True,False,1.0,-0.9999999999999996,1.0866374008288833e-16,26.021880973548388,26.021880973548377,0.4957558227809959,False,False
18,7,12,-0.03,0.02,ok,ok,-0.057167291098173194,0.4701999894038929,False,True,False,True,False,0.9999999999999994,-0.9999999999999994,3.737576591619942e-17,25.9219458276646,25.921945827664615,0.4702728743224103,False,False
18,7,13,-0.03,0.03,ok,ok,-0.05714622242725653,0.44636132832969033,False,True,False,True,False,1.0000000000000002,-1.0000000000000002,-4.620337232225788e-17,25.825765025380704,25.825765025380715,0.4464181653093741,False,False
18,7,14,-0.03,0.04,ok,ok,-0.05712059538287684,0.4239896719474935,False,True,False,True,False,0.9999999999999993,-0.9999999999999994,-2.0159047525341645e-17,25.733237316717286,25.73323731671728,0.42403067116279475,False,False
18,7,15,-0.03,0.05,ok,ok,-0.05709075617961712,0.40294578641114576,False,True,False,True,False,1.0000000000000004,-1.0000000000000009,-5.612670900194807e-17,25.644259719560292,25.644259719560292,0.402971085557163,False,False
18,7,16,-0.03,0.06,ok,ok,-0.05705703891683028,0.3831085684664798,False,True,False,True,False,0.9999999999999996,-0.9999999999999997,-3.49823179719348e-17,25.558727892362402,25.558727892362413,0.38311823775255344,False,False
18,7,17,-0.03,0.07,ok,ok,-0.05701976524819785,0.3643721400068744,False,True,False,True,False,0.9999999999999999,-1.0000000000000004,-1.8413013079259578e-18,25.47653650469052,25.476536504690525,0.36436618583429053,False,False
18,7,18,-0.03,0.08,ok,ok,-0.056979244142545335,0.3466434775872682,False,True,False,True,False,1.0,-1.0000000000000002,-2.843758190109038e-17,25.39757960202836,25.397579602028365,0.34662184515321637,False,False
18,7,19,-0.03,0.09,ok,ok,-0.056935771725763855,0.32984046750887863,False,True,False,True,False,1.0000000000000007,-1.0,-2.4320627333897635e-19,25.321750961462453,25.321750961462456,0.32980304238630137,False,False
18,7,20,-0.03,0.1,nonconverged_hf,skipped_nonconverged_hf,nan,nan,False,False,True,True,False,0.9999999999999989,-0.9999999999999993,-9.94171980646732e-07,25.24894443515879,25.248944435158798,1.0357748277739283,False,False
18,8,0,-0.02,-0.1,ok,ok,-0.05101484785611834,-1.9317648684997004,True,True,False,True,False,0.9999999999999991,-0.9999999999999997,1.6167474518502754e-15,23.434066691550264,23.434066691550267,1.9843770169384838,False,False
18,8,1,-0.02,-0.09,ok,ok,-0.0517036914324978,-0.5370249457195909,True,True,False,True,False,1.0000000000000004,-1.0000000000000002,-6.62275968164431e-14,23.7331817196565,23.7331817196565,2.1456832455760946,False,False
18,8,2,-0.02,-0.08,ok,ok,-0.05704500519972801,0.8330417376948785,False,True,False,True,False,0.9999999999999997,-1.0,-8.560941546080998e-18,24.02039057678468,24.02039057678468,0.8333056057457268,False,False
18,8,3,-0.02,-0.07,ok,ok,-0.057088465041547576,0.7798822127444639,False,True,False,True,False,0.9999999999999991,-0.9999999999999984,3.93707019636147e-17,24.296289756235996,24.296289756235996,0.7801215978207201,False,False
18,8,4,-0.02,-0.06,ok,ok,-0.05712369133954873,0.7318884354541266,False,True,False,True,False,1.0000000000000007,-1.0000000000000009,3.8847883426541894e-17,24.561421673441977,24.561421673441977,0.7321050654210957,False,False
18,8,5,-0.02,-0.05,ok,ok,-0.05715103933743189,0.6883064718456786,False,True,False,True,False,0.999999999999999,-0.9999999999999994,-2.9940234222178895e-17,24.81628332040661,24.816283320406594,0.6885017834160105,False,False
18,8,6,-0.02,-0.04,ok,ok,-0.057170887815091866,0.6485216581254734,False,True,False,True,False,1.0,-0.9999999999999996,-7.080374429297516e-17,25.06133322160209,25.061333221602094,0.648696848196468,False,False
18,8,7,-0.02,-0.03,ok,ok,-0.057183627903308186,0.6120288206783506,False,True,False,True,False,0.9999999999999997,-0.9999999999999997,-3.284211412313466e-17,25.296997053861116,25.296997053861116,0.6121848864702976,False,False
18,8,8,-0.02,-0.02,ok,ok,-0.05718965536709157,0.5784095659727478,False,True,False,True,False,0.9999999999999991,-0.9999999999999991,-4.229097389187905e-17,25.52367220899268,25.523672208992668,0.5785473366095071,False,False
18,8,9,-0.02,-0.01,ok,ok,-0.057189365241060705,0.5473148187367686,False,True,False,True,False,0.9999999999999997,-0.9999999999999997,-8.574561984088353e-17,25.74173151497285,25.74173151497285,0.5474349802251094,False,False
18,8,10,-0.02,0.0,ok,ok,-0.05718314807793117,0.518451288154592,False,True,False,True,False,1.0000000000000007,-1.0000000000000007,1.0529373493481675e-17,25.95152628404095,25.951526284040956,0.5185544032226649,False,False
18,8,11,-0.02,0.01,ok,ok,-0.05717138731604681,0.49157089776567253,False,True,False,True,False,0.9999999999999993,-0.999999999999999,-1.514762011747268e-17,25.99792807734926,25.997928077349272,0.49165742165830206,False,False
18,8,12,-0.02,0.02,ok,ok,-0.05715445743112502,0.4664624689979701,False,True,False,True,False,0.9999999999999993,-0.9999999999999994,-5.860345307272319e-17,25.899666600115374,25.899666600115385,0.4665327620598699,False,False
18,8,13,-0.02,0.03,ok,ok,-0.057132722642755394,0.44294513182748363,False,True,False,True,False,0.9999999999999996,-0.999999999999999,-2.4853160174272942e-17,25.80511112570523,25.80511112570523,0.4429994695042074,False,False
18,8,14,-0.02,0.04,ok,ok,-0.05710653601280344,0.42086306829621284,False,True,False,True,False,0.9999999999999994,-0.9999999999999997,-1.5115625144603975e-18,25.71415966427244,25.714159664272437,0.42090164903266625,False,False
18,8,15,-0.02,0.05,ok,ok,-0.05707623882205361,0.40008129237322965,False,True,False,True,False,0.9999999999999997,-1.0000000000000004,-2.944262793524303e-17,25.626708702415463,25.62670870241547,0.4001042437924345,False,False
18,8,16,-0.02,0.06,ok,ok,-0.05704216014033246,0.3804822408044901,False,True,False,True,False,0.9999999999999994,-0.9999999999999994,-7.59001530095693e-18,25.542653569724177,25.542653569724177,0.38048962443044315,False,False
18,8,17,-0.02,0.07,ok,ok,-0.05700461653246791,0.36196300287857736,False,True,False,True,False,0.9999999999999994,-0.9999999999999997,-1.2692941613325367e-17,25.461888801547396,25.461888801547396,0.3619548176241894,False,False
18,8,18,-0.02,0.08,ok,ok,-0.05696391184861403,0.34443305656284334,False,True,False,True,False,0.9999999999999991,-0.9999999999999991,1.8043303074135746e-17,25.384308494587852,25.38430849458786,0.34440924115116356,False,False
18,8,19,-0.02,0.09,ok,ok,-0.05692033708077275,0.32781240840069786,False,True,False,True,False,1.0000000000000002,-0.9999999999999999,1.2140675024963695e-17,25.309806652163182,25.309806652163182,0.32777284285760183,False,False
18,8,20,-0.02,0.1,ok,ok,-0.0568741702624732,0.31203005751963847,False,True,False,True,False,1.0000000000000002,-1.0000000000000002,1.0979682537008167e-19,25.238277516255376,25.238277516255383,0.3119745636793293,False,False
18,9,0,-0.01,-0.1,ok,ok,-0.056936503592026955,0.9452071197046545,False,True,False,True,False,1.0,-0.9999999999999996,6.534430764723407e-17,23.512474264749223,23.512474264749226,0.9455206908988836,False,False
18,9,1,-0.01,-0.09,ok,ok,-0.05699521187873196,0.8804220009668866,False,True,False,True,False,0.9999999999999999,-0.9999999999999996,-1.756090596775452e-17,23.808111250736356,23.808111250736346,0.8807070981528883,False,False
18,9,2,-0.01,-0.08,ok,ok,-0.04999163964804973,0.6129149543094845,False,True,False,True,False,0.9999999999999997,-0.9999999999999993,2.1128579049258484e-16,24.09200426244699,24.09200426244699,0.7312737415432595,False,False
18,9,3,-0.01,-0.07,ok,ok,-0.05708680107084517,0.770656252605169,False,True,False,True,False,1.0000000000000002,-0.9999999999999999,2.2622725355435962e-17,24.364736064401168,24.364736064401175,0.7708912370939469,False,False
18,9,4,-0.01,-0.06,ok,ok,-0.057120272197550524,0.7236863822215484,False,True,False,True,False,0.9999999999999999,-0.9999999999999999,6.987656226459187e-17,24.62683772312899,24.626837723128993,0.7238989676970841,False,False
18,9,5,-0.01,-0.05,ok,ok,-0.05714599526542085,0.680978346021833,False,True,False,True,False,0.9999999999999993,-0.9999999999999996,4.846459715957513e-17,24.878796758150912,24.87879675815092,0.6811699129936916,False,False
18,9,6,-0.01,-0.04,ok,ok,-0.057164350519526085,0.6419453611102307,False,True,False,True,False,0.9999999999999991,-0.9999999999999991,-2.5051270750112474e-17,25.121063705666,25.121063705665996,0.6421170607140769,False,False
18,9,7,-0.01,-0.03,ok,ok,-0.057175728568824205,0.6061041353607913,False,True,False,True,False,1.0,-0.9999999999999994,-1.1149977749802211e-17,25.3540574313943,25.35405743139429,0.6062569272567235,False,False
18,9,8,-0.01,-0.02,ok,ok,-0.057180523274274836,0.5730535856321816,False,True,False,True,False,0.9999999999999994,-0.9999999999999994,6.469226103378069e-17,25.578169451785715,25.578169451785726,0.5731882678799914,False,False
18,9,9,-0.01,-0.01,ok,ok,-0.05717912679416921,0.5424584359582928,False,True,False,True,False,0.9999999999999991,-0.9999999999999994,-4.2928597442636564e-17,25.79376746474083,25.79376746474083,0.542575668688397,False,False
18,9,10,-0.01,0.0,ok,ok,-0.05717192611449774,0.5140364769189036,False,True,False,True,False,0.9999999999999991,-0.9999999999999991,2.4690630721505845e-17,26.00119824700507,26.00119824700507,0.5141368011593095,False,False
18,9,11,-0.01,0.01,ok,ok,-0.05715930061323239,0.4875485938044061,False,True,False,True,False,0.9999999999999994,-0.9999999999999996,3.814911597747232e-17,25.97448380303224,25.974483803032257,0.4876324464886135,False,False
18,9,12,-0.01,0.02,ok,ok,-0.057141620352121426,0.4627909049098693,False,True,False,True,False,1.0,-1.0,1.1142474590642298e-17,25.87787308375191,25.877873083751908,0.46285863084222767,False,False
18,9,13,-0.01,0.03,ok,ok,-0.057119244883513456,0.4395885204434617,False,True,False,True,False,1.0000000000000009,-1.0000000000000009,-1.1396350811348071e-17,25.784919719248435,25.78491971924844,0.43964038181369364,False,False
18,9,14,-0.01,0.04,ok,ok,-0.05709252242331253,0.4177905546334252,False,True,False,True,False,0.999999999999999,-0.999999999999999,-2.043837146623288e-17,25.695521086913672,25.695521086913665,0.41782673853518104,False,False
18,9,15,-0.01,0.05,invalid_reference_chern,skipped_invalid_reference_chern,nan,nan,False,True,False,False,True,0.9999999999999996,-0.9999999999999996,0.13939463033819535,25.609573244024105,25.609573244024116,3.0005245320017133,False,False
18,9,16,-0.01,0.06,ok,ok,-0.05702736948222875,0.3779010521440416,False,True,False,True,False,0.9999999999999997,-1.0000000000000002,4.03420341731646e-17,25.526971287503994,25.526971287504004,0.37790616993971554,False,False
18,9,17,-0.01,0.07,ok,ok,-0.05698957448681383,0.35959532592685267,False,True,False,True,False,0.999999999999999,-0.999999999999999,-2.940834773800386e-17,25.447609708401817,25.447609708401817,0.3595849288759884,False,False
18,9,18,-0.01,0.08,ok,ok,-0.05694870303027687,0.34226083487804987,False,True,False,True,False,0.9999999999999989,-0.9999999999999993,-8.547988677463391e-17,25.371382737883852,25.371382737883852,0.34223485545255056,False,False
18,9,19,-0.01,0.09,ok,ok,-0.05690504099058602,0.32581964102541494,False,True,False,True,False,1.0,-1.0000000000000002,-1.722115500709115e-17,25.29818468178937,25.298184681789373,0.3257779538310885,False,False
18,9,20,-0.01,0.1,ok,ok,-0.05685886130256279,0.31020249736778915,False,True,False,True,False,1.0,-1.0000000000000002,7.654446598091936e-18,25.227910241082657,25.227910241082647,0.3101449196690704,False,False
18,10,0,0.0,-0.1,ok,ok,-0.05694044532579192,0.9319744306620789,False,True,False,True,False,0.9999999999999993,-0.999999999999999,-3.1877374198398057e-18,23.58998273296815,23.58998273296815,0.9322821776263578,False,False
18,10,1,0.0,-0.09,ok,ok,-0.05699708059102889,0.8688562013780351,False,True,False,True,False,0.9999999999999994,-0.999999999999999,-4.898539234623589e-19,23.8821749099649,23.8821749099649,0.8691360715844916,False,False
18,10,2,0.0,-0.08,ok,ok,-0.057045123992387654,0.812429163527322,False,True,False,True,False,0.9999999999999996,-0.9999999999999996,3.514864927475879e-18,24.16278275730081,24.162782757300807,0.8126834714636215,False,False
18,10,3,0.0,-0.07,ok,ok,-0.057084855093473795,0.7616472623087984,False,True,False,True,False,1.0000000000000002,-1.0000000000000007,-2.1132352971341492e-18,24.432375875416984,24.43237587541698,0.7618779233870666,False,False
18,10,4,0.0,-0.06,ok,ok,-0.05711660535662979,0.7156680585282368,False,True,False,True,False,1.0000000000000002,-1.0000000000000002,-2.3745763469431274e-17,24.6914744076291,24.6914744076291,0.7158766646161874,False,False
18,10,5,0.0,-0.05,ok,ok,-0.05714073797350641,0.6738072681341772,False,True,False,True,False,1.0000000000000004,-1.0,5.741372114925364e-17,24.940556720263523,24.940556720263523,0.6739951460196902,False,False
18,10,6,0.0,-0.04,ok,ok,-0.05715763411973211,0.6355045030088832,False,True,False,True,False,0.9999999999999993,-0.9999999999999996,5.611083903295531e-17,25.18006559893125,25.180065598931254,0.6356727599927251,False,False
18,10,7,0.0,-0.03,ok,ok,-0.057167683500473174,0.6002972346152389,False,True,False,True,False,0.9999999999999996,-0.9999999999999997,3.8297449140639044e-17,25.41041327328625,25.41041327328625,0.6004467943071707,False,False
18,10,8,0.0,-0.02,ok,ok,-0.05717127779426845,0.5678008425271936,False,True,False,True,False,1.0000000000000004,-1.0000000000000004,6.242942079069182e-17,25.63198551141978,25.631985511419785,0.5679324731172528,False,False
18,10,9,0.0,-0.01,ok,ok,-0.05716880607670556,0.5376932023623391,False,True,False,True,False,0.9999999999999991,-0.9999999999999994,-2.294576355956578e-17,25.845144971392806,25.8451449713928,0.5378075390579474,False,False
18,10,10,0.0,0.0,ok,ok,-0.05716065161212719,0.5097026875140889,False,True,False,True,False,0.9999999999999978,-0.9999999999999978,9.487365914337045e-18,26.050233956687396,26.050233956687396,0.509800250411667,False,False
18,10,11,0.0,0.01,ok,ok,-0.05714718960143965,0.4835987585502826,False,True,False,True,False,1.0,-1.0,-9.586317522062398e-17,25.951540854816958,25.951540854816955,0.4836799668973038,False,False
18,10,12,0.0,0.02,ok,ok,-0.05712878560444481,0.45918452903527496,False,True,False,True,False,0.9999999999999996,-0.9999999999999996,-9.391920843207662e-17,25.856557877563166,25.856557877563166,0.45924971261043906,False,False
18,10,13,0.0,0.03,ok,ok,-0.05710579444153867,0.43629085255421163,False,True,False,True,False,1.0000000000000002,-1.0000000000000004,8.402632532522417e-17,25.765183351391897,25.765183351391897,0.4363402607207062,False,False
18,10,14,0.0,0.04,ok,ok,-0.05707855943734293,0.4147715883741626,False,True,False,True,False,0.9999999999999997,-0.9999999999999997,6.840603663619036e-18,25.677314124850852,25.677314124850845,0.4148053972318677,False,False
18,10,15,0.0,0.05,ok,ok,-0.05704741190310299,0.3944997871570803,False,True,False,True,False,0.9999999999999986,-0.9999999999999991,-6.405479739917436e-18,25.59284592446174,25.592845924461745,0.3945181051097689,False,False
18,10,16,0.0,0.06,ok,ok,-0.05701267079281437,0.3753645993831681,False,True,False,True,False,1.0000000000000004,-1.0000000000000007,3.225470380985144e-17,25.511673707130576,25.511673707130576,0.3753674713901336,False,False
18,10,17,0.0,0.07,ok,ok,-0.05697464247100359,0.3572687550230076,False,True,False,True,False,1.0000000000000002,-1.0000000000000004,-1.4515310132528096e-17,25.433692005878424,25.43369200587842,0.35725616571865876,False,False
18,10,18,0.0,0.08,nonconverged_hf,skipped_nonconverged_hf,nan,nan,False,False,True,True,False,0.9999999999999989,-0.9999999999999994,-4.26656911848288e-06,25.358795265892482,25.35879526589248,1.0190449267426283,False,False
18,10,19,0.0,0.09,ok,ok,-0.05688988584086954,0.3238618818359103,False,True,False,True,False,0.999999999999999,-0.9999999999999991,-1.0650358073173894e-17,25.286878168144412,25.286878168144415,0.3238180921296846,False,False
18,10,20,0.0,0.1,nonconverged_hf,skipped_nonconverged_hf,nan,nan,False,False,True,True,False,0.9999999999999994,-1.0,-4.588328325082494e-06,25.217835938117865,25.21783593811787,1.0130231906551954,False,False
18,11,0,0.01,-0.1,ok,ok,-0.05694401799300163,0.9191080900194155,False,True,False,True,False,0.9999999999999997,-0.9999999999999997,9.305847432152612e-17,23.666593039755206,23.666593039755213,0.9194101450879675,False,False
18,11,1,0.01,-0.09,ok,ok,-0.056998608993416564,0.8575921069362745,False,True,False,True,False,1.0000000000000002,-0.9999999999999996,7.737422240263986e-17,23.955373680328133,23.955373680328133,0.8578668586098589,False,False
18,11,2,0.01,-0.08,ok,ok,-0.05704471741437286,0.8025033584267104,False,True,False,True,False,0.9999999999999986,-0.9999999999999981,2.774103918804852e-17,24.232727180118754,24.23272718011875,0.8027530223808637,False,False
18,11,3,0.01,-0.07,ok,ok,-0.05708263460341337,0.7528493826621082,False,True,False,True,False,1.0000000000000002,-0.9999999999999999,9.633680195266612e-17,24.499210505447618,24.49921050544763,0.7530757955538215,False,False
18,11,4,0.01,-0.06,ok,ok,-0.0571126984948125,0.7078289475484284,False,True,False,True,False,1.0000000000000002,-0.9999999999999997,6.901394105464936e-17,24.755333276389848,24.75533327638985,0.7080336379134848,False,False
18,11,5,0.01,-0.05,ok,ok,-0.057135275165184796,0.6667897290203293,False,True,False,True,False,0.9999999999999986,-0.9999999999999986,-1.3911482141402816e-17,25.00156500644553,25.00156500644553,0.6669739722808493,False,False
18,11,6,0.01,-0.04,ok,ok,-0.057150746224432634,0.6291963358208709,False,True,False,True,False,1.0000000000000002,-1.0000000000000002,-4.942990483764105e-17,25.23834095453369,25.2383409545337,0.6293611972769716,False,False
18,11,7,0.01,-0.03,ok,ok,-0.05715950011861651,0.5946059487732275,False,True,False,True,False,0.9999999999999996,-0.9999999999999999,2.837011682222978e-17,25.466066879394422,25.466066879394422,0.5947523174255882,False,False
18,11,8,0.01,-0.02,ok,ok,-0.05716192608477822,0.5626496088172069,False,True,False,True,False,0.9999999999999994,-0.9999999999999997,-5.91391702663059e-17,25.685122920826966,25.68512292082697,0.5627782241289169,False,False
18,11,9,0.01,-0.01,ok,ok,-0.05715840992408275,0.5330177293894249,False,True,False,True,False,0.9999999999999994,-0.9999999999999994,-5.770134778621567e-17,25.89586678260896,25.89586678260896,0.5331292025598175,False,False
18,11,10,0.01,0.0,ok,ok,-0.05714933103600891,0.5054487931891425,False,True,False,True,False,1.0,-1.0,-2.921122313554658e-17,26.02613184667999,26.02613184667999,0.5055436241220307,False,False
18,11,11,0.01,0.01,ok,ok,-0.05713506033710984,0.4797204682154355,False,True,False,True,False,1.0000000000000004,-1.0000000000000002,7.133135814184736e-17,25.92909187098134,25.92909187098134,0.4797990590753733,False,False
18,11,12,0.01,0.02,ok,ok,-0.05711595880606565,0.455642575660211,False,True,False,True,False,0.9999999999999996,-0.9999999999999994,2.9687301763785427e-18,25.835713537599563,25.835713537599556,0.45570524169779686,False,False
18,11,13,0.01,0.03,ok,ok,-0.0570923764739444,0.43305148611734934,False,True,False,True,False,1.0,-0.9999999999999999,5.65424020045531e-17,25.74589454586631,25.745894545866296,0.43309846428531196,False,False
18,11,14,0.01,0.04,ok,ok,-0.057064651734142484,0.4118056246742549,False,True,False,True,False,0.9999999999999988,-0.9999999999999981,2.5500831303035972e-17,25.659531316153114,25.65953131615311,0.41183708041943373,False,False
18,11,15,0.01,0.05,ok,ok,-0.05703311087611133,0.39178184324395054,False,True,False,True,False,0.9999999999999994,-0.9999999999999993,-5.882352225180323e-17,25.57651933936133,25.57651933936133,0.3917978758172681,False,False
18,11,16,0.01,0.06,nonconverged_hf,skipped_nonconverged_hf,nan,nan,False,False,True,True,False,0.9999999999999999,-1.0000000000000002,3.431313387303075e-06,25.496753521466616,25.496753521466605,1.0440603405222852,False,False
18,11,17,0.01,0.07,ok,ok,-0.05695982369744894,0.3549829316310199,False,True,False,True,False,1.0,-0.9999999999999999,6.285373382234285e-19,25.420128520104118,25.420128520104118,0.35496816982573276,False,False
18,11,18,0.01,0.08,ok,ok,-0.05691866716944576,0.3380297251851338,False,True,False,True,False,0.9999999999999999,-0.9999999999999997,2.851568619351745e-17,25.346539070386193,25.34653907038619,0.3379994756536714,False,False
18,11,19,0.01,0.09,ok,ok,-0.05687487389642376,0.3219388427594397,False,True,False,True,False,1.0000000000000002,-0.9999999999999999,-2.2405504344802943e-19,25.27588029739901,25.27588029739902,0.3218929699039346,False,False
18,11,20,0.01,0.1,ok,ok,-0.056828706745940025,0.3066443934449967,False,True,False,True,False,0.9999999999999993,-0.9999999999999996,-6.806524627761909e-18,25.208048013120703,25.20804801312071,0.306582705810444,False,False
18,12,0,0.02,-0.1,ok,ok,-0.05694722724367621,0.9065953297703214,False,True,False,True,False,0.9999999999999996,-0.999999999999999,-2.1122928212535964e-17,23.74230645087236,23.74230645087236,0.9068918207080517,False,False
18,12,1,0.02,-0.09,ok,ok,-0.056999803756479756,0.8466200692276268,False,True,False,True,False,0.9999999999999989,-0.999999999999999,-1.3889854764075478e-17,24.027708867879614,24.027708867879618,0.8468898074252332,False,False
18,12,2,0.02,-0.08,ok,ok,-0.054699772123186434,0.5338056035399416,False,True,False,True,False,0.9999999999999997,-0.9999999999999999,-1.5212197335711084e-11,24.301838966069244,24.30183896606925,2.415873961832667,False,False
18,12,3,0.02,-0.07,ok,ok,-0.057080147218394016,0.744256972196245,False,True,False,True,False,0.9999999999999991,-0.999999999999999,2.692522671718904e-18,24.565241575184398,24.56524157518439,0.7444792102582184,False,False
18,12,4,0.02,-0.06,ok,ok,-0.05710855936106296,0.7001646847839994,False,True,False,True,False,0.9999999999999996,-0.9999999999999991,-1.1492810428289006e-16,24.81841616804507,24.81841616804507,0.7003655217127607,False,False
18,12,5,0.02,-0.05,ok,ok,-0.05712961457191287,0.6599223255314549,False,True,False,True,False,0.9999999999999994,-0.999999999999999,5.24744294422327e-18,25.061823688051522,25.06182368805151,0.6601029876210046,False,False
18,12,6,0.02,-0.04,ok,ok,-0.05714369443456764,0.6230181846628652,False,True,False,True,False,0.9999999999999989,-0.9999999999999988,6.877022883763309e-17,25.295892078488325,25.295892078488325,0.6231796969594531,False,False
18,12,7,0.02,-0.03,ok,ok,-0.05715118580572463,0.5890281578794775,False,True,False,True,False,0.9999999999999983,-0.9999999999999983,2.6251430877377884e-17,25.521020783141648,25.521020783141648,0.5891713761508162,False,False
18,12,8,0.02,-0.02,ok,ok,-0.057152475240188155,0.5575981897225966,False,True,False,True,False,0.999999999999999,-0.999999999999999,4.359270328544823e-17,25.737584427169104,25.737584427169104,0.5577238257988464,False,False
18,12,9,0.02,-0.01,ok,ok,-0.05714794508697757,0.5284306497172283,False,True,False,True,False,1.0,-1.0000000000000002,-9.023675492349705e-18,25.945935841318445,25.94593584131845,0.5285392916674554,False,False
18,12,10,0.02,0.0,ok,ok,-0.05713797074874417,0.5012736800678173,False,True,False,True,False,1.0000000000000007,-1.0000000000000007,4.046071816133515e-17,26.002539181657408,26.002539181657372,0.5013658083143182,False,False
18,12,11,0.02,0.01,ok,ok,-0.057122918759880806,0.4759128060317905,False,True,False,True,False,0.9999999999999991,-0.9999999999999989,-3.456663486912941e-17,25.907129433991724,25.90712943399172,0.4759888062382208,False,False
18,12,12,0.02,0.02,ok,ok,-0.05710314544634712,0.45216428202809067,False,True,False,True,False,0.9999999999999999,-1.0000000000000002,-4.019975760704604e-17,25.815332586286644,25.81533258628666,0.45222445539695866,False,False
18,12,13,0.02,0.03,ok,ok,-0.05707899600025183,0.4298697792753711,False,True,False,True,False,1.0000000000000002,-0.9999999999999999,-1.765828394330905e-17,25.72704581323222,25.72704581323221,0.42991435074497153,False,False
18,12,14,0.02,0.04,ok,ok,-0.057050803851059255,0.40889211701710365,False,True,False,True,False,0.9999999999999988,-0.9999999999999986,2.4450428865452756e-17,25.64216520439283,25.642165204392835,0.40892124173473327,False,False
18,12,15,0.02,0.05,ok,ok,-0.057018890248180944,0.3891118114766415,False,True,False,True,False,0.9999999999999994,-0.9999999999999994,5.712088283511746e-18,25.560586106727012,25.560586106727005,0.3891255798189932,False,False
18,12,16,0.02,0.06,ok,ok,-0.05698356398433141,0.3704242694619217,False,True,False,True,False,0.9999999999999999,-0.9999999999999994,1.3312426061977288e-17,25.48220346080887,25.48220346080887,0.3704227108719777,False,False
18,12,17,0.02,0.07,ok,ok,-0.05694512123305666,0.3527374933487793,False,True,False,True,False,0.9999999999999996,-0.9999999999999997,-1.440336197922849e-17,25.406912127919163,25.406912127919163,0.3527205790512184,False,False
18,12,18,0.02,0.08,nonconverged_hf,skipped_nonconverged_hf,nan,nan,False,False,True,True,False,1.0000000000000004,-0.9999999999999997,3.4649495479525774e-06,25.334607205387197,25.33460720538718,1.001538577835685,False,False
18,12,19,0.02,0.09,ok,ok,-0.05686000726668215,0.3200502319940982,False,True,False,True,False,1.0000000000000002,-0.9999999999999999,4.64540092105486e-17,25.26518432782483,25.265184327824834,0.3200022956318796,False,False
18,12,20,0.02,0.1,ok,ok,-0.05681386458791668,0.30491332127398524,False,True,False,True,False,0.9999999999999999,-1.0000000000000007,6.1785568606821434e-18,25.19853995218924,25.198539952189243,0.3048496081358888,False,False
18,13,0,0.03,-0.1,ok,ok,-0.05695007909367025,0.894423978878814,False,True,False,True,False,0.9999999999999997,-0.9999999999999999,-8.358530436157374e-17,23.817124545686177,23.817124545686177,0.8947150291098792,False,False
18,13,1,0.03,-0.09,ok,ok,-0.057000671803129524,0.8359308594748246,False,True,False,True,False,0.9999999999999994,-0.9999999999999994,3.1691738420944846e-17,24.09918209179442,24.099182091794415,0.8361956860254582,False,False
18,13,2,0.03,-0.08,ok,ok,-0.05704300871315606,0.783375952235101,False,True,False,True,False,0.9999999999999993,-0.9999999999999994,2.2423519231454803e-17,24.370119855989746,24.370119855989746,0.7836165877816053,False,False
18,13,3,0.03,-0.07,ok,ok,-0.057077400662004896,0.7358645974616238,False,True,False,True,False,1.0000000000000009,-1.0,-6.510351446025748e-18,24.630470998743768,24.630470998743768,0.7360827322655971,False,False
18,13,4,0.03,-0.06,ok,ok,-0.057104195760026115,0.6926710518868902,False,True,False,True,False,0.999999999999999,-0.9999999999999993,-2.889494012236866e-17,24.880725199232348,24.880725199232348,0.6928680963465191,False,False
18,13,5,0.03,-0.05,ok,ok,-0.057123763939951784,0.6532017567146193,False,True,False,True,False,1.0000000000000002,-1.0,7.182508200387649e-17,25.121335097038596,25.121335097038596,0.6533788901217431,False,False
18,13,6,0.03,-0.04,ok,ok,-0.05713648633192711,0.6169674455268136,False,True,False,True,False,1.0,-1.0000000000000007,1.0787860544178757e-17,25.352721518920237,25.352721518920237,0.6171256543378758,False,False
18,13,7,0.03,-0.03,ok,ok,-0.057142747896627225,0.5835617904980916,False,True,False,True,False,0.9999999999999993,-0.9999999999999999,-9.648681370233121e-18,25.57527774113526,25.575277741135256,0.5837018985621665,False,False
18,13,8,0.03,-0.02,ok,ok,-0.057142932283281614,0.552644923023621,False,True,False,True,False,0.9999999999999999,-0.9999999999999999,-6.194232361910031e-17,25.789372981916344,25.789372981916344,0.5527676155854904,False,False
18,13,9,0.03,-0.01,ok,ok,-0.05713741822448634,0.5239306172081047,False,True,False,True,False,1.0000000000000004,-1.0000000000000004,-3.4281317927127113e-18,25.995355276282023,25.995355276282027,0.524036460049161,False,False
18,13,10,0.03,0.0,ok,ok,-0.05712657700486139,0.49717624738771965,False,True,False,True,False,0.9999999999999999,-0.9999999999999997,-5.537489500495759e-18,25.97944858631386,25.97944858631387,0.4972657021329293,False,False
18,13,11,0.03,0.01,ok,ok,-0.057110770688078946,0.4721748626504116,False,True,False,True,False,0.9999999999999994,-0.9999999999999996,-1.4194171203380008e-18,25.885646080284157,25.885646080284157,0.47224829902305054,False,False
18,13,12,0.03,0.02,ok,ok,-0.05709035088360173,0.4487488888202311,False,True,False,True,False,0.9999999999999997,-0.9999999999999997,-2.881266666510966e-18,25.795407521384355,25.795407521384355,0.44880659444027526,False,False
18,13,13,0.03,0.03,ok,ok,-0.05706565790141288,0.4267450908794342,False,True,False,True,False,0.9999999999999994,-0.9999999999999996,-1.5574737074098466e-17,25.70862965900699,25.70862965900699,0.4267872790628868,False,False
18,13,14,0.03,0.04,ok,ok,-0.057037020180506076,0.40603051781335975,False,True,False,True,False,0.9999999999999994,-0.9999999999999989,8.136790338136953e-18,25.625208345940774,25.625208345940766,0.40605733372667874,False,False
18,13,15,0.03,0.05,ok,ok,-0.05700475391675536,0.3864892187260983,False,True,False,True,False,0.9999999999999999,-0.9999999999999997,6.869116283576535e-17,25.54503887340848,25.545038873408473,0.38650074416586877,False,False
18,13,16,0.03,0.06,ok,ok,-0.05696916282473322,0.3680195679809454,False,True,False,True,False,0.9999999999999991,-0.9999999999999989,-1.9984540873093225e-17,25.468016298561135,25.468016298561135,0.3680158249829583,False,False
18,13,17,0.03,0.07,ok,ok,-0.05693053799278885,0.3505320744395232,False,True,False,True,False,1.0,-0.9999999999999999,-2.2396581067612542e-17,25.394035761776056,25.394035761776056,0.35051302787989363,False,False
18,13,18,0.03,0.08,nonconverged_hf,skipped_nonconverged_hf,nan,nan,False,False,True,True,False,0.9999999999999994,-0.9999999999999993,3.2807201242569186e-06,25.322992791326417,25.322992791326424,1.026224471420414,False,False
18,13,19,0.03,0.09,nonconverged_hf,skipped_nonconverged_hf,nan,nan,False,False,True,True,False,0.9999999999999989,-0.9999999999999993,2.500541427169761e-06,25.254783593252803,25.254783593252792,1.013699083871055,False,False
18,13,20,0.03,0.1,ok,ok,-0.05679918125025363,0.3032138776555873,False,True,False,True,False,1.0000000000000004,-1.0000000000000002,-7.484331071841175e-17,25.1893053245614,25.189305324561396,0.30314815900977304,False,False
18,14,0,0.04,-0.1,ok,ok,-0.05695257989209062,0.8825824305956673,False,True,False,True,False,0.9999999999999996,-0.9999999999999996,-7.679496444384908e-18,23.891049208293826,23.891049208293826,0.8828681594196763,False,False
18,14,1,0.04,-0.09,ok,ok,-0.05700122028325166,0.8255156469649649,False,True,False,True,False,0.9999999999999994,-0.999999999999999,-1.3238690344249475e-17,24.169795274289566,24.169795274289566,0.8257756606234186,False,False
18,14,2,0.04,-0.08,ok,ok,-0.05704172164712003,0.7741605253658068,False,True,False,True,False,0.9999999999999983,-0.9999999999999981,4.760369039906092e-17,24.43757188562396,24.437571885623957,0.7743967717915555,False,False
18,14,3,0.04,-0.07,ok,ok,-0.05707440274649918,0.727667023825151,False,True,False,True,False,1.0,-0.9999999999999997,4.105709803462222e-17,24.694900972600443,24.694900972600443,0.7278811252362952,False,False
18,14,4,0.04,-0.06,ok,ok,-0.05709961553737476,0.6853439707806994,False,True,False,True,False,0.9999999999999993,-0.999999999999999,-3.95684277362664e-17,24.94226275349611,24.94226275349611,0.6855372824751779,False,False
18,14,5,0.04,-0.05,ok,ok,-0.05711773101777673,0.6466248201643834,False,True,False,True,False,0.999999999999999,-0.9999999999999988,-6.074564153379967e-17,25.18010181503727,25.180101815037265,0.646798476452512,False,False
18,14,6,0.04,-0.04,ok,ok,-0.05712912946834036,0.6110415831272538,False,True,False,True,False,1.0,-1.0000000000000002,1.8812875925912857e-17,25.408832055443956,25.408832055443956,0.6111965334613813,False,False
18,14,7,0.04,-0.03,ok,ok,-0.05713419366930325,0.5782048225583567,False,True,False,True,False,0.9999999999999997,-0.9999999999999994,-2.4701793358170474e-18,25.628840722951967,25.628840722951974,0.5783418601245641,False,False
18,14,8,0.04,-0.02,ok,ok,-0.05713330415749608,0.5477881785681215,False,True,False,True,False,0.9999999999999999,-1.0000000000000002,-2.947734048714972e-17,25.84049173110232,25.840491731102322,0.5479079630291747,False,False
18,14,9,0.04,-0.01,ok,ok,-0.0571268358976986,0.5195163068523917,False,True,False,True,False,0.9999999999999991,-0.9999999999999991,2.886295800566216e-17,26.044128392858063,26.044128392858063,0.5196193825110296,False,False
18,14,10,0.04,0.0,ok,ok,-0.05711515594570424,0.4931554077341221,False,True,False,True,False,1.0,-1.0,-1.3285893220703076e-17,25.95685262650656,25.956852626506556,0.4932422180766646,False,False
18,14,11,0.04,0.01,ok,ok,-0.0570986218142774,0.46850573653185296,False,True,False,True,False,0.9999999999999988,-0.9999999999999986,-3.2682144320612735e-17,25.864634309692942,25.86463430969294,0.4685766358821188,False,False
18,14,12,0.04,0.02,ok,ok,-0.05707758034121685,0.44539564066617227,False,True,False,True,False,1.0000000000000002,-1.0000000000000007,-4.99101904840853e-18,25.77593082459181,25.7759308245918,0.44545090350985705,False,False
18,14,13,0.04,0.03,ok,ok,-0.05705236691695858,0.42367678107075474,False,True,False,True,False,0.9999999999999997,-0.9999999999999997,-4.826957616577829e-17,25.690638591439747,25.69063859143974,0.4237166094794677,False,False
18,14,14,0.04,0.04,ok,ok,-0.06640682420243123,1.5109642846265128,False,True,False,True,False,0.9999999999999996,-0.9999999999999996,-3.129155928305165e-08,25.608653316915984,25.60865331691598,1.6456562034804125,False,False
18,14,15,0.04,0.05,invalid_reference_chern,skipped_invalid_reference_chern,nan,nan,False,True,False,False,True,1.0000000000000007,-1.0000000000000009,-0.08534982275778398,25.529870321240082,25.529870321240093,3.5968188429306878,False,False
18,14,16,0.04,0.06,ok,ok,-0.056954867555993036,0.36565795484051583,False,True,False,True,False,0.9999999999999999,-0.9999999999999999,4.487529120156139e-17,25.454184856585435,25.454184856585435,0.36565204832274895,False,False
18,14,17,0.04,0.07,ok,ok,-0.05691607674705118,0.34836630631314863,False,True,False,True,False,1.0000000000000002,-0.9999999999999999,-5.1900143287845526e-17,25.381492414333117,25.381492414333113,0.3483451479533569,False,False
18,14,18,0.04,0.08,ok,ok,-0.05687460657049498,0.33196154543928064,False,True,False,True,False,0.9999999999999994,-0.9999999999999989,2.67551107354354e-17,25.31168901891552,25.31168901891552,0.33192503940731277,False,False
18,14,19,0.04,0.09,ok,ok,-0.0568307176949063,0.3163751113069256,False,True,False,True,False,1.0000000000000002,-1.0000000000000002,5.27283214808861e-17,25.244671506264595,25.2446715062646,0.3163231079700354,False,False
18,14,20,0.04,0.1,ok,ok,-0.05678465813283271,0.30154579049989827,False,True,False,True,False,0.9999999999999991,-0.9999999999999994,5.30994968160848e-17,25.18033778517036,25.180337785170355,0.30147808651696356,False,False
18,15,0,0.05,-0.1,ok,ok,-0.056954736290325714,0.8710596117709445,False,True,False,True,False,0.9999999999999996,-0.9999999999999999,-4.583560799181662e-17,23.964082618422513,23.964082618422523,0.871340134567553,False,False
18,15,1,0.05,-0.09,ok,ok,-0.05700145654946272,0.8153659787289131,False,True,False,True,False,0.9999999999999997,-0.9999999999999999,-8.592188615225192e-17,24.239550630441954,24.239550630441954,0.8156212753216852,False,False
18,15,2,0.05,-0.08,ok,ok,-0.057040156370323954,0.7651685209060347,False,True,False,True,False,0.9999999999999984,-0.9999999999999989,-2.0757186649188426e-17,24.504197374846235,24.504197374846235,0.7654004586472027,False,False
18,15,3,0.05,-0.07,ok,ok,-0.057071161356280285,0.7196592067436873,False,True,False,True,False,1.0000000000000007,-1.0000000000000007,-8.154201392456876e-18,24.758533964572404,24.758533964572404,0.719869342995733,False,False
18,15,4,0.05,-0.06,ok,ok,-0.057094826565763944,0.6781794980666687,False,True,False,True,False,0.9999999999999999,-0.9999999999999991,5.5255693264058683e-17,25.003031470290587,25.003031470290587,0.6783691354908921,False,False
18,15,5,0.05,-0.05,ok,ok,-0.05711152354405433,0.6401884085385673,False,True,False,True,False,0.9999999999999994,-0.9999999999999999,9.829860193536077e-17,25.238126662556102,25.238126662556105,0.6403586383848869,False,False
18,15,6,0.05,-0.04,ok,ok,-0.057121631355400895,0.6052381288356465,False,True,False,True,False,0.9999999999999996,-0.9999999999999997,-5.9883259698432924e-18,25.46422668869998,25.46422668869998,0.6053898650639477,False,False
18,15,7,0.05,-0.03,ok,ok,-0.05712553033614938,0.5729552762407746,False,True,False,True,False,0.9999999999999996,-0.9999999999999996,2.8557211973180653e-17,25.681712901095175,25.681712901095175,0.5730892825741741,False,False
18,15,8,0.05,-0.02,ok,ok,-0.0571235977196779,0.5430263577895318,False,True,False,True,False,0.9999999999999999,-1.0,-5.4790039787216293e-17,25.890944005761128,25.89094400576112,0.5431432692699382,False,False
18,15,9,0.05,-0.01,ok,ok,-0.057116204563793266,0.5151864146972246,False,True,False,True,False,0.9999999999999996,-0.9999999999999996,2.9526196330903944e-17,26.02896959756049,26.02896959756049,0.5152867549256961,False,False
18,15,10,0.05,0.0,ok,ok,-0.05710371359476521,0.48921008716475045,False,True,False,True,False,0.9999999999999997,-0.9999999999999997,1.4804396906727562e-17,25.93474381914284,25.934743819142838,0.48929428212251513,False,False
18,15,11,0.05,0.01,ok,ok,-0.057086477703072784,0.4649045343027554,False,True,False,True,False,1.000000000000001,-1.0000000000000009,4.215582696249011e-17,25.84408659452625,25.84408659452625,0.46497292343685404,False,False
18,15,12,0.05,0.02,ok,ok,-0.0570648389058554,0.4421037865860746,False,True,False,True,False,0.9999999999999994,-0.9999999999999993,1.627719245450129e-17,25.756894969798108,25.756894969798108,0.4421566316828129,False,False
18,15,13,0.05,0.03,ok,ok,-0.0570391276443922,0.42066421174539714,False,True,False,True,False,1.0000000000000002,-0.9999999999999999,3.1736762755121403e-18,25.67306512893641,25.67306512893641,0.4207017039960175,False,False
18,15,14,0.05,0.04,ok,ok,-0.061078101405033024,1.4513716596701816,False,True,False,True,False,0.9999999999999994,-0.9999999999999997,-0.00010704722481267295,25.592492719793935,25.592492719793945,3.217414407232465,False,False
18,15,15,0.05,0.05,ok,ok,-0.056976749014263334,0.38138444950307854,False,True,False,True,False,0.9999999999999997,-0.9999999999999994,-1.0569289566517886e-18,25.51507317284999,25.515073172849995,0.38139155382664597,False,False
18,15,16,0.05,0.06,ok,ok,-0.056940681292109434,0.3633390120932771,False,True,False,True,False,0.999999999999999,-0.9999999999999989,-7.96406163291091e-17,25.440702010238383,25.44070201023839,0.36333096313155455,False,False
18,15,17,0.05,0.07,nonconverged_hf,skipped_nonconverged_hf,nan,nan,False,False,True,True,False,0.9999999999999999,-1.0,-8.66269800388434e-06,25.369275142750425,25.369275142750425,1.0225549411913466,False,False
18,15,18,0.05,0.08,ok,ok,-0.056860193888470675,0.33001176540025506,False,True,False,True,False,0.9999999999999996,-0.9999999999999994,2.4182847870808063e-17,25.30068915274044,25.300689152740443,0.32997321444929406,False,False
18,15,19,0.05,0.09,nonconverged_hf,skipped_nonconverged_hf,nan,nan,False,False,True,True,False,0.9999999999999994,-0.9999999999999989,-3.2483351590651513e-06,25.234841561125833,25.234841561125826,1.0039229016806326,False,False
18,15,20,0.05,0.1,nonconverged_hf,skipped_nonconverged_hf,nan,nan,False,False,True,True,False,1.0000000000000007,-1.0000000000000007,1.4278060289628378e-06,25.171631076962807,25.17163107696281,1.0064642371827646,False,False
18,16,0,0.06,-0.1,ok,ok,-0.056956555212602344,0.8598449540358017,False,True,False,True,False,1.0000000000000002,-1.0,6.939904024738593e-17,24.03622724213547,24.036227242135467,0.8601203824583603,False,False
18,16,1,0.06,-0.09,ok,ok,-0.0570013881339375,0.8054737603972233,False,True,False,True,False,0.9999999999999993,-1.0,2.114886373762209e-18,24.30845065792954,24.30845065792954,0.8057244329611675,False,False
18,16,2,0.06,-0.08,ok,ok,-0.05703832072469539,0.7563936897919277,False,True,False,True,False,0.9999999999999994,-0.9999999999999997,2.898568099735186e-17,24.569998916893802,24.569998916893802,0.7566213971960953,False,False
18,16,3,0.06,-0.07,ok,ok,-0.05706768443208056,0.7118362834889143,False,True,False,True,False,0.9999999999999993,-0.999999999999999,6.254977622141459e-17,24.821372702876108,24.821372702876104,0.7120425212559801,False,False
18,16,4,0.06,-0.06,ok,ok,-0.05708983673139822,0.6711738197009574,False,True,False,True,False,1.0,-0.9999999999999999,-3.1324603544869115e-17,25.063034234096456,25.063034234096456,0.6713598401925909,False,False
18,16,5,0.06,-0.05,ok,ok,-0.05710514923617915,0.6338895062303158,False,True,False,True,False,0.9999999999999993,-0.9999999999999994,-4.2749489072635936e-17,25.295412688331325,25.295412688331332,0.6340563594632974,False,False
18,16,6,0.06,-0.04,ok,ok,-0.05711399945470352,0.5995546786988794,False,True,False,True,False,1.0000000000000002,-1.0000000000000002,-3.3744191161218154e-18,25.518908630056742,25.51890863005674,0.5997032445820165,False,False
18,16,7,0.06,-0.03,ok,ok,-0.05711676503579156,0.567811218899446,False,True,False,True,False,0.9999999999999997,-0.9999999999999997,1.1001052540559728e-16,25.733897641131758,25.733897641131747,0.5679422328399935,False,False
18,16,8,0.06,-0.02,ok,ok,-0.05711381973324553,0.5383578932330697,False,True,False,True,False,0.9999999999999999,-0.9999999999999999,-6.882799778570051e-17,25.940733312551615,25.9407333125516,0.5384719665732477,False,False
18,16,9,0.06,-0.01,ok,ok,-0.05710553057058223,0.5109396577748506,False,True,False,True,False,1.0000000000000002,-1.0000000000000004,1.3815748140193968e-17,26.005753471119053,26.005753471119068,0.5110372941603455,False,False
18,16,10,0.06,0.0,ok,ok,-0.05709225585346082,0.48533922549808056,False,True,False,True,False,1.0000000000000002,-1.0000000000000007,-2.4567728274222425e-18,25.913114641716675,25.913114641716675,0.4854208340154507,False,False
18,16,11,0.06,0.01,ok,ok,-0.05707434378640332,0.46137037110726226,False,True,False,True,False,0.9999999999999996,-0.9999999999999999,-2.2121170926156902e-17,25.823995388287088,25.823995388287084,0.46143627683085353,False,False
18,16,12,0.06,0.02,ok,ok,-0.0570521315246266,0.43887258045709665,False,True,False,True,False,1.0000000000000002,-1.0000000000000007,-5.5423897642122916e-17,25.73829243098085,25.738292430980852,0.4389230328933544,False,False
18,16,13,0.06,0.03,ok,ok,-0.05702594453664815,0.41770674708316746,False,True,False,True,False,0.9999999999999989,-0.9999999999999984,-4.826615526027365e-17,25.655901807138427,25.65590180713841,0.4177419268977989,False,False
18,16,14,0.06,0.04,ok,ok,-0.056996096192149084,0.39775169010156464,False,True,False,True,False,0.9999999999999999,-0.9999999999999999,2.950283449433312e-17,25.576719189678457,25.576719189678457,0.3977717144090722,False,False
18,16,15,0.06,0.05,ok,ok,-0.05696288750746653,0.3789013201961067,False,True,False,True,False,1.0,-0.9999999999999999,-1.0863986983173719e-17,25.5006401971466,25.500640197146602,0.3789062466569754,False,False
18,16,16,0.06,0.06,ok,ok,-0.05692660700059583,0.36106232025176893,False,True,False,True,False,1.0000000000000009,-1.0000000000000007,8.559493387976546e-18,25.427560693100208,25.427560693100205,0.361052150128709,False,False
18,16,17,0.06,0.07,ok,ok,-0.05688753063395276,0.34415223706969755,False,True,False,True,False,1.0000000000000004,-0.9999999999999997,9.105522867825308e-17,25.357377072696146,25.35737707269614,0.34412691737105416,False,False
18,16,18,0.06,0.08,ok,ok,-0.05684592178288039,0.3280979028014424,False,True,False,True,False,1.0000000000000004,-1.0000000000000002,-4.18595391599536e-17,25.28998653458436,25.289986534584358,0.32805732766879847,False,False
18,16,19,0.06,0.09,ok,ok,-0.05680203128669602,0.31283412355858703,False,True,False,True,False,0.9999999999999993,-0.9999999999999997,-4.006643163159567e-18,25.22528733646958,25.225287336469588,0.3127781349530502,False,False
18,16,20,0.06,0.1,nonconverged_hf,skipped_nonconverged_hf,nan,nan,False,False,True,True,False,1.0000000000000002,-1.0000000000000007,-1.5295445399048358e-06,25.16317903298923,25.163179032989234,1.0056826259408804,False,False
18,17,0,0.07,-0.1,ok,ok,-0.05695804382799496,0.8489283667350708,False,True,False,True,False,0.9999999999999996,-0.9999999999999996,-5.285006196880808e-18,24.107485822379005,24.107485822379008,0.8491988088940542,False,False
18,17,1,0.07,-0.09,ok,ok,-0.057001022726272776,0.795831238161939,False,True,False,True,False,0.9999999999999999,-1.0,-3.4570744269539454e-18,24.37649812672193,24.37649812672194,0.796077377076041,False,False
18,17,2,0.07,-0.08,ok,ok,-0.05703622264410387,0.7478300262670506,False,True,False,True,False,0.9999999999999999,-0.9999999999999993,-1.7950789601214253e-17,24.634979367627974,24.634979367627974,0.7480535796882478,False,False
18,17,3,0.07,-0.07,ok,ok,-0.05706397995581151,0.704193565299804,False,True,False,True,False,1.0000000000000002,-0.9999999999999997,-7.678078083992089e-18,24.8834201652667,24.8834201652667,0.7043959697652128,False,False
18,17,4,0.07,-0.06,ok,ok,-0.05708465392120372,0.6643232459299132,False,True,False,True,False,0.9999999999999997,-0.9999999999999997,-5.2119076346331105e-17,25.122274163663512,25.122274163663523,0.6645057057192902,False,False
18,17,5,0.07,-0.05,ok,ok,-0.057098615779372745,0.6277251861893307,False,True,False,True,False,0.999999999999999,-0.999999999999999,-6.113899652111552e-17,25.35196315883018,25.351963158830188,0.6278887118248576,False,False
18,17,6,0.07,-0.04,ok,ok,-0.057106241168637675,0.5939888915378166,False,True,False,True,False,0.9999999999999996,-0.9999999999999996,6.974768775216751e-17,25.572881291485754,25.572881291485754,0.5941343302521208,False,False
18,17,7,0.07,-0.03,ok,ok,-0.05710790482536989,0.5627707620235781,False,True,False,True,False,0.9999999999999999,-1.0,6.205531677272243e-17,25.785398492013236,25.785398492013236,0.5628988220049955,False,False
18,17,8,0.07,-0.02,ok,ok,-0.05710397686193268,0.5337812480947426,False,True,False,True,False,1.0000000000000002,-1.0,7.432605821433098e-17,25.989863324572678,25.989863324572678,0.53389251786871,False,False
18,17,9,0.07,-0.01,ok,ok,-0.05709482015146136,0.5067747740194106,False,True,False,True,False,1.0000000000000002,-1.0000000000000002,4.735570165569165e-17,25.9830324261538,25.98303242615379,0.5068697379932535,False,False
18,17,10,0.07,0.0,ok,ok,-0.0570807884971049,0.48154177641479645,False,True,False,True,False,1.0,-1.0,-1.009539106921471e-17,25.891957541491973,25.891957541491973,0.481620827368799,False,False
18,17,11,0.07,0.01,ok,ok,-0.05706222536232233,0.45790237092414166,False,True,False,True,False,0.9999999999999993,-0.999999999999999,3.703805565169983e-17,25.804353134040987,25.804353134040962,0.4579658200448024,False,False
18,17,12,0.07,0.02,ok,ok,-0.057039463005272614,0.4357012813541407,False,True,False,True,False,1.0,-1.0,-5.3527053357897813e-17,25.720115689754234,25.720115689754234,0.43574936627628574,False,False
18,17,13,0.07,0.03,ok,ok,-0.057012821904235206,0.4148037539330406,False,True,False,True,False,1.0000000000000004,-1.0000000000000009,3.912482082893206e-17,25.639141185659014,25.639141185659007,0.41483664513838153,False,False
18,17,14,0.07,0.04,ok,ok,-0.05698261038986839,0.3950922457834882,False,True,False,True,False,0.9999999999999983,-0.999999999999998,-3.720794680897353e-17,25.561325400242147,25.561325400242133,0.3951100516352566,False,False
18,17,15,0.07,0.05,ok,ok,-0.05694912442983646,0.3764637251935986,False,True,False,True,False,0.999999999999999,-0.9999999999999988,3.340033343202941e-17,25.486564214487583,25.48656421448758,0.37646649582274766,False,False
18,17,16,0.07,0.06,invalid_reference_chern,skipped_invalid_reference_chern,nan,nan,False,True,False,False,True,0.9999999999999997,-0.9999999999999996,-0.22757276771198767,25.41475390140319,25.41475390140319,3.608920230574947,False,False
18,17,17,0.07,0.07,ok,ok,-0.05687345059793848,0.3421031888154758,False,True,False,True,False,0.9999999999999993,-0.9999999999999997,3.191815116374918e-17,25.345791402070923,25.345791402070926,0.3420758200316057,False,False
18,17,18,0.07,0.08,ok,ok,-0.05683179213706814,0.3262196212018481,False,True,False,True,False,0.9999999999999994,-0.9999999999999988,3.111766378766019e-17,25.27957458648953,25.27957458648953,0.3261770428993488,False,False
18,17,19,0.07,0.09,ok,ok,-0.05678791810990587,0.3111131710610182,False,True,False,True,False,1.0000000000000007,-1.0000000000000007,-5.2292088523895025e-17,25.21600249773929,25.216002497739304,0.3110552210041855,False,False
18,17,20,0.07,0.1,invalid_reference_chern,skipped_invalid_reference_chern,nan,nan,False,False,True,False,True,0.9999999999999994,-0.9999999999999999,-0.9989125464973831,25.154975578274943,25.154975578274932,1.07242092715131,False,False
18,18,0,0.08,-0.1,ok,ok,-0.05634849671340211,0.5326923245588054,False,True,False,True,False,0.9999999999999999,-1.0000000000000007,-9.03368501130043e-13,24.17786136940098,24.17786136940098,2.3751838412248065,False,False
18,18,1,0.08,-0.09,ok,ok,-0.05700036815235565,0.7864309817781265,False,True,False,True,False,1.0,-0.9999999999999996,-9.409198324850732e-18,24.443696068744643,24.443696068744636,0.7866726748887438,False,False
18,18,2,0.08,-0.08,ok,ok,-0.05703387013704935,0.739471756579424,False,True,False,True,False,0.9999999999999994,-0.9999999999999994,-6.683241365404905e-17,24.699141834841768,24.699141834841768,0.7396912304688069,False,False
18,18,3,0.08,-0.07,ok,ok,-0.05706005593609596,0.6967265299404274,False,True,False,True,False,0.9999999999999997,-1.0000000000000002,7.061259664909461e-17,24.944679568278286,24.944679568278286,0.696925164862546,False,False
18,18,4,0.08,-0.06,ok,ok,-0.05707928601060295,0.6576242064709488,False,True,False,True,False,0.9999999999999997,-0.9999999999999999,1.267518155017286e-17,25.180754601390618,25.180754601390618,0.6578031607290028,False,False
18,18,5,0.08,-0.05,ok,ok,-0.05709193081634224,0.6216926068866794,False,True,False,True,False,0.9999999999999993,-0.9999999999999994,-8.939560234005267e-17,25.407781547917224,25.40778154791722,0.6218528531629172,False,False
18,18,6,0.08,-0.04,ok,ok,-0.05709836383170119,0.5885384871238469,False,True,False,True,False,1.0000000000000002,-0.9999999999999996,-5.097329286426346e-17,25.62614827561637,25.626148275616373,0.5886808412865777,False,False
18,18,7,0.08,-0.03,ok,ok,-0.05709895667335201,0.5578320602332896,False,True,False,True,False,1.0000000000000002,-0.9999999999999999,-7.317168712635196e-17,25.836219176587235,25.83621917658724,0.5579572043012312,False,False
18,18,8,0.08,-0.02,ok,ok,-0.057094075663901206,0.5292949157684668,False,True,False,True,False,0.9999999999999994,-0.9999999999999996,-3.544147086852829e-17,26.038337872373543,26.03833787237355,0.529403416296764,False,False
18,18,9,0.08,-0.01,ok,ok,-0.05708407942087142,0.5026905221820074,False,True,False,True,False,0.9999999999999999,-0.9999999999999997,-7.685062578604932e-17,25.960798917969846,25.96079891796984,0.5027828450289025,False,False
18,18,10,0.08,0.0,ok,ok,-0.0570693171720016,0.4778167076233288,False,True,False,True,False,1.0000000000000002,-1.0000000000000002,-6.293844105871556e-17,25.871264944332662,25.87126494433267,0.47789322982793564,False,False
18,18,11,0.08,0.01,ok,ok,-0.057050127591695726,0.45449966686171067,False,True,False,True,False,1.0000000000000002,-1.0,-2.0549596129349503e-17,25.785152272430285,25.785152272430285,0.45456068619401363,False,False
18,18,12,0.08,0.02,ok,ok,-0.057026838012943476,0.43258915401632725,False,True,False,True,False,0.9999999999999993,-0.9999999999999994,-4.455152349402467e-17,25.702357242570095,25.702357242570102,0.4326348966312844,False,False
18,18,13,0.08,0.03,ok,ok,-0.05699976391041138,0.4119546023623235,False,True,False,True,False,0.9999999999999993,-0.999999999999999,-7.982584475853571e-17,25.622775854481525,25.622775854481507,0.4119852288929336,False,False
18,18,14,0.08,0.04,ok,ok,-0.05696920858046873,0.3924819740423592,False,True,False,True,False,0.9999999999999997,-0.9999999999999996,-1.685483807680595e-17,25.54630406934166,25.54630406934168,0.39249758438143656,False,False
18,18,15,0.08,0.05,ok,ok,-0.056935462952450104,0.374071187753113,False,True,False,True,False,1.0000000000000004,-1.0000000000000004,-5.1221617343386503e-17,25.472838101538503,25.472838101538507,0.374071824745687,False,False
18,18,16,0.08,0.06,nonconverged_hf,skipped_nonconverged_hf,nan,nan,False,False,True,True,False,1.0000000000000007,-1.0000000000000002,9.004685632983503e-06,25.402274698167655,25.402274698167655,1.0197495543427593,False,False
18,18,17,0.08,0.07,ok,ok,-0.05685950223704782,0.34009229811649216,False,True,False,True,False,0.9999999999999997,-0.9999999999999994,-4.240798372923835e-18,25.33451140445919,25.334511404459203,0.3400629015667414,False,False
18,18,18,0.08,0.08,ok,ok,-0.05681780671048167,0.3243765833509545,False,True,False,True,False,1.0000000000000002,-0.9999999999999994,-4.3607436778738854e-17,25.26944681356582,25.269446813565832,0.3243320229391746,False,False
18,18,19,0.08,0.09,nonconverged_hf,skipped_nonconverged_hf,nan,nan,False,False,True,True,False,0.9999999999999997,-1.0000000000000002,3.247799140184684e-06,25.20698079940004,25.206980799400068,1.0068851037679598,False,False
18,18,20,0.08,0.1,nonconverged_hf,skipped_nonconverged_hf,nan,nan,False,False,True,True,False,0.9999999999999999,-0.9999999999999996,-1.346307229322617e-06,25.147014731480468,25.14701473148049,1.0044174629257707,False,False
18,19,0,0.09,-0.1,ok,ok,-0.054646132297409486,-0.0019089940118371537,True,True,False,True,False,1.0000000000000002,-0.9999999999999996,-1.3566646330639068e-12,24.247357151069213,24.24735715106922,2.2930345898907265,False,False
18,19,1,0.09,-0.09,ok,ok,-0.056999432354203836,0.7772658685425511,False,True,False,True,False,0.9999999999999983,-0.9999999999999988,2.857629271067468e-17,24.510047767538875,24.510047767538875,0.7775032012825815,False,False
18,19,2,0.09,-0.08,ok,ok,-0.05703127127013135,0.7313133282953361,False,True,False,True,False,0.9999999999999984,-0.9999999999999988,3.296935377115381e-17,24.762489667632853,24.762489667632853,0.7315287952877572,False,False
18,19,3,0.09,-0.07,ok,ok,-0.05705592039446278,0.6894308146418533,False,True,False,True,False,0.9999999999999991,-0.9999999999999988,7.522397401801604e-17,25.00515435657787,25.005154356577865,0.6896257424171801,False,False
18,19,4,0.09,-0.06,ok,ok,-0.0570737408518931,0.6510732459272472,False,True,False,True,False,0.9999999999999994,-0.9999999999999994,7.477277130131776e-17,25.238479102852953,25.238479102852942,0.6512487488115495,False,False
18,19,5,0.09,-0.05,ok,ok,-0.05708510193750533,0.6157890094168373,False,True,False,True,False,1.0000000000000002,-1.0,-3.696308633375506e-17,25.462871526691686,25.46287152669169,0.6159460238278495,False,False
18,19,6,0.09,-0.04,ok,ok,-0.05709037470231623,0.5832012444305673,False,True,False,True,False,1.0000000000000009,-1.0000000000000007,5.3659138610549206e-17,25.678713365976165,25.678713365976158,0.583340556124546,False,False
18,19,7,0.09,-0.03,ok,ok,-0.05708992745280736,0.5529933103126967,False,True,False,True,False,0.9999999999999997,-0.9999999999999997,-6.8236995367382e-17,25.88636358230245,25.88636358230245,0.5531155761424688,False,False
18,19,8,0.09,-0.02,ok,ok,-0.05708412258640579,0.5248974194041586,False,True,False,True,False,0.9999999999999986,-0.9999999999999986,1.8187123300213868e-17,26.030536806810602,26.030536806810613,0.5250031847666137,False,False
18,19,9,0.09,-0.01,ok,ok,-0.057073314370095246,0.4986856817388015,False,True,False,True,False,1.0000000000000002,-1.0000000000000004,5.4566275463772304e-17,25.939045369097666,25.93904536909766,0.4987753946054856,False,False
18,19,10,0.09,0.0,ok,ok,-0.05705784739183089,0.4741630009893739,False,True,False,True,False,0.9999999999999996,-0.9999999999999997,1.8865674581992234e-17,25.851029263179274,25.851029263179264,0.4742370232040942,False,False
18,19,11,0.09,0.01,ok,ok,-0.057038055496018494,0.4511614014461388,False,True,False,True,False,1.0,-0.9999999999999999,-3.3226421316846233e-17,25.766385249338832,25.766385249338857,0.4512200178154633,False,False
18,19,12,0.09,0.02,ok,ok,-0.05701426106894938,0.42953546918522373,False,True,False,True,False,0.999999999999999,-0.9999999999999993,-5.045603811291068e-18,25.68500960757559,25.68500960757558,0.4295788947644189,False,False
18,19,13,0.09,0.03,ok,ok,-0.056986774576298735,0.40915866595061756,False,True,False,True,False,0.9999999999999989,-0.9999999999999994,-3.598960658481286e-17,25.6067984400252,25.6067984400252,0.40918705184365156,False,False
18,19,14,0.09,0.04,ok,ok,-0.05695589428316228,0.38992033146154237,False,True,False,True,False,0.9999999999999999,-0.9999999999999997,-2.730706215330044e-17,25.531647964314182,25.5316479643142,0.38993376937460583,False,False
18,19,15,0.09,0.05,ok,ok,-0.056921906101293315,0.37172323182713224,False,True,False,True,False,0.999999999999999,-0.9999999999999993,1.0036167433130952e-16,25.45945479582975,25.45945479582975,0.37172175755792997,False,False
18,19,16,0.09,0.06,ok,ok,-0.05688508352325279,0.35448154385497466,False,True,False,True,False,0.999999999999999,-0.9999999999999993,5.251974441580372e-17,25.39011621705353,25.390116217053535,0.3544651398829766,False,False
18,19,17,0.09,0.07,nonconverged_hf,skipped_nonconverged_hf,nan,nan,False,False,True,True,False,0.9999999999999991,-0.9999999999999994,5.960406332598826e-06,25.32353043231558,25.323530432315593,1.0127382216375374,False,False
18,19,18,0.09,0.08,ok,ok,-0.05680396712227745,0.32256845035685705,False,True,False,True,False,0.9999999999999997,-0.9999999999999997,-8.024203700419145e-18,25.25959680655476,25.259596806554757,0.32252192924798156,False,False
18,19,19,0.09,0.09,ok,ok,-0.05676015841041601,0.3077688168630086,False,True,False,True,False,1.0000000000000002,-1.0000000000000009,3.757458265293522e-17,25.198216086926465,25.19821608692648,0.30770700773336235,False,False
18,19,20,0.09,0.1,ok,ok,-0.05671448570100909,0.2936660164185252,False,True,False,True,False,0.9999999999999993,-0.9999999999999993,-5.882753145126772e-17,25.1392906063611,25.139290606361133,0.2935886992339581,False,False
18,20,0,0.1,-0.1,ok,ok,-0.05696060264669929,0.8178727632660078,False,True,False,True,False,1.0000000000000002,-0.9999999999999999,2.6281148409482004e-17,24.31597668311826,24.315976683118258,0.8181288624207362,False,False
18,20,1,0.1,-0.09,ok,ok,-0.05699822337075585,0.7683290681914967,False,True,False,True,False,0.9999999999999997,-0.9999999999999996,-3.1646594845486538e-18,24.575556747937863,24.575556747937863,0.7685621236936983,False,False
18,20,2,0.1,-0.08,ok,ok,-0.05702843415228669,0.7233494001953161,False,True,False,True,False,0.9999999999999983,-0.9999999999999986,2.904159492084052e-18,24.82502644585615,24.82502644585615,0.7235609311919556,False,False
18,20,3,0.1,-0.07,ok,ok,-0.05705158135220553,0.6823022094078527,False,True,False,True,False,1.0000000000000002,-0.9999999999999996,-3.776584279233117e-17,25.064848192444327,25.064848192444337,0.6824934911314654,False,False
18,20,4,0.1,-0.06,ok,ok,-0.057068026263219024,0.6446670194250745,False,True,False,True,False,0.9999999999999997,-0.9999999999999996,1.3320285808033993e-17,25.295451426486327,25.295451426486327,0.6448391241240877,False,False
18,20,5,0.1,-0.05,ok,ok,-0.05707813667174551,0.6100117147298898,False,True,False,True,False,0.9999999999999994,-1.0000000000000002,-3.4406295685299614e-18,25.517236953501857,25.517236953501857,0.6101655440580851,False,False
18,20,6,0.1,-0.04,ok,ok,-0.05708228095518504,0.5779749999576033,False,True,False,True,False,0.9999999999999994,-0.9999999999999994,1.018457838758028e-17,25.730580517421565,25.73058051742157,0.5781113107546613,False,False
18,20,7,0.1,-0.03,ok,ok,-0.05708082393516885,0.5482527502763475,False,True,False,True,False,0.9999999999999997,-0.9999999999999996,-1.1350012285600677e-17,25.935835752111508,25.935835752111515,0.5483721751901935,False,False
18,20,8,0.1,-0.02,ok,ok,-0.057074123960841217,0.5205873114784183,False,True,False,True,False,0.9999999999999996,-0.9999999999999997,5.101253651793644e-18,26.007711722334204,26.00771172233422,0.5206903755264146,False,False
18,20,9,0.1,-0.01,ok,ok,-0.05706253086360215,0.4947590528162691,False,True,False,True,False,0.9999999999999984,-0.9999999999999984,-7.148209696874913e-17,25.91776417822417,25.91776417822417,0.494846186720207,False,False
18,20,10,0.1,0.0,ok,ok,-0.05704638453544078,0.47057965267266005,False,True,False,True,False,0.9999999999999997,-1.0000000000000002,-2.807396782517078e-17,25.831242906172978,25.831242906172967,0.470651203606831,False,False
18,20,11,0.1,0.01,ok,ok,-0.057026013957214766,0.44788672687788345,False,True,False,True,False,0.9999999999999999,-0.9999999999999999,1.2159001536285928e-17,25.74804452320888,25.74804452320888,0.4479429671230731,False,False
18,20,12,0.1,0.02,ok,ok,-0.057001736552178835,0.4265395039284066,False,True,False,True,False,1.0,-1.0,-1.1732270643927793e-18,25.6680653311324,25.668065331132407,0.4265806378084201,False,False
18,20,13,0.1,0.03,ok,ok,-0.05697385777604391,0.4064153222446401,False,True,False,True,False,0.999999999999999,-0.9999999999999991,-6.287899621919888e-17,25.591201610883928,25.591201610883914,0.40644149165104254,False,False
18,20,14,0.1,0.04,ok,ok,-0.05694267087456292,0.38740677689844955,False,True,False,True,False,0.9999999999999999,-1.0,-6.445834339052962e-18,25.51734990696143,25.51734990696143,0.38741806561604436,False,False
18,20,15,0.1,0.05,ok,ok,-0.05690845676056261,0.3694193824220151,False,True,False,True,False,1.0000000000000002,-1.0000000000000002,-3.8731880173450425e-17,25.44640730001736,25.446407300017377,0.36941581943110824,False,False
18,20,16,0.1,0.06,ok,ok,-0.05687148397847369,0.3523696482062287,False,True,False,True,False,0.9999999999999999,-0.9999999999999999,2.4285066381434282e-17,25.37827166593547,25.37827166593547,0.35235121013752874,False,False
18,20,17,0.1,0.07,nonconverged_hf,skipped_nonconverged_hf,nan,nan,False,False,True,True,False,1.0000000000000007,-1.0000000000000002,-2.2199042765376355e-06,25.31284191989485,25.312841919894844,1.0098446654078785,False,False
18,20,18,0.1,0.08,nonconverged_hf,skipped_nonconverged_hf,nan,nan,False,False,True,True,False,0.9999999999999997,-0.9999999999999999,2.3662605917789776e-06,25.250018244159236,25.2500182441592,1.0014891538099613,False,False
18,20,19,0.1,0.09,nonconverged_hf,skipped_nonconverged_hf,nan,nan,False,False,True,True,False,0.9999999999999999,-0.9999999999999997,-1.3466024949062656e-06,25.189702298577206,25.1897022985772,1.005357335073354,False,False
18,20,20,0.1,0.1,nonconverged_hf,skipped_nonconverged_hf,nan,nan,False,False,True,True,False,1.0000000000000004,-1.0000000000000009,-1.2574900383940557e-06,25.131797413032988,25.131797413032988,1.0034339948522422,False,False
20,0,0,-0.1,-0.1,ok,ok,-0.05163614680018086,-2.5094556995602617,True,True,False,True,False,0.999999999999999,-0.9999999999999988,9.415094119322413e-17,22.74110474551596,22.74110474551596,1.6081193789436312,False,False
20,0,1,-0.1,-0.09,ok,ok,-0.05474296939833689,-0.6867378451141288,True,True,False,True,False,0.9999999999999988,-0.9999999999999994,2.597432283125663e-14,23.069577652825345,23.069577652825345,1.795339262823618,False,False
20,0,2,-0.1,-0.08,ok,ok,-0.051703126807536595,-0.146466886220017,True,True,False,True,False,1.0000000000000002,-1.0000000000000004,-5.348901976898485e-14,23.38470159432519,23.38470159432519,1.9532519200249834,False,False
20,0,3,-0.1,-0.07,ok,ok,-0.0554539322484801,0.7121720247008901,False,True,False,True,False,1.0,-0.9999999999999997,3.454423403739383e-11,23.68721194832428,23.68721194832428,2.12282030964399,False,False
20,0,4,-0.1,-0.06,ok,ok,-0.057344779239198604,0.4525964167193093,False,True,False,True,False,0.9999999999999996,-0.9999999999999999,-6.058686499733896e-17,23.977764126679432,23.977764126679432,0.4526760739605983,False,False
20,0,5,-0.1,-0.05,ok,ok,-0.0574033372655966,0.4060835167227951,False,True,False,True,False,0.999999999999999,-0.9999999999999988,-4.6177225048890924e-17,24.256947905689977,24.25694790568997,0.40613310197778735,False,False
20,0,6,-0.1,-0.04,ok,ok,-0.05745322228152408,0.3638800545489254,False,True,False,True,False,0.999999999999999,-0.9999999999999993,-2.838498899518319e-17,24.525298746427588,24.525298746427595,0.36389939613966316,False,False
20,0,7,-0.1,-0.03,ok,ok,-0.05749501651878161,0.32536218377046716,False,True,False,True,False,0.9999999999999994,-0.9999999999999996,5.850097381715392e-17,24.7833067942909,24.783306794290915,0.32535049400595034,False,False
20,0,8,-0.1,-0.02,ok,ok,-0.057529318785572575,0.2900236377377214,False,True,False,True,False,0.9999999999999999,-1.0,2.0093163568283993e-17,25.03142407432981,25.03142407432981,0.28997943721881625,False,False
20,0,9,-0.1,-0.01,ok,ok,-0.05755674213718766,0.2574499580999829,False,True,False,True,False,1.0000000000000002,-1.0000000000000007,5.1222341112918705e-17,25.270070273283338,25.270070273283338,0.2573709399503056,False,False
20,0,10,-0.1,0.0,ok,ok,-0.05757791057582139,0.22729908344906435,False,True,False,True,False,1.0,-1.0000000000000002,3.1560557354798897e-18,25.499637407142345,25.499637407142345,0.22718189196518226,False,False
20,0,11,-0.1,0.01,ok,ok,-0.07824043192492497,0.5593155507935491,False,True,False,True,False,0.9999999999999996,-0.9999999999999996,5.5007784049160635e-05,25.72049360467697,25.720493604676975,2.431928127298128,False,False
20,0,12,-0.1,0.02,ok,ok,-0.07846319109158356,1.2951991273669559,False,True,False,True,False,0.9999999999999993,-0.999999999999999,-7.19026131458686e-05,25.932986186075993,25.932986186076,2.758574736985599,False,False
20,0,13,-0.1,0.03,ok,ok,-0.07878523667905737,0.6722227580518061,False,True,False,True,False,0.9999999999999993,-0.9999999999999996,-8.344192624226449e-05,25.951857288904414,25.951857288904417,2.741637527683817,False,False
20,0,14,-0.1,0.04,ok,ok,-0.07457660949521452,0.44763902617515433,False,True,False,True,False,1.0000000000000002,-1.0000000000000002,8.872894516034872e-05,25.848776425121514,25.848776425121514,2.779308369569492,False,False
20,0,15,-0.1,0.05,ok,ok,-0.07602584857252886,1.088829857446468,False,True,False,True,False,1.0000000000000004,-1.0000000000000002,8.809887886702658e-05,25.749609847867294,25.749609847867287,3.0875385446906702,False,False
20,0,16,-0.1,0.06,ok,ok,-0.06896766691270931,0.43587954579914906,False,True,False,True,False,0.9999999999999984,-0.9999999999999984,-9.029512465909743e-12,25.65425746706062,25.654257467060624,2.9262542563605307,False,False
20,0,17,-0.1,0.07,ok,ok,-0.07793457568974455,0.7997950293776074,False,True,False,True,False,0.9999999999999996,-0.9999999999999999,7.582867618404344e-05,25.562616677043188,25.562616677043195,3.0057143625414615,False,False
20,0,18,-0.1,0.08,ok,ok,-0.07728908146310123,0.0807872051162467,False,True,False,True,False,0.9999999999999994,-0.9999999999999991,-6.504373068526892e-05,25.47458278318295,25.474582783182946,2.946421502180043,False,False
20,0,19,-0.1,0.09,nonconverged_hf,skipped_nonconverged_hf,nan,nan,False,False,True,True,False,1.0000000000000007,-1.0000000000000007,3.5339496460705744e-16,25.390049429226426,25.390049429226423,0.8076770756855126,False,False
20,0,20,-0.1,0.1,invalid_reference_chern,skipped_invalid_reference_chern,nan,nan,False,False,True,False,True,1.0,-1.0,1.0000000000000002,25.30890902076101,25.308909020761,0.8075034825796024,False,False
20,1,0,-0.09,-0.1,ok,ok,-0.052452356287969126,0.15525455486284137,False,True,False,True,False,0.999999999999999,-0.9999999999999993,-5.481073074110641e-16,22.826667434717265,22.826667434717262,1.5794503730744336,False,False
20,1,1,-0.09,-0.09,ok,ok,-0.05546465525624264,-0.3609380981061028,True,True,False,True,False,1.0000000000000002,-0.9999999999999999,-3.7793769271938535e-13,23.151388391883994,23.151388391883994,1.8325697174598614,False,False
20,1,2,-0.09,-0.08,ok,ok,-0.04690260403917968,-1.6353398298495285,True,True,False,True,False,0.9999999999999997,-0.9999999999999997,-2.0262678826095353e-16,23.46294860164005,23.46294860164005,0.5749784749502045,False,False
20,1,3,-0.09,-0.07,ok,ok,-0.057281125998491375,0.49402766838910794,False,True,False,True,False,0.9999999999999993,-0.9999999999999996,-3.826517302641341e-17,23.762063456089606,23.762063456089606,0.4941318776923131,False,False
20,1,4,-0.09,-0.06,ok,ok,-0.057346773388251074,0.4435986934583199,False,True,False,True,False,0.9999999999999991,-0.9999999999999989,3.1550764928405436e-18,24.049372326651007,24.049372326651,0.44367261331137076,False,False
20,1,5,-0.09,-0.05,ok,ok,-0.05740335182551864,0.3980688937152665,False,True,False,True,False,0.9999999999999988,-0.9999999999999993,-3.825417991484231e-17,24.325452011310578,24.325452011310578,0.39811282767519224,False,False
20,1,6,-0.09,-0.04,ok,ok,-0.05745142394781339,0.3567003733763984,False,True,False,True,False,0.9999999999999996,-0.9999999999999999,4.4972514539789337e-17,24.590827379080718,24.590827379080725,0.35671404133119067,False,False
20,1,7,-0.09,-0.03,ok,ok,-0.0587796805361291,-0.035994172968677254,True,True,False,True,False,0.9999999999999989,-0.9999999999999989,-0.003131013952245463,24.845979848721008,24.84597984872101,0.2218751292274816,False,False
20,1,8,-0.09,-0.02,ok,ok,-0.0575243948374386,0.2841791047304095,False,True,False,True,False,0.9999999999999994,-0.9999999999999993,-1.4109722268711203e-17,25.091354180149985,25.091354180149985,0.2841288347010084,False,False
20,1,9,-0.09,-0.01,ok,ok,-0.0575505031891413,0.25214561224692034,False,True,False,True,False,1.0000000000000002,-1.0000000000000002,-4.200316543552842e-17,25.32736394160199,25.32736394160199,0.25206011448151716,False,False
20,1,10,-0.09,0.0,ok,ok,-0.05757051840505979,0.2224696280949619,False,True,False,True,False,0.9999999999999994,-0.9999999999999991,-3.972495634172645e-17,25.55439593068794,25.55439593068793,0.2223453581233034,False,False
20,1,11,-0.09,0.01,ok,ok,-0.07864152970869172,0.681788038282345,False,True,False,True,False,1.0000000000000007,-1.0000000000000007,-5.769586656625548e-05,25.7728137643344,25.772813764334405,2.467319155492445,False,False
20,1,12,-0.09,0.02,ok,ok,-0.07838358601834262,1.2899305214336363,False,True,False,True,False,0.9999999999999981,-0.999999999999998,-7.353375899330514e-05,25.982960805055082,25.982960805055075,2.823525365608085,False,False
20,1,13,-0.09,0.03,ok,ok,-0.07751484837418665,0.5577493708401382,False,True,False,True,False,0.9999999999999994,-0.9999999999999993,8.410724292944403e-05,25.928080049347763,25.928080049347763,2.7269037236400577,False,False
20,1,14,-0.09,0.04,ok,ok,-0.07449061615307612,0.5698288462797017,False,True,False,True,False,0.9999999999999993,-0.9999999999999997,-8.839720566434053e-05,25.82673225862451,25.82673225862451,2.803013807443026,False,False
20,1,15,-0.09,0.05,ok,ok,-0.07618487103407903,1.0851171476114103,False,True,False,True,False,0.999999999999999,-0.999999999999999,8.725011761380488e-05,25.729250487193312,25.729250487193312,3.1318468144850815,False,False
20,1,16,-0.09,0.06,ok,ok,-0.07853475314367943,0.2905586408882773,False,True,False,True,False,0.9999999999999999,-1.0000000000000002,-8.281841564435798e-05,25.635533556132007,25.635533556132007,2.9093962935294853,False,False
20,1,17,-0.09,0.07,ok,ok,-0.07759878287869251,0.8667932368195225,False,True,False,True,False,0.9999999999999997,-1.0,7.389350227253974e-05,25.545478008384237,25.545478008384244,3.0455060792800746,False,False
20,1,18,-0.09,0.08,nonconverged_hf,skipped_nonconverged_hf,nan,nan,False,False,True,True,False,0.9999999999999999,-0.9999999999999997,6.250947207071225e-05,25.45897852980817,25.458978529808178,2.8965609402942825,False,False
20,1,19,-0.09,0.09,nonconverged_hf,skipped_nonconverged_hf,nan,nan,False,False,True,True,False,1.000000000000001,-1.0000000000000002,2.1203697876423444e-16,25.37592836891243,25.37592836891243,0.8076467486683672,False,False
20,1,20,-0.09,0.1,nonconverged_hf,skipped_nonconverged_hf,nan,nan,False,False,True,True,False,1.0000000000000002,-0.9999999999999999,5.599101470493066e-16,25.296219750885417,25.296219750885413,0.8074799370551716,False,False
20,2,0,-0.08,-0.1,ok,ok,-0.063140122547342,1.2927451773206855,False,True,False,True,False,0.9999999999999999,-0.9999999999999994,1.5780232074841587e-13,22.911334559034433,22.911334559034433,1.6872853299770465,False,False
20,2,1,-0.08,-0.09,ok,ok,-0.057129002473429565,0.6006026839968899,False,True,False,True,False,0.9999999999999999,-0.9999999999999999,1.4104551560251433e-17,23.23233696817344,23.232336968173435,0.600764158976273,False,False
20,2,2,-0.08,-0.08,ok,ok,-0.0566835275686963,1.8172679733499981,False,True,False,True,False,0.9999999999999991,-0.9999999999999993,8.033302552095469e-14,23.5403631354622,23.5403631354622,2.026719995434911,False,False
20,2,3,-0.08,-0.07,ok,ok,-0.057284902576290375,0.48409933763022933,False,True,False,True,False,0.9999999999999996,-0.9999999999999993,-5.956302333183451e-17,23.83610942583343,23.836109425833428,0.4841976573454638,False,False
20,2,4,-0.08,-0.06,ok,ok,-0.05254133205367765,1.0613147822407905,False,True,False,True,False,0.9999999999999996,-0.9999999999999999,-6.34959917849385e-13,24.120199886259943,24.12019988625995,2.1193853064859214,False,False
20,2,5,-0.08,-0.05,ok,ok,-0.05748824926578079,1.9649469540442734,False,True,False,True,False,0.9999999999999988,-0.9999999999999989,3.215466015076512e-10,24.393198869121125,24.393198869121118,1.9698357993652889,False,False
20,2,6,-0.08,-0.04,ok,ok,-0.057449380157070594,0.34966330374808763,False,True,False,True,False,0.9999999999999999,-1.0,-4.53014960851995e-18,24.655621045119943,24.65562104511994,0.3496712847354396,False,False
20,2,7,-0.08,-0.03,ok,ok,-0.05748792086505246,0.3125574394377945,False,True,False,True,False,0.9999999999999997,-1.0,4.360512971598303e-17,24.90793939440058,24.90793939440058,0.3125340994710214,False,False
20,2,8,-0.08,-0.02,ok,ok,-0.05751930138641895,0.27844151701955205,False,True,False,True,False,1.0,-0.9999999999999994,-4.5936230731628684e-17,25.150591619187256,25.150591619187256,0.27838512325905196,False,False
20,2,9,-0.08,-0.01,ok,ok,-0.05754413128582453,0.24693524328830102,False,True,False,True,False,1.0000000000000002,-1.0000000000000002,-1.6790848098840068e-18,25.383985315228493,25.383985315228493,0.24684318599048558,False,False
20,2,10,-0.08,0.0,ok,ok,-0.05756302837395805,0.21772348571511735,False,True,False,True,False,1.0,-1.0,-2.340620322466384e-17,25.608502161065438,25.60850216106543,0.21759202484014048,False,False
20,2,11,-0.08,0.01,ok,ok,-0.07854014735681247,0.8031225051070153,False,True,False,True,False,0.9999999999999993,-0.999999999999999,6.01543437655146e-05,25.824501325731855,25.824501325731855,2.5073179819674,False,False
20,2,12,-0.08,0.02,ok,ok,-0.07836734047881858,1.2168491537477732,False,True,False,True,False,0.9999999999999994,-0.9999999999999997,7.502549020328237e-05,26.008366332237088,26.008366332237088,2.847910338862372,False,False
20,2,13,-0.08,0.03,ok,ok,-0.07946985613696472,0.4516934508152099,False,True,False,True,False,1.0,-0.9999999999999997,8.472554180902943e-05,25.9048116448999,25.904811644899894,2.717684071217251,False,False
20,2,14,-0.08,0.04,ok,ok,-0.07778048562565121,0.7007171934561544,False,True,False,True,False,1.0000000000000002,-1.0,-8.787355924180718e-05,25.80517394907869,25.805173949078686,2.8326213461355345,False,False
20,2,15,-0.08,0.05,ok,ok,-0.06842608395993349,1.0804717808466102,False,True,False,True,False,1.0000000000000004,-1.0000000000000004,-8.825145262236713e-12,25.709353557451305,25.709353557451298,3.076588252620293,False,False
20,2,16,-0.08,0.06,ok,ok,-0.07107545345350699,0.18040584888680725,False,True,False,True,False,1.0000000000000004,-1.0000000000000002,-9.340817261962652e-12,25.617248323372383,25.6172483233724,2.899888153429553,False,False
20,2,17,-0.08,0.07,ok,ok,-0.06800567559527476,0.7820767135665815,False,True,False,True,False,1.0000000000000002,-1.0000000000000002,1.0664048108521478e-11,25.528754054365116,25.528754054365113,3.0938656459538416,False,False
20,2,18,-0.08,0.08,nonconverged_hf,skipped_nonconverged_hf,nan,nan,False,False,True,True,False,0.9999999999999989,-0.999999999999999,1.042537766099405e-08,25.4437649268131,25.44376492681311,2.857245846996081,False,False
20,2,19,-0.08,0.09,nonconverged_hf,skipped_nonconverged_hf,nan,nan,False,False,True,True,False,0.9999999999999997,-0.9999999999999997,2.6504622345529346e-17,25.36217389741675,25.36217389741675,0.8076182056698014,False,False
20,2,20,-0.08,0.1,nonconverged_hf,skipped_nonconverged_hf,nan,nan,False,False,True,True,False,0.9999999999999997,-0.9999999999999996,9.243487043003346e-16,25.283873107265123,25.283873107265123,0.8074549255569468,False,False
20,3,0,-0.07,-0.1,ok,ok,-0.05704628151049137,0.6558185158457961,False,True,False,True,False,0.9999999999999994,-0.9999999999999997,-8.344044735638661e-18,22.995104267352296,22.995104267352296,0.6560072548481339,False,False
20,3,1,-0.07,-0.09,ok,ok,-0.05713703399153053,0.5880242915521244,False,True,False,True,False,1.0,-1.0000000000000002,-4.208460978302826e-17,23.31242148836133,23.31242148836133,0.5881792448427199,False,False
20,3,2,-0.07,-0.08,ok,ok,-0.057791837635898596,0.5060717393646744,False,True,False,True,False,0.9999999999999991,-0.9999999999999989,3.237965833160831e-14,23.61694344437271,23.616943444372716,2.016564098483028,False,False
20,3,3,-0.07,-0.07,ok,ok,-0.057288324157179854,0.4744029016349249,False,True,False,True,False,0.9999999999999999,-1.0000000000000002,3.849012085201146e-17,23.90934837093651,23.909348370936506,0.4744953739064439,False,False
20,3,4,-0.07,-0.06,ok,ok,-0.057349799144698406,0.4261941347368463,False,True,False,True,False,1.0000000000000004,-1.0000000000000007,1.7306180100377267e-17,24.19024566153645,24.19024566153645,0.42625665027221,False,False
20,3,5,-0.07,-0.05,ok,ok,-0.05935153441461308,2.088338453571769,False,True,False,True,False,0.9999999999999999,-1.0000000000000002,-2.843650661583388e-09,24.460187722532844,24.460187722532844,2.106056220459421,False,False
20,3,6,-0.07,-0.04,ok,ok,-0.05744709842292008,0.3427659794985429,False,True,False,True,False,1.0000000000000007,-1.0000000000000009,-4.397674029553517e-17,24.719679395800075,24.71967939580008,0.34276825780205383,False,False
20,3,7,-0.07,-0.03,invalid_reference_chern,skipped_invalid_reference_chern,nan,nan,False,False,True,False,True,0.999999999999999,-0.9999999999999993,-0.03628711090085906,24.969185493247032,24.96918549324704,2.433482738340954,False,False
20,3,8,-0.07,-0.02,ok,ok,-0.05751404581567532,0.2728091955782878,False,True,False,True,False,0.999999999999999,-0.9999999999999989,-6.422204090617515e-17,25.20913685418924,25.20913685418924,0.27274662098730096,False,False
20,3,9,-0.07,-0.01,ok,ok,-0.0575376335741046,0.2418175477682258,False,True,False,True,False,0.9999999999999993,-0.999999999999999,-5.0460519599606044e-18,25.439935239034007,25.439935239034007,0.24171884747175454,False,False
20,3,10,-0.07,0.0,ok,ok,-0.05755544729100728,0.21305963419937146,False,True,False,True,False,0.999999999999999,-0.9999999999999993,-5.862202300904082e-17,25.661957300554658,25.661957300554654,0.21292086501899704,False,False
20,3,11,-0.07,0.01,ok,ok,-0.07846571395000876,0.9232473433980779,False,True,False,True,False,0.9999999999999997,-0.9999999999999999,6.240533628134204e-05,25.875557820008975,25.875557820008975,2.551905293088054,False,False
20,3,12,-0.07,0.02,ok,ok,-0.07814505405737512,1.0942130031249253,False,True,False,True,False,0.9999999999999993,-0.9999999999999993,-7.631728058654729e-05,25.983864697846265,25.983864697846272,2.809355968094603,False,False
20,3,13,-0.07,0.03,ok,ok,-0.07064256941644932,0.3621725585520745,False,True,False,True,False,1.0000000000000002,-0.9999999999999996,1.0113530537015851e-11,25.88204499428608,25.882044994286094,2.714010814588303,False,False
20,3,14,-0.07,0.04,ok,ok,-0.07482442095086814,0.83548517556919,False,True,False,True,False,0.999999999999999,-0.999999999999999,-8.737618095889732e-05,25.784094258887695,25.784094258887702,2.86809939762067,False,False
20,3,15,-0.07,0.05,ok,ok,-0.06855340443987319,1.0415885379963894,False,True,False,True,False,0.9999999999999994,-0.9999999999999994,-8.959612874539163e-12,25.68991172249253,25.68991172249253,3.027207201593247,False,False
20,3,16,-0.07,0.06,ok,ok,-0.07958311346587323,0.18923158889572006,False,True,False,True,False,0.9999999999999993,-0.9999999999999991,-7.967455283353814e-05,25.599394388576812,25.599394388576805,2.897846042693058,False,False
20,3,17,-0.07,0.07,ok,ok,-0.07554101195284225,0.6982784588859239,False,True,False,True,False,1.0000000000000004,-1.0,-7.017189397319316e-05,25.512437441669867,25.512437441669874,3.073849261430318,False,False
20,3,18,-0.07,0.08,nonconverged_hf,skipped_nonconverged_hf,nan,nan,False,False,True,True,False,0.9999999999999997,-0.9999999999999993,4.60102851882842e-08,25.42893465495509,25.428934654955096,2.8292503307002845,False,False
20,3,19,-0.07,0.09,invalid_reference_chern,skipped_invalid_reference_chern,nan,nan,False,False,True,False,True,0.9999999999999999,-0.9999999999999999,-1.0,25.348778792849533,25.34877879284954,0.8075904546204017,False,False
20,3,20,-0.07,0.1,invalid_reference_chern,skipped_invalid_reference_chern,nan,nan,False,False,True,False,True,0.9999999999999984,-0.9999999999999988,-0.9999999999999994,25.271862004655517,25.271862004655514,0.8082726094322324,False,False
20,4,0,-0.06,-0.1,ok,ok,-0.057056376438423206,0.6417248547554072,False,True,False,True,False,0.9999999999999994,-0.9999999999999991,-5.956889886866046e-17,23.077975083749138,23.077975083749138,0.6419066368865501,False,False
20,4,1,-0.06,-0.09,ok,ok,-0.05935408362695671,1.574860161295042,False,True,False,True,False,0.9999999999999991,-1.0,-1.180585156244189e-12,23.391640452184724,23.39164045218472,1.8522640450541583,False,False
20,4,2,-0.06,-0.08,ok,ok,-0.057222833191161726,0.5172682982522732,False,True,False,True,False,0.999999999999998,-0.9999999999999988,-1.1092596168504437e-17,23.69268817412702,23.69268817412702,0.5173853265058267,False,False
20,4,3,-0.06,-0.07,ok,ok,-0.057291397801913585,0.4649318239752391,False,True,False,True,False,1.0000000000000007,-1.0000000000000004,1.3588698216750683e-17,23.981779196373843,23.981779196373836,0.4650184878146706,False,False
20,4,4,-0.06,-0.06,ok,ok,-0.05735084535509675,0.41777735712979014,False,True,False,True,False,1.0,-1.0000000000000002,-4.709905973320668e-17,24.259508887807737,24.25950888780774,0.41783420033927493,False,False
20,4,5,-0.06,-0.05,ok,ok,-0.05740171964610386,0.3750140330691194,False,True,False,True,False,0.9999999999999994,-0.9999999999999991,1.7336539171161417e-17,24.52641817741357,24.526418177413564,0.3750410349039664,False,False
20,4,6,-0.06,-0.04,ok,ok,-0.0574445863369481,0.33600561125136347,False,True,False,True,False,0.9999999999999999,-0.9999999999999997,5.1722450608281253e-17,24.7830024250529,24.783002425052892,0.3360021687795794,False,False
20,4,7,-0.06,-0.03,ok,ok,-0.057480026810744975,0.30023547832864456,False,True,False,True,False,0.9999999999999996,-0.9999999999999993,8.000250459479425e-17,25.029718528323674,25.029718528323667,0.3002003474272005,False,False
20,4,8,-0.06,-0.02,ok,ok,-0.05750863550149615,0.2672804892201412,False,True,False,True,False,1.0,-1.0,-6.151649002322704e-17,25.26699064664627,25.266990646646267,0.2672116737881319,False,False
20,4,9,-0.06,-0.01,ok,ok,-0.05753101715650929,0.23679123664566998,False,True,False,True,False,0.9999999999999997,-0.9999999999999993,-4.2248325385835784e-17,25.495214834006973,25.495214834006973,0.23668580628134822,False,False
20,4,10,-0.06,0.0,ok,ok,-0.07853469200105723,0.28183428937069904,False,True,False,True,False,0.9999999999999994,-0.9999999999999994,4.5695075190724295e-05,25.71476280518109,25.71476280518109,2.3484666722000864,False,False
20,4,11,-0.06,0.01,ok,ok,-0.07933760466891954,1.0421748699186792,False,True,False,True,False,0.9999999999999989,-0.9999999999999988,-6.453506160767562e-05,25.925985010276626,25.92598501027662,2.601026521816355,False,False
20,4,12,-0.06,0.02,ok,ok,-0.0701848438462459,0.9711167318692216,False,True,False,True,False,0.9999999999999999,-0.9999999999999999,-1.0498411336430501e-11,25.959880460931412,25.959880460931405,2.775812984865453,False,False
20,4,13,-0.06,0.03,ok,ok,-0.08011071343158459,0.3152379203018559,False,True,False,True,False,0.9999999999999989,-0.9999999999999986,8.533575861567581e-05,25.859772929098988,25.859772929098977,2.7159066021502127,False,False
20,4,14,-0.06,0.04,ok,ok,-0.07505250701754612,0.9717948668711238,False,True,False,True,False,0.9999999999999999,-0.9999999999999999,-8.672501528141086e-05,25.763485888638286,25.763485888638282,2.9093811415476476,False,False
20,4,15,-0.06,0.05,ok,ok,-0.06868265550822057,0.8942514662987525,False,True,False,True,False,0.9999999999999991,-0.9999999999999989,-8.763453545008998e-12,25.670917607901398,25.670917607901405,2.9839765022779807,False,False
20,4,16,-0.06,0.06,ok,ok,-0.0668566687009499,0.3083924541407894,False,True,False,True,False,1.0000000000000004,-1.0000000000000004,9.588514829643715e-12,25.581964354969834,25.581964354969834,2.9033768265690383,False,False
20,4,17,-0.06,0.07,ok,ok,-0.06838523908340097,0.6092476220198467,False,True,False,True,False,0.9999999999999994,-0.9999999999999999,1.1920483993691778e-11,25.496520800197178,25.496520800197185,3.05097885174196,False,False
20,4,18,-0.06,0.08,invalid_reference_chern,skipped_invalid_reference_chern,nan,nan,False,False,True,False,True,1.0000000000000004,-1.0000000000000007,-0.03591906162684076,25.41448041605166,25.414480416051656,2.814972015464985,False,False
20,4,19,-0.06,0.09,invalid_reference_chern,skipped_invalid_reference_chern,nan,nan,False,False,True,False,True,0.9999999999999994,-0.9999999999999994,-0.9999999999999997,25.335735870285053,25.33573587028505,0.8075634403077468,False,False
20,4,20,-0.06,0.1,invalid_reference_chern,skipped_invalid_reference_chern,nan,nan,False,True,False,False,True,0.9999999999999996,-0.9999999999999994,-0.013164646575922732,25.26017940876095,25.26017940876095,0.9531406336628812,False,False
20,5,0,-0.05,-0.1,ok,ok,-0.05706602093548749,0.6280296222358199,False,True,False,True,False,0.9999999999999996,-0.999999999999999,-3.494531214671268e-18,23.159945902654453,23.159945902654453,0.6282045637733711,False,False
20,5,1,-0.05,-0.09,ok,ok,-0.05590277020029702,-0.3630901573438013,True,True,False,True,False,0.9999999999999996,-0.9999999999999989,1.9101562440685345e-12,23.469992744837967,23.469992744837967,1.8971347919086021,False,False
20,5,2,-0.05,-0.08,ok,ok,-0.051119546656850576,-0.4158595661253229,True,True,False,True,False,0.9999999999999994,-0.9999999999999994,1.9374019605028543e-13,23.767596358223027,23.767596358223024,2.082517749792398,False,False
20,5,3,-0.05,-0.07,ok,ok,-0.05729413078307223,0.45567982773086396,False,True,False,True,False,0.9999999999999991,-1.0,-7.46690757271168e-17,24.053401188145003,24.053401188144996,0.45576071911313937,False,False
20,5,4,-0.05,-0.06,ok,ok,-0.05735159045440509,0.4095445803431534,False,True,False,True,False,0.9999999999999999,-0.9999999999999997,6.216796034431916e-20,24.327989168483683,24.327989168483683,0.40959576762016475,False,False
20,5,5,-0.05,-0.05,ok,ok,-0.05740064210853536,0.36764649709547614,False,True,False,True,False,0.9999999999999996,-0.9999999999999993,1.0829326076281668e-16,24.591890190588227,24.591890190588227,0.3676678540661472,False,False
20,5,6,-0.05,-0.04,ok,ok,-0.05744185155256856,0.3293794837886491,False,True,False,True,False,1.0,-0.9999999999999996,1.0641754291704898e-17,24.845590457964757,24.845590457964768,0.32937030008515644,False,False
20,5,7,-0.05,-0.03,ok,ok,-0.05747579923181183,0.2942502295339098,False,True,False,True,False,1.0000000000000007,-1.0000000000000007,1.5581966371526505e-17,25.089539192484388,25.089539192484388,0.2942091440619811,False,False
20,5,8,-0.05,-0.02,ok,ok,-0.057503077803436504,0.2618537742718826,False,True,False,True,False,1.0000000000000002,-1.0,3.581486015195625e-17,25.32415404574028,25.324154045740283,0.26177865503563347,False,False
20,5,9,-0.05,-0.01,ok,ok,-0.057524289083374924,0.231855035481423,False,True,False,True,False,1.0000000000000002,-1.0000000000000007,-4.6744709352733266e-17,25.549825486602238,25.549825486602238,0.23174278426457431,False,False
20,5,10,-0.05,0.0,ok,ok,-0.07238909005969699,0.4052484100211495,False,True,False,True,False,1.0000000000000004,-1.0000000000000002,4.8827075984682195e-05,25.766920374529256,25.76692037452925,2.3728157411823205,False,False
20,5,11,-0.05,0.01,ok,ok,-0.07839867695843225,1.159988644089155,False,True,False,True,False,0.9999999999999999,-0.9999999999999999,6.636041619153835e-05,25.97578488193664,25.975784881936633,2.654586513477033,False,False
20,5,12,-0.05,0.02,ok,ok,-0.07824292147198378,0.8481767505833717,False,True,False,True,False,0.9999999999999991,-0.9999999999999994,-7.861094891015536e-05,25.936406540706905,25.936406540706916,2.7473894688756144,False,False
20,5,13,-0.05,0.03,ok,ok,-0.06919741253637621,0.33041399913236685,False,True,False,True,False,0.9999999999999994,-0.9999999999999999,9.719951251855178e-12,25.837988204673227,25.83798820467324,2.7233863600782335,False,False
20,5,14,-0.05,0.04,ok,ok,-0.07693639245714307,1.1084263758328223,False,True,False,True,False,0.9999999999999997,-0.9999999999999996,8.592963805233954e-05,25.74334148714779,25.74334148714779,2.9563568972833765,False,False
20,5,15,-0.05,0.05,ok,ok,-0.062243016980549,0.5092972729127794,False,True,False,True,False,0.9999999999999994,-0.9999999999999993,5.6441427526803256e-05,25.652363810189104,25.652363810189115,3.016405318972073,False,False
20,5,16,-0.05,0.06,ok,ok,-0.07900233252150232,0.4590306424801512,False,True,False,True,False,1.0,-1.0,7.634416435786887e-05,25.56495081753157,25.56495081753157,2.916578434256148,False,False
20,5,17,-0.05,0.07,ok,ok,-0.07653932736914767,0.5168587758509456,False,True,False,True,False,1.0000000000000009,-1.0000000000000004,-6.639490232220735e-05,25.480996770517606,25.48099677051761,3.0278089791729874,False,False
20,5,18,-0.05,0.08,invalid_reference_chern,skipped_invalid_reference_chern,nan,nan,False,False,True,False,True,0.9999999999999997,-0.9999999999999993,0.014464641802445053,25.400394939578753,25.400394939578753,2.811129793423571,False,False
20,5,19,-0.05,0.09,nonconverged_hf,skipped_nonconverged_hf,nan,nan,False,False,True,True,False,1.0000000000000004,-1.0000000000000002,4.240739575284689e-16,25.32303798752109,25.32303798752109,0.8075376100628865,False,False
20,5,20,-0.05,0.1,invalid_reference_chern,skipped_invalid_reference_chern,nan,nan,False,True,False,False,True,0.9999999999999994,-1.0000000000000002,2.044095357150768,25.248818341183515,25.24881834118352,0.9499817439797523,False,False
20,6,0,-0.04,-0.1,ok,ok,-0.057075220055927606,0.6147179369790033,False,True,False,True,False,0.9999999999999994,-0.9999999999999993,-1.2417291961266172e-17,23.241015983363983,23.24101598336399,0.6148861482254996,False,False
20,6,1,-0.04,-0.09,ok,ok,-0.05750584735551103,1.2274845813119843,False,True,False,True,False,0.9999999999999994,-0.9999999999999994,1.1024130447317778e-12,23.547477628931034,23.547477628931034,1.9682272864838815,False,False
20,6,2,-0.04,-0.08,ok,ok,-0.05723222842885155,0.496595070365466,False,True,False,True,False,1.0000000000000007,-1.0000000000000004,-8.890904255739205e-17,23.841667408194443,23.841667408194443,0.4967001543779839,False,False
20,6,3,-0.04,-0.07,ok,ok,-0.05495844198447675,1.411723164097421,False,True,False,True,False,0.9999999999999994,-0.9999999999999999,-4.4944081374185313e-13,24.12421400254396,24.12421400254396,2.181221318392912,False,False
20,6,4,-0.04,-0.06,ok,ok,-0.05735204211512673,0.401491263112081,False,True,False,True,False,0.9999999999999999,-1.0000000000000002,-2.1732300650015675e-17,24.395686463767962,24.39568646376797,0.40153680830194327,False,False
20,6,5,-0.04,-0.05,ok,ok,-0.059652437475305194,1.8848305005172017,False,True,False,True,False,0.9999999999999983,-0.9999999999999986,3.0372541827473675e-09,24.656604058329897,24.656604058329894,2.0011535880400086,False,False
20,6,6,-0.04,-0.04,ok,ok,-0.05743890177084303,0.3228849535758745,False,True,False,True,False,0.9999999999999988,-0.9999999999999989,1.1310892431620977e-16,24.907444139293762,24.907444139293762,0.3228700058298752,False,False
20,6,7,-0.04,-0.03,ok,ok,-0.057471394705254364,0.2883793942151498,False,True,False,True,False,0.9999999999999988,-0.9999999999999988,-2.5054063776828824e-17,25.14864847709546,25.148648477095456,0.2883323113696781,False,False
20,6,8,-0.04,-0.02,ok,ok,-0.05749738004934466,0.2565274541629732,False,True,False,True,False,0.9999999999999997,-1.0,-1.0422106570384596e-16,25.380628377397517,25.380628377397517,0.25644596514846196,False,False
20,6,9,-0.04,-0.01,ok,ok,-0.05751745633405633,0.22700768451007627,False,True,False,True,False,0.9999999999999997,-0.9999999999999996,1.1583690641862453e-17,25.60376883821286,25.60376883821285,0.22688851791894898,False,False
20,6,10,-0.04,0.0,ok,ok,-0.0720824669541579,0.5276588335168519,False,True,False,True,False,0.9999999999999997,-1.0000000000000002,-5.1698469148868055e-05,25.818431941693976,25.818431941693987,2.401566667525332,False,False
20,6,11,-0.04,0.01,ok,ok,-0.07886367736363792,1.2768281572504376,False,True,False,True,False,0.9999999999999994,-0.9999999999999994,-6.816865385245555e-05,26.01401178374173,26.014011783741736,2.712445716462761,False,False
20,6,12,-0.04,0.02,ok,ok,-0.07890168909547346,0.7264697216471956,False,True,False,True,False,1.0,-1.0000000000000002,-7.960455111040436e-05,25.91343576528707,25.913435765287065,2.7241593426346133,False,False
20,6,13,-0.04,0.03,ok,ok,-0.0789995612611228,0.4007337419039643,False,True,False,True,False,0.9999999999999996,-0.9999999999999994,8.523687773458026e-05,25.816683510616155,25.816683510616148,2.736457120703774,False,False
20,6,14,-0.04,0.04,ok,ok,-0.06840008343663212,1.1508016002841255,False,True,False,True,False,0.999999999999999,-0.9999999999999991,8.724834101533017e-12,25.723653661158064,25.723653661158068,3.008867889927039,False,False
20,6,15,-0.04,0.05,ok,ok,-0.07402610298864046,0.5987921834366338,False,True,False,True,False,0.9999999999999989,-0.999999999999999,8.184510906436274e-05,25.63424290562932,25.63424290562933,2.916783053124407,False,False
20,6,16,-0.04,0.06,ok,ok,-0.07863200502255661,0.6182724686032517,False,True,False,True,False,1.0000000000000004,-1.0000000000000002,-7.459681928483176e-05,25.548346370966833,25.548346370966833,2.93753593370433,False,False
20,6,17,-0.04,0.07,ok,ok,-0.06874852584589175,0.42413706198410345,False,True,False,True,False,1.0,-1.0000000000000004,1.430013828641719e-11,25.465858010979726,25.465858010979716,2.991123505786224,False,False
20,6,18,-0.04,0.08,invalid_reference_chern,skipped_invalid_reference_chern,nan,nan,False,False,True,False,True,1.0000000000000002,-1.0000000000000002,-1.0000000000000007,25.386670988928067,25.38667098892807,0.807681811160018,False,False
20,6,19,-0.04,0.09,nonconverged_hf,skipped_nonconverged_hf,nan,nan,False,False,True,True,False,0.9999999999999997,-0.9999999999999997,2.5068955301813136e-16,25.310678050510557,25.310678050510553,0.8075134796420476,False,False
20,6,20,-0.04,0.1,invalid_reference_chern,skipped_invalid_reference_chern,nan,nan,False,True,False,False,True,0.9999999999999994,-0.9999999999999997,-0.06581164920260378,25.237771884060717,25.237771884060713,0.9468778789390851,False,False
20,7,0,-0.03,-0.1,ok,ok,-0.05708397933192093,0.6017756710816445,False,True,False,True,False,0.9999999999999997,-1.0000000000000002,-2.0840693851128133e-17,23.321184943966575,23.321184943966582,0.6019372566510831,False,False
20,7,1,-0.03,-0.09,ok,ok,-0.05716499343626445,0.5409354267221619,False,True,False,True,False,0.9999999999999993,-0.9999999999999996,-7.169915195741155e-17,23.62409473606119,23.62409473606119,0.5410651357211304,False,False
20,7,2,-0.03,-0.08,ok,ok,-0.0572363744575317,0.48663463176295,False,True,False,True,False,1.0,-0.9999999999999997,-5.70767252781186e-17,23.914901103664846,23.914901103664846,0.4867338218732996,False,False
20,7,3,-0.03,-0.07,ok,ok,-0.05729860477888017,0.437809193869007,False,True,False,True,False,0.9999999999999999,-0.999999999999999,-1.7199644859874314e-17,24.19421765529793,24.194217655297923,0.4378786365706164,False,False
20,7,4,-0.03,-0.06,ok,ok,-0.057352208126298106,0.39361302248552615,False,True,False,True,False,0.9999999999999984,-0.9999999999999988,2.7839786057254264e-17,24.46260107931978,24.46260107931978,0.3936529369416815,False,False
20,7,5,-0.03,-0.05,invalid_reference_chern,skipped_invalid_reference_chern,nan,nan,False,True,False,False,True,0.9999999999999989,-0.999999999999999,0.9999999686580244,24.72056040486239,24.720560404862397,2.041303443888513,False,False
20,7,6,-0.03,-0.04,ok,ok,-0.05743574472623051,0.3165194463362284,False,True,False,True,False,0.9999999999999994,-0.9999999999999997,5.489539593683505e-17,24.968564422044253,24.968564422044242,0.3164987093915232,False,False
20,7,7,-0.03,-0.03,ok,ok,-0.057466820791199004,0.2826209720205255,False,True,False,True,False,1.0000000000000002,-1.0000000000000002,-1.9101727441020665e-17,25.207047660847795,25.207047660847792,0.2825678464366874,False,False
20,7,8,-0.03,-0.02,ok,ok,-0.057491549521226926,0.2512999591145161,False,True,False,True,False,0.9999999999999994,-0.999999999999999,8.454162694789981e-18,25.4364152334573,25.436415233457296,0.2512120313317693,False,False
20,7,9,-0.03,-0.01,ok,ok,-0.05751052580917612,0.22224793893608003,False,True,False,True,False,0.9999999999999993,-0.9999999999999994,9.623934286696736e-18,25.657046774776425,25.657046774776425,0.2221217585196705,False,False
20,7,10,-0.03,0.0,ok,ok,-0.0722344688286646,0.6488309720858333,False,True,False,True,False,1.0000000000000007,-1.0000000000000007,-5.432703984910613e-05,25.86929966337706,25.869299663377067,2.4347385823368413,False,False
20,7,11,-0.03,0.01,ok,ok,-0.06399984158364486,1.3355208870242152,False,True,False,True,False,0.9999999999999996,-0.9999999999999997,-1.123395546781169e-11,25.989845389130558,25.989845389130547,2.774418405865654,False,False
20,7,12,-0.03,0.02,ok,ok,-0.07039786703299815,0.6079068949413634,False,True,False,True,False,0.9999999999999999,-0.9999999999999999,1.0135223466046403e-11,25.89096088268308,25.890960882683082,2.7061689510276645,False,False
20,7,13,-0.03,0.03,ok,ok,-0.07863560382615095,0.5031412614034604,False,True,False,True,False,1.0000000000000004,-1.0000000000000007,-8.499908737518532e-05,25.795851480989615,25.795851480989615,2.755115819419921,False,False
20,7,14,-0.03,0.04,ok,ok,-0.0764501483205536,1.147956554291076,False,True,False,True,False,0.9999999999999994,-0.9999999999999994,8.43126336080487e-05,25.70441498467275,25.704414984672752,3.0667023726643365,False,False
20,7,15,-0.03,0.05,ok,ok,-0.06927921912249856,0.4544915556948937,False,True,False,True,False,0.9999999999999994,-0.9999999999999996,-8.878064777737555e-12,25.616547458735432,25.61654745873544,2.8931156659140873,False,False
20,7,16,-0.03,0.06,ok,ok,-0.0679169430693922,0.7802841555550438,False,True,False,True,False,0.9999999999999997,-1.0,9.97758832900568e-12,25.532143617319143,25.532143617319136,2.9663136230104103,False,False
20,7,17,-0.03,0.07,ok,ok,-0.07601838727697918,0.3315599412966938,False,True,False,True,False,1.0000000000000007,-1.0000000000000002,6.24195784527295e-05,25.451097204468716,25.451097204468713,2.9313441746492876,False,False
20,7,18,-0.03,0.08,nonconverged_hf,skipped_nonconverged_hf,nan,nan,False,False,True,True,False,0.9999999999999994,-0.9999999999999991,-7.067899292141149e-17,25.37330136732817,25.373301367328175,0.8076533295722788,False,False
20,7,19,-0.03,0.09,nonconverged_hf,skipped_nonconverged_hf,nan,nan,False,False,True,True,False,1.0,-1.0000000000000002,-5.46657835876542e-16,25.29864901847208,25.298649018472084,0.8074897894182257,False,False
20,7,20,-0.03,0.1,ok,ok,-0.06437391308584753,0.7068519900883112,False,True,False,True,False,0.9999999999999994,-0.9999999999999997,-0.003002650787993209,25.227033184399097,25.227033184399094,0.7070425057186823,False,False
20,8,0,-0.02,-0.1,ok,ok,-0.05709230473406536,0.589189404966639,False,True,False,True,False,0.9999999999999996,-0.9999999999999999,5.883430124549897e-17,23.40045275473433,23.40045275473433,0.5893444640546376,False,False
20,8,1,-0.02,-0.09,ok,ok,-0.05717097392415087,0.5299160384930947,False,True,False,True,False,0.9999999999999991,-0.9999999999999994,1.112189192361183e-16,23.699844058039155,23.699844058039144,0.5300396247002855,False,False
20,8,2,-0.02,-0.08,ok,ok,-0.057240162689517225,0.47691499847136737,False,True,False,True,False,0.9999999999999988,-0.9999999999999991,-1.840994484185808e-18,23.987297582194962,23.987297582194962,0.47700834234006884,False,False
20,8,3,-0.02,-0.07,ok,ok,-0.04421122676141973,0.9085238891981212,False,True,False,True,False,1.0000000000000002,-0.9999999999999999,-2.0780710608411068e-11,24.263412510603512,24.263412510603512,2.1884443907313114,False,False
20,8,4,-0.02,-0.06,ok,ok,-0.05735209637661132,0.38590562687129115,False,True,False,True,False,0.9999999999999999,-0.9999999999999996,9.101665377254078e-17,24.5287336548891,24.528733654889088,0.38593991950957185,False,False
20,8,5,-0.02,-0.05,ok,ok,-0.05739591730729145,0.34644781682119524,False,True,False,True,False,0.9999999999999999,-1.0000000000000002,-1.3380034763686245e-16,24.783760170893547,24.78376017089356,0.3464522037288012,False,False
20,8,6,-0.02,-0.04,ok,ok,-0.05743238817187389,0.31028045479550914,False,True,False,True,False,1.0000000000000007,-1.0000000000000007,-6.775226100420906e-18,25.028952556114348,25.028952556114355,0.3102539011586788,False,False
20,8,7,-0.02,-0.03,ok,ok,-0.05746208503104996,0.2769730056414089,False,True,False,True,False,0.9999999999999993,-0.9999999999999994,-3.0269286483846545e-17,25.264738298674303,25.264738298674313,0.27691378937362426,False,False
20,8,8,-0.02,-0.02,ok,ok,-0.05748559344496272,0.2461697457933097,False,True,False,True,False,0.9999999999999996,-1.0,-3.4866154363440546e-17,25.49151646096752,25.491516460967517,0.24607530715600506,False,False
20,8,9,-0.02,-0.01,ok,ok,-0.05750350432141207,0.21757456895800523,False,True,False,True,False,1.0000000000000004,-1.0000000000000004,-1.6222174682737292e-16,25.709661416523968,25.709661416523968,0.2174412722735932,False,False
20,8,10,-0.02,0.0,ok,ok,-0.06626361334159434,0.7686083432204549,False,True,False,True,False,1.0000000000000009,-1.0000000000000009,5.680068381357175e-05,25.919525910137907,25.91952591013791,2.4723312681269913,False,False
20,8,11,-0.02,0.01,ok,ok,-0.07867036274010786,1.2698118508714258,False,True,False,True,False,0.9999999999999994,-0.9999999999999994,7.123874885962046e-05,25.966190538687474,25.966190538687467,2.8402732741797,False,False
20,8,12,-0.02,0.02,ok,ok,-0.07952489176613041,0.4960644116944153,False,True,False,True,False,1.0000000000000002,-1.0000000000000009,-8.100366175955691e-05,25.86897457145808,25.86897457145808,2.6934435149943,False,False
20,8,13,-0.02,0.03,ok,ok,-0.07830231548250381,0.6212576250237548,False,True,False,True,False,1.0,-0.9999999999999997,-8.463757447306853e-05,25.775484704138886,25.775484704138883,2.779345253533247,False,False
20,8,14,-0.02,0.04,ok,ok,-0.07670807026784279,1.1443212170264787,False,True,False,True,False,0.9999999999999986,-0.999999999999999,-8.351711359447745e-05,25.685618007936903,25.685618007936892,3.0953822769827397,False,False
20,8,15,-0.02,0.05,ok,ok,-0.07889848388862573,0.32054528779788277,False,True,False,True,False,0.9999999999999994,-0.9999999999999999,7.939543717101552e-05,25.599270030380442,25.59927003038045,2.8762086921402368,False,False
20,8,16,-0.02,0.06,ok,ok,-0.07493586898223555,0.9429334448552625,False,True,False,True,False,0.9999999999999996,-0.9999999999999997,7.115827396989304e-05,25.516335173232257,25.516335173232246,3.002944131100599,False,False
20,8,17,-0.02,0.07,ok,ok,-0.06947334236166403,0.24029403221185547,False,True,False,True,False,0.9999999999999993,-0.9999999999999999,-1.997617246025626e-11,25.436707064822034,25.436707064822027,2.8804930548449157,False,False
20,8,18,-0.02,0.08,nonconverged_hf,skipped_nonconverged_hf,nan,nan,False,False,True,True,False,0.9999999999999999,-0.9999999999999997,-1.5571465627998465e-16,25.36027892343586,25.36027892343586,0.8076268192812419,False,False
20,8,19,-0.02,0.09,nonconverged_hf,skipped_nonconverged_hf,nan,nan,False,False,True,True,False,0.999999999999999,-0.9999999999999989,1.4135798584282297e-16,25.286943908686382,25.286943908686382,0.8074671129339361,False,False
20,8,20,-0.02,0.1,invalid_reference_chern,skipped_invalid_reference_chern,nan,nan,False,True,False,False,True,0.9999999999999994,-0.9999999999999997,-2.969041087997863,25.216595458112504,25.216595458112508,0.9408333333654022,False,False
20,9,0,-0.01,-0.1,ok,ok,-0.05710020263381459,0.5769463854305409,False,True,False,True,False,1.0000000000000002,-1.0,5.415681760434726e-17,23.478819731027105,23.478819731027116,0.5770950120694506,False,False
20,9,1,-0.01,-0.09,ok,ok,-0.05717656467865764,0.5191781516095002,False,True,False,True,False,0.9999999999999994,-0.9999999999999989,-5.229780781769958e-17,23.774725937809755,23.774725937809748,0.5192956820577621,False,False
20,9,2,-0.01,-0.08,ok,ok,-0.057243600821706694,0.4674290802871978,False,True,False,True,False,0.9999999999999988,-0.9999999999999993,2.4715885302208112e-18,24.058857328956897,24.058857328956897,0.46751662236282165,False,False
20,9,3,-0.01,-0.07,ok,ok,-0.05730180778179653,0.42074550965291113,False,True,False,True,False,0.9999999999999988,-0.9999999999999991,-1.7651214402641656e-17,24.331799270085614,24.331799270085614,0.4208036133607073,False,False
20,9,4,-0.01,-0.06,ok,ok,-0.057351714838092746,0.37836498944067926,False,True,False,True,False,0.9999999999999994,-0.9999999999999996,-6.220497543682949e-17,24.594085152947184,24.594085152947176,0.37839366679222775,False,False
20,9,5,-0.01,-0.05,ok,ok,-0.057393871193808316,0.3396720871781228,False,True,False,True,False,0.9999999999999994,-0.9999999999999996,-5.864225806656985e-17,24.84620460219751,24.84620460219751,0.339670797924478,False,False
20,9,6,-0.01,-0.04,ok,ok,-0.05742883986511098,0.3041655364733007,False,True,False,True,False,0.9999999999999994,-0.9999999999999994,4.8819657337019843e-17,25.088610077032286,25.088610077032286,0.3041331363250451,False,False
20,9,7,-0.01,-0.03,ok,ok,-0.05745719493341593,0.2714335797694658,False,True,False,True,False,1.0000000000000002,-1.0000000000000002,-2.5147166006639204e-17,25.321722210784394,25.321722210784387,0.27136822226734403,False,False
20,9,8,-0.01,-0.02,ok,ok,-0.05747951897810326,0.2411352969599173,False,True,False,True,False,0.9999999999999986,-0.9999999999999983,7.383760811781274e-17,25.545934151618752,25.545934151618756,0.24103427222951926,False,False
20,9,9,-0.01,-0.01,ok,ok,-0.05749639858810593,0.21298635974139102,False,True,False,True,False,0.9999999999999993,-0.9999999999999993,-4.2946449009592293e-17,25.76161510788083,25.76161510788083,0.21284584034173018,False,False
20,9,10,-0.01,0.0,ok,ok,-0.0670038552727427,0.8869144036365472,False,True,False,True,False,1.0000000000000009,-1.0000000000000009,-5.8993629278056844e-05,25.969113256804924,25.969113256804928,2.5143193526686893,False,False
20,9,11,-0.01,0.01,ok,ok,-0.07857089718255661,1.149943198847188,False,True,False,True,False,0.9999999999999999,-0.9999999999999999,7.251230074560516e-05,25.943039972695342,25.943039972695328,2.8011049507144885,False,False
20,9,12,-0.01,0.02,ok,ok,-0.07054280212401787,0.3980409124204368,False,True,False,True,False,0.9999999999999996,-0.9999999999999996,9.640181173469251e-12,25.84746945103458,25.847469451034584,2.6859928305997305,False,False
20,9,13,-0.01,0.03,ok,ok,-0.07554202878846539,0.7468345627430883,False,True,False,True,False,0.9999999999999999,-0.9999999999999996,8.423547837569261e-05,25.75557573216557,25.75557573216558,2.809108580866595,False,False
20,9,14,-0.01,0.04,ok,ok,-0.06877211514346582,1.1398904794823477,False,True,False,True,False,0.9999999999999991,-0.9999999999999994,-9.117030452804864e-12,25.66725526605785,25.667255266057857,3.04182727429643,False,False
20,9,15,-0.01,0.05,ok,ok,-0.07728492302699004,0.22050660338623498,False,True,False,True,False,1.0,-1.0000000000000002,7.7921264253515e-05,25.582403185560633,25.58240318556064,2.8661397144256946,False,False
20,9,16,-0.01,0.06,ok,ok,-0.0683111527441559,1.008637479969299,False,True,False,True,False,0.9999999999999993,-0.9999999999999993,-1.1006100475213729e-11,25.500913676862943,25.50091367686295,3.0474161496729595,False,False
20,9,17,-0.01,0.07,nonconverged_hf,skipped_nonconverged_hf,nan,nan,False,False,True,True,False,0.9999999999999993,-0.9999999999999997,-0.00010376458956649,25.422680342907007,25.422680342907015,2.839169904407292,False,False
20,9,18,-0.01,0.08,nonconverged_hf,skipped_nonconverged_hf,nan,nan,False,False,True,True,False,1.0000000000000007,-1.0000000000000007,1.590277340731759e-16,25.347596556603264,25.347596556603257,0.8075999035886499,False,False
20,9,19,-0.01,0.09,nonconverged_hf,skipped_nonconverged_hf,nan,nan,False,False,True,True,False,0.9999999999999999,-0.9999999999999994,2.1203697876423444e-16,25.275555800985707,25.275555800985703,0.8074464205108473,False,False
20,9,20,-0.01,0.1,invalid_reference_chern,skipped_invalid_reference_chern,nan,nan,False,True,False,False,True,0.9999999999999996,-0.9999999999999991,0.04506132724770284,25.206451993772223,25.206451993772212,0.9378916931110824,False,False
20,10,0,0.0,-0.1,ok,ok,-0.05484524580560508,-0.33766388440367934,True,True,False,True,False,0.9999999999999997,-1.0000000000000007,2.1922500085284786e-13,23.55628652575821,23.55628652575821,1.9339838905683973,False,False
20,10,1,0.0,-0.09,ok,ok,-0.05718177317943679,0.5087127306586545,False,True,False,True,False,0.9999999999999999,-0.9999999999999991,-2.0829787246810836e-17,23.848741060104654,23.848741060104654,0.5088242685420001,False,False
20,10,2,0.0,-0.08,ok,ok,-0.057246696724123664,0.4581700823651875,False,True,False,True,False,1.0000000000000002,-0.9999999999999999,-5.061698193172366e-17,24.129581166264128,24.129581166264128,0.4582518639995075,False,False
20,10,3,0.0,-0.07,ok,ok,-0.05730295251773554,0.41250299902314175,False,True,False,True,False,1.0000000000000002,-1.0000000000000002,-2.0592608233206246e-18,24.399378961705015,24.399378961705004,0.4125554676882857,False,False
20,10,4,0.0,-0.06,ok,ok,-0.057351071550256,0.370987161875587,False,True,False,True,False,0.999999999999999,-0.9999999999999996,-6.386035342693977e-17,24.658656847333365,24.65865684733337,0.3710102281389541,False,False
20,10,5,0.0,-0.05,ok,ok,-0.057391602698231424,0.3330364422707987,False,True,False,True,False,0.9999999999999991,-0.9999999999999996,-2.688617547469982e-17,24.907895238262885,24.907895238262892,0.33302946336990535,False,False
20,10,6,0.0,-0.04,ok,ok,-0.05742510755509142,0.29817231160316116,False,True,False,True,False,1.0,-0.9999999999999999,2.3595268510905303e-17,25.147538794795285,25.147538794795288,0.2981340328067516,False,False
20,10,7,0.0,-0.03,ok,ok,-0.05745215796215322,0.2660008199784206,False,True,False,True,False,0.9999999999999996,-0.9999999999999994,2.73528838992947e-17,25.378001471827368,25.378001471827375,0.26592926809879586,False,False
20,10,8,0.0,-0.02,ok,ok,-0.057473333199329714,0.2361951211484892,False,True,False,True,False,0.9999999999999989,-0.9999999999999989,8.910427604616138e-17,25.599670631325115,25.59967063132512,0.2360874319429563,False,False
20,10,9,0.0,-0.01,ok,ok,-0.06282799769540706,0.256448110301237,False,True,False,True,False,0.9999999999999993,-0.9999999999999993,-4.2743327500026095e-05,25.812910407527436,25.812910407527436,2.3218954141207706,False,False
20,10,10,0.0,0.0,ok,ok,-0.06766301448296566,1.0037503040418938,False,True,False,True,False,0.999999999999998,-0.999999999999998,6.10028723728234e-05,26.01806447305357,26.01806447305357,2.5606466961127383,False,False
20,10,11,0.0,0.01,ok,ok,-0.07872500135728805,1.0293630891238987,False,True,False,True,False,1.0,-0.9999999999999999,7.37929937384159e-05,25.92038635846146,25.92038635846146,2.765214484353814,False,False
20,10,12,0.0,0.02,ok,ok,-0.07068612041344113,0.32776859773943673,False,True,False,True,False,1.0,-1.0000000000000002,-9.964273621534396e-12,25.826438091649624,25.82643809164964,2.6838157284747215,False,False
20,10,13,0.0,0.03,ok,ok,-0.06848236469341584,0.8758172738021818,False,True,False,True,False,1.0000000000000002,-1.0000000000000002,9.144061578429678e-12,25.73611709004293,25.736117090042946,2.844342916312999,False,False
20,10,14,0.0,0.04,ok,ok,-0.06889468648940279,1.0489250382203088,False,True,False,True,False,0.9999999999999996,-0.9999999999999999,8.705555025764604e-12,25.64931928726831,25.64931928726831,2.99386325884549,False,False
20,10,15,0.0,0.05,ok,ok,-0.06406710145368553,0.7047598471716741,False,True,False,True,False,1.0000000000000002,-0.9999999999999997,5.807513773842062e-05,25.565939500806014,25.565939500806003,2.9585719862230566,False,False
20,10,16,0.0,0.06,ok,ok,-0.07596184274814263,0.9369441949801387,False,True,False,True,False,1.0000000000000007,-1.0000000000000013,6.759415912532616e-05,25.48587179444876,25.48587179444876,3.0899862327740317,False,False
20,10,17,0.0,0.07,nonconverged_hf,skipped_nonconverged_hf,nan,nan,False,False,True,True,False,1.0,-0.9999999999999999,-0.0013752991805422129,25.40900983236586,25.409009832365857,2.807992559199403,False,False
20,10,18,0.0,0.08,invalid_reference_chern,skipped_invalid_reference_chern,nan,nan,False,False,True,False,True,1.0,-1.0000000000000002,-0.9999999999999984,25.33524722182835,25.33524722182835,0.8075752908163761,False,False
20,10,19,0.0,0.09,invalid_reference_chern,skipped_invalid_reference_chern,nan,nan,False,False,True,False,True,0.9999999999999994,-0.9999999999999999,0.9999999999999983,25.264477841944327,25.264477841944327,0.8077357801887209,False,False
20,10,20,0.0,0.1,invalid_reference_chern,skipped_invalid_reference_chern,nan,nan,False,False,True,False,True,0.9999999999999999,-1.0,1.0000000000000033,25.19659615607779,25.196596156077796,0.8073540661308236,False,False
20,11,0,0.01,-0.1,ok,ok,-0.05277976757723243,-0.16508331475497262,True,True,False,True,False,0.9999999999999991,-0.999999999999999,1.951231789450772e-11,23.63285412146755,23.63285412146755,1.9644933398416629,False,False
20,11,1,0.01,-0.09,ok,ok,-0.05718660713318362,0.49851114666247864,False,True,False,True,False,0.9999999999999994,-0.9999999999999999,-2.5680056947033303e-17,23.921890441863304,23.92189044186331,0.4986167514947018,False,False
20,11,2,0.01,-0.08,ok,ok,-0.05724945841894043,0.44913149013552833,False,True,False,True,False,0.9999999999999996,-0.9999999999999997,5.741034863301806e-17,24.199470242987925,24.199470242987935,0.4492075496939455,False,False
20,11,3,0.01,-0.07,ok,ok,-0.057303803547398294,0.4044466940753224,False,True,False,True,False,1.0000000000000002,-1.0000000000000002,-4.023583769027434e-17,24.46615292863765,24.46615292863765,0.40449354726075076,False,False
20,11,4,0.01,-0.06,ok,ok,-0.057350174604718515,0.3637683284383534,False,True,False,True,False,1.0000000000000009,-1.0000000000000004,2.12185603031773e-17,24.722450311937088,24.722450311937088,0.363785785529351,False,False
20,11,5,0.01,-0.05,ok,ok,-0.05738911977485493,0.3265379214224444,False,True,False,True,False,0.9999999999999999,-1.0,-2.7791850480406527e-17,24.96883390102358,24.96883390102358,0.32652523718207455,False,False
20,11,6,0.01,-0.04,ok,ok,-0.0574211989701391,0.29229846112342106,False,True,False,True,False,0.9999999999999994,-0.9999999999999993,2.4439444434764716e-17,25.205740782824275,25.205740782824275,0.2922542692368583,False,False
20,11,7,0.01,-0.03,ok,ok,-0.05744698152400518,0.26067289183862596,False,True,False,True,False,0.9999999999999986,-0.9999999999999984,6.369985464430188e-17,25.433578400195998,25.433578400195998,0.26059508981005003,False,False
20,11,8,0.01,-0.02,ok,ok,-0.05746704309503302,0.23134775220909337,False,True,False,True,False,1.0,-0.9999999999999997,1.8242143378897496e-17,25.652728449961632,25.65272844996164,0.23123331697416946,False,False
20,11,9,0.01,-0.01,ok,ok,-0.06184730544441583,0.37786675232873335,False,True,False,True,False,0.9999999999999999,-0.9999999999999997,-1.5861247842437423e-11,25.863550078626364,25.86355007862637,2.344331682477432,False,False
20,11,10,0.01,0.0,ok,ok,-0.07862144621609948,1.1191877255898104,False,True,False,True,False,0.9999999999999993,-0.9999999999999993,-6.277143105356784e-05,25.994252314370577,25.994252314370566,2.611221476140515,False,False
20,11,11,0.01,0.01,ok,ok,-0.07884219514602257,0.9084135831319956,False,True,False,True,False,0.9999999999999993,-0.9999999999999991,7.487617623695474e-05,25.89822230074186,25.89822230074187,2.734204682237647,False,False
20,11,12,0.01,0.02,ok,ok,-0.07606467131623298,0.3058540980349632,False,True,False,True,False,0.9999999999999999,-0.9999999999999994,-8.191974376650413e-05,25.80587302395522,25.805873023955204,2.6869029668599107,False,False
20,11,13,0.01,0.03,ok,ok,-0.07751600913873018,1.0060953073656598,False,True,False,True,False,0.9999999999999996,-0.9999999999999993,-8.296353450924284e-05,25.717101284372873,25.71710128437287,2.884952738985554,False,False
20,11,14,0.01,0.04,ok,ok,-0.06901768862273883,0.909050773187861,False,True,False,True,False,1.0,-0.9999999999999997,8.6392760762424e-12,25.63180260083269,25.63180260083269,2.951700943246966,False,False
20,11,15,0.01,0.05,ok,ok,-0.07972979734889322,0.30539795933644254,False,True,False,True,False,0.9999999999999991,-0.999999999999999,-7.497067336342018e-05,25.54987157124021,25.549871571240217,2.8667617504177803,False,False
20,11,16,0.01,0.06,ok,ok,-0.06867090607992143,0.8570544786876187,False,True,False,True,False,0.9999999999999996,-0.9999999999999999,1.215518325283087e-11,25.47120222653595,25.47120222653595,3.0682835524724905,False,False
20,11,17,0.01,0.07,nonconverged_hf,skipped_nonconverged_hf,nan,nan,False,False,True,True,False,1.0000000000000002,-1.0000000000000002,-1.888454342118963e-16,25.395688375034553,25.395688375034556,0.8115460505014362,False,False
20,11,18,0.01,0.08,nonconverged_hf,skipped_nonconverged_hf,nan,nan,False,False,True,True,False,0.9999999999999993,-0.999999999999999,-2.8713340874323426e-16,25.32322393439535,25.32322393439536,0.8076980755333323,False,False
20,11,19,0.01,0.09,invalid_reference_chern,skipped_invalid_reference_chern,nan,nan,False,True,False,False,True,0.9999999999999991,-0.999999999999999,-2.0053550099070017,25.25370324877759,25.253703248777583,0.962764320738448,False,False
20,11,20,0.01,0.1,invalid_reference_chern,skipped_invalid_reference_chern,nan,nan,False,True,False,False,True,1.0000000000000002,-0.9999999999999993,-2.0531051812679375,25.18702138905733,25.187021389057332,0.9321672413592773,False,False
20,12,0,0.02,-0.1,invalid_reference_chern,skipped_invalid_reference_chern,nan,nan,False,True,False,False,True,1.0000000000000002,-0.9999999999999994,-1.0000000000045022,23.708523822046086,23.70852382204608,2.0633774668627414,False,False
20,12,1,0.02,-0.09,ok,ok,-0.05719107444883442,0.4885651549614062,False,True,False,True,False,0.9999999999999986,-0.9999999999999991,-5.2108264373243765e-18,23.994175422456802,23.9941754224568,0.48866488272729436,False,False
20,12,2,0.02,-0.08,ok,ok,-0.05725189406037093,0.44030705510461854,False,True,False,True,False,1.0000000000000002,-0.9999999999999996,-1.030779726382738e-16,24.2685260238865,24.2685260238865,0.4403774280721634,False,False
20,12,3,0.02,-0.07,ok,ok,-0.05730436907721377,0.39657181572844324,False,True,False,True,False,1.0000000000000002,-0.9999999999999997,3.4599286516325275e-17,24.53212281814852,24.532122818148526,0.3966130705352395,False,False
20,12,4,0.02,-0.06,ok,ok,-0.057349032130565164,0.35670480035249297,False,True,False,True,False,1.0000000000000002,-1.0,-1.6891110140133435e-17,24.78546740943391,24.785467409433913,0.35671664795408875,False,False
20,12,5,0.02,-0.05,ok,ok,-0.0573864303786497,0.3201736508810868,False,True,False,True,False,0.9999999999999996,-0.9999999999999994,4.399432518108942e-18,25.029022683685582,25.02902268368558,0.3201552434336578,False,False
20,12,6,0.02,-0.04,ok,ok,-0.057417121802045654,0.28654172475993755,False,True,False,True,False,0.9999999999999993,-0.999999999999999,8.095048887293417e-17,25.263218367046388,25.263218367046388,0.28649158304823974,False,False
20,12,7,0.02,-0.03,ok,ok,-0.05744167295431138,0.2554479999538827,False,True,False,True,False,0.9999999999999991,-0.9999999999999993,-3.4557320950568445e-17,25.488455547478907,25.488455547478903,0.25536388938618376,False,False
20,12,8,0.02,-0.02,ok,ok,-0.05746065554884328,0.22659174938305246,False,True,False,True,False,0.9999999999999997,-1.0000000000000002,-4.319031617352543e-17,25.705110371265224,25.705110371265224,0.22647048323127833,False,False
20,12,9,0.02,-0.01,ok,ok,-0.06493685157784693,0.49826615100347327,False,True,False,True,False,0.9999999999999991,-0.9999999999999991,-4.85827875597555e-05,25.913537079222355,25.91353707922236,2.370960819155175,False,False
20,12,10,0.02,0.0,ok,ok,-0.06414483980931918,1.233356900892802,False,True,False,True,False,1.0000000000000002,-1.0000000000000002,1.1753156171477193e-11,25.970945335618282,25.970945335618264,2.665912482042118,False,False
20,12,11,0.02,0.01,ok,ok,-0.07901937565393986,0.7877082957751194,False,True,False,True,False,0.9999999999999997,-1.0000000000000002,-7.582899592153027e-05,25.876540351814352,25.876540351814345,2.708134868911893,False,False
20,12,12,0.02,0.02,ok,ok,-0.06968383300326929,0.34190564761301734,False,True,False,True,False,0.9999999999999991,-0.9999999999999993,-9.345094169303845e-12,25.785766748261327,25.785766748261324,2.6952383875942196,False,False
20,12,13,0.02,0.03,ok,ok,-0.06863985943918183,1.1365170537282105,False,True,False,True,False,1.0000000000000009,-1.0000000000000009,-9.020564394969966e-12,25.698520811784547,25.698520811784547,2.9308039180973617,False,False
20,12,14,0.02,0.04,ok,ok,-0.07789558901350221,0.7691894887235503,False,True,False,True,False,0.9999999999999997,-1.0,-7.96526133676988e-05,25.614697744599294,25.614697744599297,2.9154983812494293,False,False
20,12,15,0.02,0.05,ok,ok,-0.07938366083283727,0.43886192946096236,False,True,False,True,False,0.9999999999999999,-0.9999999999999997,7.340751518092494e-05,25.534192017294362,25.53419201729436,2.877552518661934,False,False
20,12,16,0.02,0.06,nonconverged_hf,skipped_nonconverged_hf,nan,nan,False,False,True,True,False,1.0,-0.9999999999999999,2.1203697876423444e-16,25.456897713872763,25.45689771387276,0.8081385806464597,False,False
20,12,17,0.02,0.07,nonconverged_hf,skipped_nonconverged_hf,nan,nan,False,False,True,True,False,1.0000000000000002,-1.0000000000000004,8.942283567139246e-10,25.382708866042112,25.382708866042123,0.8077101320768194,False,False
20,12,18,0.02,0.08,invalid_reference_chern,skipped_invalid_reference_chern,nan,nan,False,False,True,False,True,1.0000000000000004,-1.0000000000000004,-1.0,25.31151977421312,25.311519774213114,0.8075276103590137,False,False
20,12,19,0.02,0.09,invalid_reference_chern,skipped_invalid_reference_chern,nan,nan,False,True,False,False,True,1.0000000000000007,-0.9999999999999996,2.048077192706508,25.243225312958405,25.243225312958398,0.9596559237506734,False,False
20,12,20,0.02,0.1,nonconverged_hf,skipped_nonconverged_hf,nan,nan,False,False,True,True,False,1.0000000000000007,-1.0000000000000004,4.240739575284689e-16,25.177721219005353,25.17772121900535,0.80756213974736,False,False
20,13,0,0.03,-0.1,ok,ok,-0.05712765873212272,0.5311729021756962,False,True,False,True,False,0.9999999999999984,-0.9999999999999988,1.7469631579407134e-17,23.78329724415258,23.783297244152582,0.5312966442461046,False,False
20,13,1,0.03,-0.09,ok,ok,-0.05719518321386064,0.4788668744642978,False,True,False,True,False,0.9999999999999994,-0.9999999999999991,2.7841936967844863e-17,24.06559765374681,24.0655976537468,0.47896077776399065,False,False
20,13,2,0.03,-0.08,ok,ok,-0.05725401191539914,0.4316907814847624,False,True,False,True,False,1.0000000000000002,-0.9999999999999997,-1.630430040744687e-16,24.33675027887373,24.336750278873737,0.4317555005683591,False,False
20,13,3,0.03,-0.07,ok,ok,-0.057304657376704704,0.3888737604900811,False,True,False,True,False,1.0000000000000002,-1.0000000000000002,-1.9681636286618406e-18,24.597290570480386,24.597290570480386,0.3889094316286904,False,False
20,13,4,0.03,-0.06,ok,ok,-0.057347652279828014,0.34979301047631256,False,True,False,True,False,1.0000000000000007,-1.0000000000000004,5.120767704083322e-17,24.847710280091658,24.84771028009166,0.34979924608673907,False,False
20,13,5,0.03,-0.05,ok,ok,-0.057383542452169166,0.313940840605136,False,True,False,True,False,0.9999999999999996,-0.9999999999999997,-1.6980108561039022e-17,25.08846393966502,25.08846393966501,0.3139166899372265,False,False
20,13,6,0.03,-0.04,ok,ok,-0.05741288369730013,0.28089989925644027,False,True,False,True,False,0.9999999999999997,-0.9999999999999997,8.792154429936885e-17,25.319974115116278,25.319974115116278,0.28084376868157224,False,False
20,13,7,0.03,-0.03,ok,ok,-0.05743623951151765,0.25032438698101456,False,True,False,True,False,0.9999999999999996,-1.0000000000000002,8.903017102726846e-17,25.542635688071943,25.542635688071943,0.250233906840437,False,False
20,13,8,0.03,-0.02,ok,ok,-0.05745417734691283,0.2219256963475666,False,True,False,True,False,0.9999999999999989,-0.9999999999999989,1.5954835796064562e-17,25.756819362907056,25.756819362907073,0.22179751122807367,False,False
20,13,9,0.03,-0.01,ok,ok,-0.06255618967152933,0.6173112865508762,False,True,False,True,False,1.0000000000000007,-1.0000000000000007,-1.4410890059606546e-11,25.962874552820924,25.962874552820924,2.4017879694030806,False,False
20,13,10,0.03,0.0,ok,ok,-0.06423563464142662,1.3464305697173125,False,True,False,True,False,0.9999999999999997,-0.9999999999999996,1.1675319826163191e-11,25.948136126734433,25.948136126734425,2.7245470675825945,False,False
20,13,11,0.03,0.01,ok,ok,-0.07912559305858463,0.6683158157119785,False,True,False,True,False,1.0000000000000002,-1.0000000000000002,7.657632962811711e-05,25.855333021197964,25.85533302119796,2.6870349790977848,False,False
20,13,12,0.03,0.02,ok,ok,-0.07914099915705083,0.42100637416774206,False,True,False,True,False,0.9999999999999994,-0.9999999999999994,8.17162217273859e-05,25.766111743420904,25.766111743420904,2.7087983120196366,False,False
20,13,13,0.03,0.03,ok,ok,-0.06875191259369079,1.2098491121993924,False,True,False,True,False,0.9999999999999989,-0.9999999999999989,-8.732256500149013e-12,25.680368166976173,25.68036816697617,2.9817191672314345,False,False
20,13,14,0.03,0.04,invalid_reference_chern,skipped_invalid_reference_chern,nan,nan,False,True,False,False,True,1.0,-1.0000000000000002,2.015870624182352,25.59799727220087,25.597997272200878,2.8838029750095515,False,False
20,13,15,0.03,0.05,ok,ok,-0.07458990695924017,0.5853892691677798,False,True,False,True,False,0.9999999999999994,-0.999999999999999,-7.192792282519746e-05,25.51889349107912,25.51889349107912,2.895378904640582,False,False
20,13,16,0.03,0.06,ok,ok,-0.0769627573920641,0.6829052301093343,False,True,False,True,False,1.0,-1.0,-6.21632453056028e-05,25.44295104297442,25.442951042974418,2.988174413894227,False,False
20,13,17,0.03,0.07,nonconverged_hf,skipped_nonconverged_hf,nan,nan,False,False,True,True,False,1.0,-0.9999999999999997,1.4135798584282297e-16,25.370064258597175,25.370064258597175,0.8079206123464272,False,False
20,13,18,0.03,0.08,nonconverged_hf,skipped_nonconverged_hf,nan,nan,False,False,True,True,False,0.9999999999999994,-1.0,2.1203697876423444e-16,25.300127889858878,25.300127889858885,0.8075059283385468,False,False
20,13,19,0.03,0.09,invalid_reference_chern,skipped_invalid_reference_chern,nan,nan,False,True,False,False,True,0.9999999999999994,-0.9999999999999997,2.012387869955627,25.233037403559212,25.233037403559216,0.9566051453964355,False,False
20,13,20,0.03,0.1,invalid_reference_chern,skipped_invalid_reference_chern,nan,nan,False,True,False,False,True,0.9999999999999997,-0.9999999999999997,-2.954829192999797,25.168689257167724,25.168689257167724,0.9266512686583075,False,False
20,14,0,0.04,-0.1,ok,ok,-0.05713352633792487,0.5204755297467668,False,True,False,True,False,0.9999999999999999,-0.9999999999999999,9.078884173111423e-17,23.857176308362668,23.857176308362664,0.5205932400810871,False,False
20,14,1,0.04,-0.09,ok,ok,-0.05719894167164635,0.4694087681762609,False,True,False,True,False,0.9999999999999996,-0.9999999999999993,6.4234831506284465e-18,24.136159090011063,24.136159090011063,0.4694968963633262,False,False
20,14,2,0.04,-0.08,ok,ok,-0.05725582034524546,0.42327691360465836,False,True,False,True,False,0.9999999999999993,-0.9999999999999997,5.94627560224082e-17,24.404145072251644,24.404145072251634,0.42333600883141814,False,False
20,14,3,0.04,-0.07,ok,ok,-0.05730467676276904,0.3813480924017854,False,True,False,True,False,0.9999999999999994,-0.9999999999999997,-6.465684596465866e-18,24.661658407777566,24.66165840777756,0.38137819226251346,False,False
20,14,4,0.04,-0.06,ok,ok,-0.05734604321366783,0.3430295082418908,False,True,False,True,False,0.9999999999999997,-0.9999999999999999,-4.6508227372631905e-18,24.909181330663287,24.90918133066328,0.3430301272235985,False,False
20,14,5,0.04,-0.05,ok,ok,-0.05738046391231157,0.307836781200851,False,True,False,True,False,0.9999999999999989,-0.9999999999999988,-2.0252842092825613e-17,25.147160271648975,25.147160271648975,0.3078068651823235,False,False
20,14,6,0.04,-0.04,ok,ok,-0.05740849224269334,0.27537083653012095,False,True,False,True,False,1.0,-0.9999999999999999,1.5631583129486205e-17,25.376010825786725,25.376010825786715,0.27530867580102675,False,False
20,14,7,0.04,-0.03,ok,ok,-0.057430688360261876,0.24530033284754776,False,True,False,True,False,0.9999999999999999,-0.9999999999999996,-5.724356178219302e-17,25.59612180895545,25.59612180895545,0.2452034194393225,False,False
20,14,8,0.04,-0.02,ok,ok,-0.0748288330302404,0.04951062296216773,False,True,False,True,False,1.0000000000000004,-1.0000000000000004,-3.31061431247976e-05,25.807858586742075,25.80785858674207,2.2656157029487405,False,False
20,14,9,0.04,-0.01,ok,ok,-0.07212190220658224,0.734797493379788,False,True,False,True,False,0.9999999999999996,-0.9999999999999996,5.33825072146772e-05,26.01156581915046,26.01156581915046,2.4368019371092373,False,False
20,14,10,0.04,0.0,ok,ok,-0.07881054421286299,1.325912102132121,False,True,False,True,False,0.9999999999999991,-0.9999999999999991,6.745119380242477e-05,25.925817222064616,25.925817222064623,2.7869110841425244,False,False
20,14,11,0.04,0.01,ok,ok,-0.07955731544986355,0.5521581807193081,False,True,False,True,False,0.9999999999999989,-0.9999999999999989,7.731609806535961e-05,25.834592785015616,25.834592785015616,2.6709118441785074,False,False
20,14,12,0.04,0.02,ok,ok,-0.07638373738491139,0.5234516259319703,False,True,False,True,False,0.9999999999999997,-0.9999999999999999,-8.152152041160031e-05,25.746900475356654,25.74690047535665,2.7275492938321033,False,False
20,14,13,0.04,0.03,ok,ok,-0.06887143766250894,1.2071435007794538,False,True,False,True,False,0.999999999999998,-0.9999999999999979,9.04578216268264e-12,25.662635850401593,25.6626358504016,3.0374756210653566,False,False
20,14,14,0.04,0.04,ok,ok,-0.07882329745793303,0.49594304904925607,False,True,False,True,False,0.9999999999999984,-0.9999999999999986,-7.744412995497773e-05,25.58169375990782,25.581693759907814,2.8613863316062704,False,False
20,14,15,0.04,0.05,ok,ok,-0.06824621741429208,0.7364762440285713,False,True,False,True,False,0.9999999999999999,-1.0000000000000002,-1.0111439984928348e-11,25.50396868242035,25.503968682420354,2.9202577156302834,False,False
20,14,16,0.04,0.06,nonconverged_hf,skipped_nonconverged_hf,nan,nan,False,False,True,True,False,0.999999999999999,-0.9999999999999996,2.0793924267009653e-11,25.429355051365803,25.429355051365796,2.927490981397085,False,False
20,14,17,0.04,0.07,nonconverged_hf,skipped_nonconverged_hf,nan,nan,False,False,True,True,False,1.0,-1.0000000000000002,-4.947529504498804e-16,25.357747568469467,25.357747568469467,0.8076392281499519,False,False
20,14,18,0.04,0.08,invalid_reference_chern,skipped_invalid_reference_chern,nan,nan,False,False,True,False,True,0.9999999999999996,-0.9999999999999996,-1.0000000000000002,25.289041502336183,25.289041502336183,0.8074859503938222,False,False
20,14,19,0.04,0.09,invalid_reference_chern,skipped_invalid_reference_chern,nan,nan,False,True,False,False,True,1.0000000000000007,-1.0000000000000002,-2.006043283013712,25.223132970328166,25.223132970328177,0.9536113989994996,False,False
20,14,20,0.04,0.1,nonconverged_hf,skipped_nonconverged_hf,nan,nan,False,False,True,True,False,0.9999999999999991,-0.9999999999999988,-3.0723274735526055e-15,25.159919202182323,25.159919202182326,0.8072636617623384,False,False
20,15,0,0.05,-0.1,ok,ok,-0.05713901122327788,0.5100568495446359,False,True,False,True,False,1.0000000000000007,-1.0000000000000002,-1.0380194080333065e-16,23.930163230087214,23.930163230087214,0.5101685958336722,False,False
20,15,1,0.05,-0.09,ok,ok,-0.05720235819988153,0.4601836249219164,False,True,False,True,False,0.9999999999999997,-0.9999999999999991,6.616889199479811e-17,24.205861977763963,24.205861977763963,0.46026602423559415,False,False
20,15,2,0.05,-0.08,ok,ok,-0.05725732778774327,0.415059924049557,False,True,False,True,False,0.9999999999999999,-1.0000000000000002,-5.1280569210055324e-17,24.470712751929625,24.470712751929618,0.4151134228623313,False,False
20,15,3,0.05,-0.07,invalid_reference_chern,skipped_invalid_reference_chern,nan,nan,False,True,False,False,True,0.9999999999999993,-0.9999999999999994,1.0000000001001021,24.725228823062892,24.72522882306289,2.0798307905203766,False,False
20,15,4,0.05,-0.06,ok,ok,-0.05667763678953522,1.54367900560372,False,True,False,True,False,0.9999999999999996,-0.9999999999999997,1.1818288633880737e-08,24.969883223380513,24.96988322338052,1.9911059113192664,False,False
20,15,5,0.05,-0.05,ok,ok,-0.05737720263861845,0.30185884100036936,False,True,False,True,False,0.9999999999999994,-0.9999999999999993,4.256457444450354e-17,25.205114520791586,25.205114520791593,0.3018231354164085,False,False
20,15,6,0.05,-0.04,ok,ok,-0.057403954955585826,0.2699524420934492,False,True,False,True,False,0.9999999999999996,-0.9999999999999997,-5.191039494226713e-18,25.431331518436973,25.431331518436966,0.2698842076484106,False,False
20,15,7,0.05,-0.03,ok,ok,-0.057425026566108026,0.24037415389167688,False,True,False,True,False,1.0000000000000002,-1.0000000000000004,5.347174364725717e-17,25.648917099645576,25.648917099645576,0.240270740868382,False,False
20,15,8,0.05,-0.02,ok,ok,-0.07358190628835798,0.11835703948667592,False,True,False,True,False,0.9999999999999994,-0.9999999999999997,3.6471314728787584e-05,25.8582313892412,25.8582313892412,2.2781402524582606,False,False
20,15,9,0.05,-0.01,ok,ok,-0.06727249883458652,0.8506146598485447,False,True,False,True,False,0.9999999999999994,-0.9999999999999996,5.558668972098736e-05,25.997236252206076,25.997236252206076,2.475970262834199,False,False
20,15,10,0.05,0.0,ok,ok,-0.07894388324194952,1.2098187066590549,False,True,False,True,False,0.999999999999999,-0.999999999999999,6.883356332480843e-05,25.903981110192376,25.90398111019237,2.794481578428805,False,False
20,15,11,0.05,0.01,ok,ok,-0.0706841686309829,0.44294936201044566,False,True,False,True,False,1.0000000000000002,-1.0000000000000004,9.615452913000454e-12,25.814312094999313,25.814312094999302,2.659754973870454,False,False
20,15,12,0.05,0.02,ok,ok,-0.06906847208700444,0.6374031329516271,False,True,False,True,False,0.9999999999999988,-0.999999999999999,-8.957986981612171e-12,25.728125405230752,25.728125405230745,2.7514444811695724,False,False
20,15,13,0.05,0.03,ok,ok,-0.07676632460605635,1.2037832651260927,False,True,False,True,False,1.0000000000000002,-1.0000000000000002,-7.991131407435447e-05,25.645316375604995,25.645316375604995,3.0649015224180616,False,False
20,15,14,0.05,0.04,ok,ok,-0.07568040907974569,0.371449262840642,False,True,False,True,False,0.9999999999999993,-0.999999999999999,7.615359688420523e-05,25.565779813138178,25.565779813138175,2.8436006811244416,False,False
20,15,15,0.05,0.05,ok,ok,-0.06078606722680597,1.083246221150667,False,True,False,True,False,0.9999999999999986,-0.9999999999999988,2.710953675085659e-05,25.48941032456438,25.48941032456437,3.010813747538439,False,False
20,15,16,0.05,0.06,nonconverged_hf,skipped_nonconverged_hf,nan,nan,False,False,True,True,False,1.0000000000000002,-1.0000000000000002,5.685798600473485e-05,25.416102632509222,25.41610263250922,2.8746687617299553,False,False
20,15,17,0.05,0.07,nonconverged_hf,skipped_nonconverged_hf,nan,nan,False,False,True,True,False,0.9999999999999997,-0.9999999999999994,-1.1662033832032895e-15,25.345751878174042,25.345751878174042,0.8076146100282043,False,False
20,15,18,0.05,0.08,nonconverged_hf,skipped_nonconverged_hf,nan,nan,False,False,True,True,False,0.9999999999999999,-1.0000000000000004,-6.361109362927033e-16,25.278253908554845,25.278253908554845,0.8082699432370752,False,False
20,15,19,0.05,0.09,invalid_reference_chern,skipped_invalid_reference_chern,nan,nan,False,True,False,False,True,1.0000000000000007,-1.0000000000000002,0.011595039945482638,25.213505546508742,25.213505546508745,0.9506740973804093,False,False
20,15,20,0.05,0.1,invalid_reference_chern,skipped_invalid_reference_chern,nan,nan,False,True,False,False,True,0.9999999999999997,-1.0000000000000002,-2.011131004123132,25.151404842284478,25.151404842284474,0.921339787506047,False,False
20,16,0,0.06,-0.1,ok,ok,-0.05714412166729929,0.49990780586490846,False,True,False,True,False,1.0000000000000002,-1.0000000000000004,-2.4852895678818783e-17,24.00226051029558,24.00226051029559,0.5000136520811967,False,False
20,16,1,0.06,-0.09,ok,ok,-0.05720544128998091,0.4511845421844392,False,True,False,True,False,0.9999999999999991,-0.9999999999999993,-2.4645111141480987e-17,24.274708845500392,24.274708845500385,0.4512612558766367,False,False
20,16,2,0.06,-0.08,ok,ok,-0.057258542740323784,0.4070345024918005,False,True,False,True,False,0.9999999999999996,-0.9999999999999991,-4.385045050060831e-18,24.536455938652267,24.536455938652267,0.407082429841393,False,False
20,16,3,0.06,-0.07,ok,ok,-0.057303942209404976,0.3667969662573775,False,True,False,True,False,0.9999999999999999,-0.9999999999999996,4.6668842356414565e-17,24.788004569284908,24.788004569284904,0.36681595179332677,False,False
20,16,4,0.06,-0.06,ok,ok,-0.0573421700450724,0.3299341188321776,False,True,False,True,False,0.9999999999999989,-0.9999999999999986,-2.901107449226373e-17,25.029818865061703,25.029818865061703,0.32992348234034596,False,False
20,16,5,0.06,-0.05,ok,ok,-0.057373766460586936,0.296004463293604,False,True,False,True,False,1.0000000000000002,-1.0,3.132298800168905e-17,25.26232975605475,25.262329756054733,0.29596294187597727,False,False
20,16,6,0.06,-0.04,ok,ok,-0.05739927927096532,0.2646426734485517,False,True,False,True,False,0.9999999999999993,-0.9999999999999991,-6.130079890031522e-17,25.485939422768052,25.485939422768045,0.26456831948613124,False,False
20,16,7,0.06,-0.03,ok,ok,-0.057419261084117296,0.23554420203497436,False,True,False,True,False,0.9999999999999997,-0.9999999999999996,5.786121119240292e-17,25.701024942325088,25.70102494232509,0.23543422038315054,False,False
20,16,8,0.06,-0.02,ok,ok,-0.07318923275552836,0.23356315895627383,False,True,False,True,False,1.0000000000000002,-1.0000000000000002,-3.96759865064642e-05,25.907941292111982,25.907941292111992,2.2946002096517644,False,False
20,16,9,0.06,-0.01,ok,ok,-0.06790095447699522,0.9647360272796255,False,True,False,True,False,0.9999999999999997,-1.0,-5.7528616919088794e-05,25.974293681880482,25.974293681880475,2.519234403439427,False,False
20,16,10,0.06,0.0,ok,ok,-0.07908246821029033,1.0929360697117316,False,True,False,True,False,1.0000000000000002,-1.0000000000000002,-6.995999001342447e-05,25.882620243413342,25.882620243413328,2.756455453652419,False,False
20,16,11,0.06,0.01,ok,ok,-0.07062512833319241,0.3484447775286842,False,True,False,True,False,1.0,-1.0000000000000002,-9.939203561873351e-12,25.79448338713742,25.79448338713743,2.6535413874449283,False,False
20,16,12,0.06,0.02,ok,ok,-0.06915014849880921,1.0744212170902994,False,True,False,True,False,1.0000000000000002,-1.0000000000000002,-8.227689666432348e-05,25.70977899725899,25.709778997258994,2.923440403023992,False,False
20,16,13,0.06,0.03,ok,ok,-0.07661364890689393,1.1997711728633873,False,True,False,True,False,0.9999999999999989,-0.9999999999999991,-7.906568528066787e-05,25.62840227620666,25.628402276206653,3.0127306790120607,False,False
20,16,14,0.06,0.04,ok,ok,-0.05939527440480475,0.3804427768194551,False,True,False,True,False,1.0,-1.0000000000000002,3.997094344368216e-06,25.55024807262973,25.55024807262974,3.198531252423497,False,False
20,16,15,0.06,0.05,ok,ok,-0.07822832095517665,1.0413536182246328,False,True,False,True,False,1.0000000000000002,-1.0000000000000007,6.685361157559222e-05,25.475211199558906,25.475211199558906,2.991105457420452,False,False
20,16,16,0.06,0.06,nonconverged_hf,skipped_nonconverged_hf,nan,nan,False,False,True,True,False,0.9999999999999997,-0.9999999999999993,2.0824057969391778e-05,25.403186740424175,25.403186740424175,2.830169997605097,False,False
20,16,17,0.06,0.07,nonconverged_hf,skipped_nonconverged_hf,nan,nan,False,False,True,True,False,1.0,-0.9999999999999999,1.347318302564407e-16,25.334070340866187,25.334070340866184,0.8075909934444038,False,False
20,16,18,0.06,0.08,nonconverged_hf,skipped_nonconverged_hf,nan,nan,False,False,True,True,False,1.0,-0.9999999999999999,1.0601848938211728e-16,25.26775848454178,25.267758484541787,0.8074441141436787,False,False
20,16,19,0.06,0.09,nonconverged_hf,skipped_nonconverged_hf,nan,nan,False,False,True,True,False,0.9999999999999991,-0.9999999999999993,9.188269079783492e-16,25.20414875141093,25.204148751410933,0.8074306915071706,False,False
20,16,20,0.06,0.1,ok,ok,-0.06477796744703036,0.8015502061695142,False,True,False,True,False,0.9999999999999999,-0.9999999999999996,-0.003026849441146119,25.143140057286217,25.143140057286217,0.9187594781015785,False,False
20,17,0,0.07,-0.1,ok,ok,-0.05714886611178738,0.4900197582814593,False,True,False,True,False,0.9999999999999996,-0.9999999999999996,-1.2057269892329318e-16,24.07347092607673,24.073470926076734,0.49011976484709646,False,False
20,17,1,0.07,-0.09,ok,ok,-0.05720819952742004,0.4424049099934408,False,True,False,True,False,1.0,-1.0000000000000002,3.862918093087182e-17,24.342702493387794,24.34270249338779,0.44247597845079845,False,False
20,17,2,0.07,-0.08,ok,ok,-0.05725947374388134,0.39919554516481265,False,True,False,True,False,1.0000000000000004,-1.0000000000000002,6.419400176419457e-17,24.601377515255606,24.60137751525561,0.3992379235995943,False,False
20,17,3,0.07,-0.07,ok,ok,-0.05730320500805408,0.35976340751517716,False,True,False,True,False,0.9999999999999999,-0.9999999999999999,7.476767935400886e-17,24.84998864845081,24.849988648450815,0.35977684570069535,False,False
20,17,4,0.07,-0.06,ok,ok,-0.05733992219221985,0.32359587152501595,False,True,False,True,False,0.9999999999999996,-0.9999999999999993,1.950852520949964e-17,25.08899139634686,25.08899139634686,0.32357959215588344,False,False
20,17,5,0.07,-0.05,ok,ok,-0.057370163146941155,0.2902711637092786,False,True,False,True,False,0.9999999999999993,-0.9999999999999996,-3.899244939729538e-17,25.318809263704697,25.318809263704697,0.29022379816116994,False,False
20,17,6,0.07,-0.04,ok,ok,-0.05739447253276017,0.2594395385081569,False,True,False,True,False,0.9999999999999997,-0.9999999999999996,-8.143873666102612e-17,25.5398379686716,25.539837968671595,0.25935901700158553,False,False
20,17,7,0.07,-0.03,ok,ok,-0.05741339875313051,0.2308088639623397,False,True,False,True,False,1.0000000000000002,-1.0000000000000004,-1.2716967293763877e-17,25.75244890216041,25.75244890216041,0.23069224201540406,False,False
20,17,8,0.07,-0.02,ok,ok,-0.06481251385630424,0.3512740946381804,False,True,False,True,False,1.0000000000000002,-1.0000000000000002,-4.27169921081393e-05,25.956991983110356,25.956991983110367,2.3150022918536473,False,False
20,17,9,0.07,-0.01,ok,ok,-0.06846457829030314,1.0772090335561408,False,True,False,True,False,0.9999999999999996,-0.9999999999999994,5.930819737231716e-05,25.951841934469083,25.951841934469094,2.566505415371756,False,False
20,17,10,0.07,0.0,ok,ok,-0.0792679543908692,0.975421034591791,False,True,False,True,False,0.9999999999999994,-0.9999999999999994,7.104051244551381e-05,25.861727046852977,25.861727046852973,2.7230321113786777,False,False
20,17,11,0.07,0.01,ok,ok,-0.07832553340364393,0.28462315009009287,False,True,False,True,False,1.0000000000000002,-1.0000000000000007,-7.838991147116745e-05,25.775099089964908,25.775099089964908,2.6522391888849577,False,False
20,17,12,0.07,0.02,ok,ok,-0.0688729639044627,0.8790957062936042,False,True,False,True,False,1.0000000000000002,-1.0000000000000002,8.842271665709016e-12,25.691853726172234,25.691853726172226,2.814384645294782,False,False
20,17,13,0.07,0.03,ok,ok,-0.07646801552190552,1.079207301740278,False,True,False,True,False,1.0,-1.0,-7.818988501664317e-05,25.611886112544635,25.611886112544646,2.9657562929532855,False,False
20,17,14,0.07,0.04,ok,ok,-0.08016898503592254,0.23962018273977964,False,True,False,True,False,0.9999999999999996,-0.9999999999999994,7.358589363599427e-05,25.535091220279618,25.535091220279615,2.8267160121319184,False,False
20,17,15,0.07,0.05,ok,ok,-0.07637313289641402,1.0689655273327143,False,True,False,True,False,1.0000000000000002,-1.0000000000000002,-6.538616769486834e-05,25.461364143316416,25.461364143316427,3.03694703035217,False,False
20,17,16,0.07,0.06,nonconverged_hf,skipped_nonconverged_hf,nan,nan,False,False,True,True,False,0.9999999999999991,-1.0,3.578124016646455e-16,25.390600394007354,25.390600394007343,0.8077102767069633,False,False
20,17,17,0.07,0.07,nonconverged_hf,skipped_nonconverged_hf,nan,nan,False,False,True,True,False,0.9999999999999999,-1.0000000000000009,3.4456009049188096e-16,25.322696183955383,25.32269618395538,0.8075683435754513,False,False
20,17,18,0.07,0.08,nonconverged_hf,skipped_nonconverged_hf,nan,nan,False,False,True,True,False,1.0000000000000002,-1.0000000000000002,-6.361109362927033e-16,25.25754868839157,25.257548688391573,0.8074279448411568,False,False
20,17,19,0.07,0.09,invalid_reference_chern,skipped_invalid_reference_chern,nan,nan,False,True,False,False,True,1.0000000000000004,-1.0,1.0283860026629148,25.195056292743953,25.195056292743956,0.9449664808825217,False,False
20,17,20,0.07,0.1,invalid_reference_chern,skipped_invalid_reference_chern,nan,nan,False,True,False,False,True,0.9999999999999996,-0.9999999999999991,2.0510091501367893,25.135118820338565,25.13511882033856,0.9162287863936307,False,False
20,18,0,0.08,-0.1,ok,ok,-0.05715325313782071,0.48038445867218105,False,True,False,True,False,0.9999999999999993,-0.9999999999999993,8.61597993994613e-17,24.143797521069885,24.143797521069875,0.4804786826191754,False,False
20,18,1,0.08,-0.09,ok,ok,-0.05721064157307397,0.433838395788256,False,True,False,True,False,1.0,-1.0000000000000002,-1.2041948812731145e-16,24.409845982931706,24.409845982931696,0.4339038566499228,False,False
20,18,2,0.08,-0.08,ok,ok,-0.0572601293672011,0.3915381449467438,False,True,False,True,False,0.9999999999999996,-0.9999999999999993,-8.377878741252797e-17,24.66548061597078,24.665480615970782,0.3915749947004974,False,False
20,18,3,0.08,-0.07,ok,ok,-0.05730223234208079,0.3528860213213601,False,True,False,True,False,1.0000000000000002,-1.0000000000000002,1.9033065817397894e-17,24.91118430086041,24.9111843008604,0.35289391593872893,False,False
20,18,4,0.08,-0.06,ok,ok,-0.05733747759825084,0.3173931832056214,False,True,False,True,False,0.9999999999999991,-0.9999999999999993,5.256975410000151e-17,25.14740418107024,25.147404181070247,0.31737124825786744,False,False
20,18,5,0.08,-0.05,ok,ok,-0.05736640039402853,0.2846565276619728,False,True,False,True,False,1.0000000000000007,-1.0000000000000004,2.1297590736953132e-17,25.374556536971888,25.374556536971888,0.28460328770826054,False,False
20,18,6,0.08,-0.04,ok,ok,-0.05738954198369765,0.2543410942395427,False,True,False,True,False,0.9999999999999994,-0.9999999999999997,6.254487360834395e-17,25.593030776279353,25.593030776279345,0.2542543549267196,False,False
20,18,7,0.08,-0.03,ok,ok,-0.05740744628434205,0.22616656045578917,False,True,False,True,False,0.9999999999999996,-0.9999999999999994,-1.667491324109793e-17,25.803192717808386,25.803192717808404,0.2260432238850227,False,False
20,18,8,0.08,-0.02,ok,ok,-0.06546018294243762,0.46854495408695696,False,True,False,True,False,0.9999999999999999,-0.9999999999999997,-4.541727645588018e-05,26.00538730704835,26.005387307048345,2.3393468813521183,False,False
20,18,9,0.08,-0.01,ok,ok,-0.06437132220480804,1.188143726563709,False,True,False,True,False,0.9999999999999999,-0.9999999999999999,1.235836989645026e-11,25.92987343869887,25.92987343869887,2.6176605545735105,False,False
20,18,10,0.08,0.0,ok,ok,-0.06468120376976333,0.8575890996269988,False,True,False,True,False,1.0000000000000009,-1.0000000000000007,1.0296327395536645e-11,25.84129392722648,25.84129392722647,2.694257697661948,False,False
20,18,11,0.08,0.01,ok,ok,-0.07612602465316497,0.2741721615766842,False,True,False,True,False,0.9999999999999994,-1.0,7.855623628802318e-05,25.75615163249763,25.756151632497644,2.6558097172863633,False,False
20,18,12,0.08,0.02,ok,ok,-0.07724311704634965,1.0022200902918303,False,True,False,True,False,1.0000000000000002,-0.9999999999999996,-7.951323384660237e-05,25.67434208432839,25.674342084328394,2.8532250959571024,False,False
20,18,13,0.08,0.03,ok,ok,-0.06934496898250658,0.9481162784043745,False,True,False,True,False,1.0,-0.9999999999999996,8.675633791944863e-12,25.595760477976885,25.59576047797688,2.924132823673283,False,False
20,18,14,0.08,0.04,ok,ok,-0.08011142251595434,0.2931961472132188,False,True,False,True,False,0.9999999999999997,-1.0,-7.221766380957593e-05,25.520301984657795,25.52030198465779,2.8276352929678734,False,False
20,18,15,0.08,0.05,ok,ok,-0.0767404864471804,1.0706637328400563,False,True,False,True,False,0.9999999999999991,-1.0,-6.377930599521165e-05,25.44786205036765,25.447862050367654,3.0895709766535346,False,False
20,18,16,0.08,0.06,invalid_reference_chern,skipped_invalid_reference_chern,nan,nan,False,False,True,False,True,1.0000000000000002,-0.9999999999999999,0.03745178493749384,25.37833668106001,25.378336681060023,2.7695088036098197,False,False
20,18,17,0.08,0.07,invalid_reference_chern,skipped_invalid_reference_chern,nan,nan,False,False,True,False,True,1.0,-0.9999999999999999,-0.9999999999999999,25.311622712446926,25.31162271244693,0.8075253574498382,False,False
20,18,18,0.08,0.08,invalid_reference_chern,skipped_invalid_reference_chern,nan,nan,False,False,True,False,True,0.9999999999999991,-0.9999999999999993,1.0000000000000004,25.2476180629653,25.24761806296531,0.80740822213041,False,False
20,18,19,0.08,0.09,invalid_reference_chern,skipped_invalid_reference_chern,nan,nan,False,True,False,False,True,0.9999999999999994,-0.9999999999999999,-3.0276468792556424,25.186221968718634,25.186221968718634,0.9421949944867329,False,False
20,18,20,0.08,0.1,invalid_reference_chern,skipped_invalid_reference_chern,nan,nan,False,True,False,False,True,0.9999999999999999,-1.0000000000000002,2.9832489178840493,25.127335199485547,25.127335199485547,0.9137472101255824,False,False
20,19,0,0.09,-0.1,ok,ok,-0.057157291443567924,0.4709940297066702,False,True,False,True,False,0.9999999999999994,-0.9999999999999994,-1.484979101972141e-16,24.213243595794076,24.213243595794086,0.47108252483036017,False,False
20,19,1,0.09,-0.09,ok,ok,-0.05721277614536762,0.42547893019947985,False,True,False,True,False,0.9999999999999989,-0.9999999999999993,-1.1852852291441289e-16,24.476142626635976,24.476142626635976,0.4255388184708172,False,False
20,19,2,0.09,-0.08,ok,ok,-0.05726051819222502,0.38405758201087237,False,True,False,True,False,0.9999999999999994,-0.9999999999999994,-3.583927305877355e-18,24.728768615792593,24.728768615792596,0.38408892108800186,False,False
20,19,3,0.09,-0.07,ok,ok,-0.05730103255064965,0.34616110322001475,False,True,False,True,False,0.9999999999999997,-0.9999999999999993,1.0230542318008155e-16,24.971594994453405,24.971594994453408,0.34616345606423754,False,False
20,19,4,0.09,-0.06,ok,ok,-0.057334844277963044,0.31132311910651383,False,True,False,True,False,0.9999999999999994,-0.9999999999999994,-7.228927533673197e-17,25.205060795781566,25.205060795781574,0.3112955139839415,False,False
20,19,5,0.09,-0.05,ok,ok,-0.05736248581427912,0.27915820800145846,False,True,False,True,False,1.0000000000000002,-0.9999999999999999,-4.8059710502734915e-18,25.42957526588221,25.429575265882214,0.27909906141164886,False,False
20,19,6,0.09,-0.04,ok,ok,-0.057384494758423596,0.24934544520727894,False,True,False,True,False,1.0000000000000002,-1.0000000000000002,6.105543805816371e-18,25.64552164619875,25.645521646198745,0.24925243565119967,False,False
20,19,7,0.09,-0.03,ok,ok,-0.05740141025638899,0.22161574582158272,False,True,False,True,False,1.0000000000000002,-1.0000000000000002,-1.4421847941381598e-16,25.85326029211868,25.853260292118673,0.22148561749765264,False,False
20,19,8,0.09,-0.02,ok,ok,-0.07272922762228703,0.5845917558406872,False,True,False,True,False,0.9999999999999994,-0.9999999999999993,4.7797695509674555e-05,25.99893942392092,25.99893942392093,2.367624696404765,False,False
20,19,9,0.09,-0.01,ok,ok,-0.06944514932140894,1.2976980654230141,False,True,False,True,False,0.9999999999999999,-1.0,-6.244271413133361e-05,25.908380593503544,25.908380593503544,2.672541167687586,False,False
20,19,10,0.09,0.0,ok,ok,-0.06477134378984555,0.7399943869645103,False,True,False,True,False,0.9999999999999993,-0.9999999999999993,-1.0654256859283283e-11,25.82131328124215,25.821313281242155,2.6701479588072283,False,False
20,19,11,0.09,0.01,ok,ok,-0.07669355428782382,0.32206900418644174,False,True,False,True,False,0.9999999999999988,-0.9999999999999989,7.851695314406603e-05,25.737633451814048,25.737633451814048,2.6642082285587056,False,False
20,19,12,0.09,0.02,invalid_reference_chern,skipped_invalid_reference_chern,nan,nan,False,True,False,False,True,0.9999999999999991,-0.9999999999999997,-0.1631901916299739,25.657236588479204,25.657236588479215,3.057918377605296,False,False
20,19,13,0.09,0.03,ok,ok,-0.06946256859054994,0.8175249764855372,False,True,False,True,False,1.0000000000000007,-1.0000000000000002,9.129811202571747e-12,25.580018004849663,25.580018004849673,2.88796648681335,False,False
20,19,14,0.09,0.04,ok,ok,-0.07983855225505974,0.40040852398186955,False,True,False,True,False,1.0000000000000002,-0.9999999999999997,-7.079997492696461e-05,25.50587314620111,25.50587314620109,2.834792666205884,False,False
20,19,15,0.09,0.05,ok,ok,-0.06909974628735306,1.033094370369755,False,True,False,True,False,0.9999999999999997,-0.9999999999999997,-1.3435627632319346e-11,25.434697878311983,25.434697878311983,3.069629128272394,False,False
20,19,16,0.09,0.06,invalid_reference_chern,skipped_invalid_reference_chern,nan,nan,False,False,True,False,True,1.0000000000000002,-1.0000000000000007,-0.2522380722385813,25.366388762032027,25.366388762032027,2.865297586945991,False,False
20,19,17,0.09,0.07,nonconverged_hf,skipped_nonconverged_hf,nan,nan,False,False,True,True,False,1.0000000000000009,-1.0,-4.240739575284689e-16,25.300843312019918,25.30084331201991,0.8075257520750615,False,False
20,19,18,0.09,0.08,invalid_reference_chern,skipped_invalid_reference_chern,nan,nan,False,True,False,False,True,0.9999999999999999,-0.9999999999999996,2.0002504746988956,25.237960238346982,25.237960238346982,0.9692659843741901,False,False
20,19,19,0.09,0.09,nonconverged_hf,skipped_nonconverged_hf,nan,nan,False,False,True,True,False,1.0,-0.9999999999999994,5.753711767508653e-16,25.17763966992902,25.177639669929015,0.807433958214569,False,False
20,19,20,0.09,0.1,nonconverged_hf,skipped_nonconverged_hf,nan,nan,False,False,True,True,False,1.0000000000000004,-1.0000000000000007,1.1396987608577596e-15,25.119783359019408,25.119783359019408,0.8072373090213559,False,False
20,20,0,0.1,-0.1,ok,ok,-0.05716098982324189,0.46184094469617715,False,True,False,True,False,1.0000000000000002,-1.0000000000000007,-4.820089967151198e-17,24.281812697903927,24.281812697903927,0.46192376170244065,False,False
20,20,1,0.1,-0.09,invalid_reference_chern,skipped_invalid_reference_chern,nan,nan,False,True,False,False,True,0.9999999999999996,-0.9999999999999993,1.0000000017031885,24.54159597768023,24.54159597768023,2.146708017918591,False,False
20,20,2,0.1,-0.08,ok,ok,-0.05726064879987577,0.37674931501576103,False,True,False,True,False,0.9999999999999991,-0.9999999999999993,-8.864982768245193e-18,24.791245119928252,24.791245119928266,0.37677515927553096,False,False
20,20,3,0.1,-0.07,ok,ok,-0.057299613938378284,0.3395850764384847,False,True,False,True,False,1.0000000000000007,-1.0,-9.403446232297898e-18,25.03122441428357,25.03122441428357,0.3395818873795517,False,False
20,20,4,0.1,-0.06,ok,ok,-0.05733203018153438,0.30538283576343345,False,True,False,True,False,0.9999999999999999,-1.0000000000000004,-1.1007914957337097e-18,25.261965019424764,25.261965019424764,0.30534954402535297,False,False
20,20,5,0.1,-0.05,ok,ok,-0.05735842692900088,0.27377392273358114,False,True,False,True,False,1.0000000000000002,-1.0000000000000007,3.3978285982409204e-17,25.48386932726713,25.483869327267122,0.27370883535417173,False,False
20,20,6,0.1,-0.04,ok,ok,-0.0573793378665791,0.24445074219550672,False,True,False,True,False,1.0000000000000009,-1.0000000000000002,7.549128381663584e-17,25.69731454994019,25.6973145499402,0.24435140781007988,False,False
20,20,7,0.1,-0.03,ok,ok,-0.05739529711106101,0.2171549067641392,False,True,False,True,False,1.0000000000000002,-1.0000000000000002,-5.906444700573008e-17,25.90265568303357,25.90265568303357,0.21701790703880977,False,False
20,20,8,0.1,-0.02,ok,ok,-0.06691678947916925,0.6990504979496243,False,True,False,True,False,1.0000000000000002,-1.0000000000000002,-5.013210347423085e-05,25.976375986798555,25.976375986798566,2.3998130258933923,False,False
20,20,9,0.1,-0.01,ok,ok,-0.06456651475025715,1.3727523595179063,False,True,False,True,False,1.0000000000000002,-1.0000000000000002,1.1471029375459102e-11,25.887355776889045,25.88735577688906,2.7309521600313023,False,False
20,20,10,0.1,0.0,ok,ok,-0.06485582918763388,0.6235912717063515,False,True,False,True,False,0.9999999999999989,-0.9999999999999988,1.0412337023183762e-11,25.801777503649106,25.801777503649095,2.6506941285009873,False,False
20,20,11,0.1,0.01,ok,ok,-0.07042924061866163,0.4076568033459259,False,True,False,True,False,1.0000000000000004,-1.0000000000000007,9.443259559956836e-12,25.71953700028643,25.719537000286422,2.6773831752439596,False,False
20,20,12,0.1,0.02,ok,ok,-0.07743090394362127,1.2481517609816837,False,True,False,True,False,1.0,-0.9999999999999999,-7.814680949936746e-05,25.640529786196463,25.640529786196478,2.944898065859591,False,False
20,20,13,0.1,0.03,ok,ok,-0.06959101455480307,0.6885695784572833,False,True,False,True,False,1.0000000000000002,-1.0000000000000002,8.867745920860862e-12,25.564651370137753,25.564651370137753,2.857321816639681,False,False
20,20,14,0.1,0.04,ok,ok,-0.0684623373113367,0.5289744508354297,False,True,False,True,False,0.9999999999999994,-0.9999999999999996,9.983947505739863e-12,25.491797542094805,25.491797542094794,2.8481740178661314,False,False
20,20,15,0.1,0.05,ok,ok,-0.06925857859991297,0.9559423734099819,False,True,False,True,False,0.9999999999999991,-0.9999999999999994,-1.5280056416273303e-11,25.4218646519734,25.4218646519734,3.0012814335580122,False,False
20,20,16,0.1,0.06,nonconverged_hf,skipped_nonconverged_hf,nan,nan,False,False,True,True,False,0.9999999999999991,-1.0,8.094953408030409e-16,25.354749873489887,25.354749873489883,0.8076576001532537,False,False
20,20,17,0.1,0.07,nonconverged_hf,skipped_nonconverged_hf,nan,nan,False,False,True,True,False,1.0000000000000007,-1.0000000000000002,-6.438414511434827e-16,25.29035145184986,25.290351451849858,0.807505750887729,False,False
20,20,18,0.1,0.08,nonconverged_hf,skipped_nonconverged_hf,nan,nan,False,False,True,True,False,0.9999999999999984,-0.9999999999999983,2.0209774538466106e-16,25.228568934066285,25.228568934066296,0.8078030506497641,False,False
20,20,19,0.1,0.09,nonconverged_hf,skipped_nonconverged_hf,nan,nan,False,False,True,True,False,0.9999999999999997,-0.9999999999999993,2.8271597168564594e-16,25.16930338102205,25.169303381022043,0.807604354280987,False,False
20,20,20,0.1,0.1,invalid_reference_chern,skipped_invalid_reference_chern,nan,nan,False,True,False,False,True,0.9999999999999994,-0.9999999999999999,-2.945048780107487,25.112457560644994,25.112457560645005,0.9089293985777254,False,False
21,0,0,-0.1,-0.1,ok,ok,-0.04895257111279216,-2.068482532218044,True,True,False,True,False,1.0000000000000002,-1.0000000000000004,-4.590630977208222e-17,22.75032252484791,22.75032252484791,0.5110458764826455,False,False
21,0,1,-0.1,-0.09,ok,ok,-0.057191785409694655,0.47149238093901225,False,True,False,True,False,0.999999999999999,-0.9999999999999986,7.947937984144839e-17,23.07841580374006,23.078415803740054,0.4715887203536976,False,False
21,0,2,-0.1,-0.08,ok,ok,-0.05644523966879927,1.4793649617515683,False,True,False,True,False,0.9999999999999994,-1.0000000000000002,-1.1781740336829148e-12,23.393181131587703,23.393181131587703,1.8742334460207952,False,False
21,0,3,-0.1,-0.07,ok,ok,-0.0573779855365278,0.3549572083705603,False,True,False,True,False,1.0000000000000002,-1.0000000000000002,7.273770995264432e-17,23.695354211269688,23.695354211269688,0.3549778007204017,False,False
21,0,4,-0.1,-0.06,ok,ok,-0.05562767501673731,1.4515744529457604,False,True,False,True,False,1.0000000000000002,-1.0000000000000007,1.4495336222892016e-10,23.985590413810893,23.985590413810893,2.0228533380711533,False,False
21,0,5,-0.1,-0.05,ok,ok,-0.05752725152298102,0.26132142598008223,False,True,False,True,False,1.0000000000000009,-0.9999999999999997,-4.3652255016165337e-17,24.26447921294941,24.26447921294941,0.26125937339253186,False,False
21,0,6,-0.1,-0.04,ok,ok,-0.057590140490554595,0.2209156808851839,False,True,False,True,False,0.9999999999999993,-0.9999999999999991,-1.4217671234591673e-17,24.532555580278082,24.53255558027808,0.22080510497793887,False,False
21,0,7,-0.1,-0.03,ok,ok,-0.057646503349456535,0.18396757284522303,False,True,False,True,False,0.9999999999999997,-0.9999999999999997,6.885168968593497e-17,24.79030903986909,24.79030903986909,0.18379949363246856,False,False
21,0,8,-0.1,-0.02,nonconverged_hf,skipped_nonconverged_hf,nan,nan,False,False,True,True,False,1.0000000000000007,-1.0000000000000007,0.0017479201280589487,25.03819090476431,25.0381909047643,2.2032022808733003,False,False
21,0,9,-0.1,-0.01,ok,ok,-0.06669935308483277,0.5323937692710843,False,True,False,True,False,1.0000000000000004,-1.0,2.4254697411682383e-11,25.27662009015008,25.27662009015008,2.1215064190306174,False,False
21,0,10,-0.1,0.0,ok,ok,-0.060325083459936917,0.2518898663895932,False,True,False,True,False,1.0000000000000007,-1.0000000000000002,-1.3919193423420884e-11,25.50598780467007,25.50598780467007,2.1921237816113406,False,False
21,0,11,-0.1,0.01,ok,ok,-0.06883913453836375,0.9584392364463885,False,True,False,True,False,0.9999999999999996,-0.9999999999999993,6.15408812228099e-05,25.726661352152675,25.726661352152675,2.438034953337251,False,False
21,0,12,-0.1,0.02,ok,ok,-0.07955083119931033,0.907480401315237,False,True,False,True,False,0.9999999999999994,-0.9999999999999994,7.627702758078446e-05,25.938987224208248,25.938987224208244,2.6386486355767955,False,False
21,0,13,-0.1,0.03,ok,ok,-0.078212146945525,0.23492651609554588,False,True,False,True,False,1.0000000000000002,-1.0000000000000007,-8.55161621158457e-05,25.958777697901716,25.958777697901727,2.59315807338391,False,False
21,0,14,-0.1,0.04,invalid_reference_chern,skipped_invalid_reference_chern,nan,nan,False,True,False,False,True,0.9999999999999988,-0.9999999999999988,2.98597886087379,25.854616351221427,25.854616351221427,1.0145109697838395,False,False
21,0,15,-0.1,0.05,invalid_reference_chern,skipped_invalid_reference_chern,nan,nan,False,True,False,False,True,0.9999999999999994,-0.9999999999999994,1.9783854760351103,25.754353454073073,25.75435345407308,0.9684780151554957,False,False
21,0,16,-0.1,0.06,invalid_reference_chern,skipped_invalid_reference_chern,nan,nan,False,True,False,False,True,0.9999999999999996,-0.9999999999999994,2.982669778905463,25.657888950987438,25.657888950987427,0.9256662588157211,False,False
21,0,17,-0.1,0.07,invalid_reference_chern,skipped_invalid_reference_chern,nan,nan,False,True,False,False,True,0.9999999999999994,-0.9999999999999993,0.02970087133259077,25.565120315144153,25.565120315144153,0.8857590543245408,False,False
21,0,18,-0.1,0.08,invalid_reference_chern,skipped_invalid_reference_chern,nan,nan,False,True,False,False,True,1.000000000000001,-1.0000000000000007,-0.052073090872971295,25.47594296701344,25.475942967013435,0.8484787082602188,False,False
21,0,19,-0.1,0.09,invalid_reference_chern,skipped_invalid_reference_chern,nan,nan,False,True,False,False,True,0.9999999999999997,-0.9999999999999999,0.0067833909696079445,25.390250694540153,25.390250694540157,0.8135808772529803,False,False
21,0,20,-0.1,0.1,invalid_reference_chern,skipped_invalid_reference_chern,nan,nan,False,True,False,False,True,1.0000000000000013,-1.000000000000001,2.9299783386259257,25.307936070317204,25.3079360703172,0.7808498640270168,False,False
21,1,0,-0.09,-0.1,invalid_reference_chern,skipped_invalid_reference_chern,nan,nan,False,True,False,False,True,0.9999999999999991,-0.9999999999999997,-1.9999999999980649,22.835894668921416,22.835894668921416,1.6551829699148743,False,False
21,1,1,-0.09,-0.09,ok,ok,-0.057202638093069955,0.45880888883800447,False,True,False,True,False,1.0,-1.0000000000000007,1.4812464811013971e-16,23.160242050840704,23.160242050840708,0.4588976799892181,False,False
21,1,2,-0.09,-0.08,ok,ok,-0.05729828155354334,0.39873272834082046,False,True,False,True,False,0.9999999999999994,-0.9999999999999993,7.23893399513541e-17,23.471449634629394,23.4714496346294,0.3987839243418047,False,False
21,1,3,-0.09,-0.07,ok,ok,-0.057384135729601674,0.34519157501463127,False,True,False,True,False,1.0000000000000009,-1.0000000000000004,-8.791905953310718e-17,23.770233055988587,23.770233055988584,0.3452046148859972,False,False
21,1,4,-0.09,-0.06,ok,ok,-0.05746094034411094,0.2970930463425682,False,True,False,True,False,1.0000000000000002,-1.0000000000000007,2.970952875420325e-17,24.057231590522793,24.057231590522793,0.2970660116728301,False,False
21,1,5,-0.09,-0.05,ok,ok,-0.05752952718958132,0.2535766151246926,False,True,False,True,False,1.0000000000000007,-1.000000000000001,8.450353875945597e-18,24.33302169702966,24.33302169702967,0.25350586567508543,False,False
21,1,6,-0.09,-0.04,ok,ok,-0.05759081992601627,0.21395752582450345,False,True,False,True,False,0.999999999999999,-0.9999999999999994,4.34247806930393e-17,24.59812773164732,24.598127731647317,0.21383701089623045,False,False
21,1,7,-0.09,-0.03,invalid_reference_chern,skipped_invalid_reference_chern,nan,nan,False,False,True,False,True,0.9999999999999999,-1.0,-1.0004509388866163,24.85303047809854,24.85303047809855,1.9257992092652618,False,False
21,1,8,-0.09,-0.02,nonconverged_hf,skipped_nonconverged_hf,nan,nan,False,False,True,True,False,1.0000000000000002,-1.0000000000000004,-0.00042508481192662646,25.098173977748075,25.098173977748075,2.1770391801875015,False,False
21,1,9,-0.09,-0.01,ok,ok,-0.0571023896165495,0.14784589604775045,False,True,False,True,False,0.9999999999999999,-0.9999999999999993,9.951005719940856e-06,25.33397102606264,25.33397102606264,2.312815178018476,False,False
21,1,10,-0.09,0.0,ok,ok,-0.07301111746543852,0.362103977687078,False,True,False,True,False,1.0000000000000002,-1.0000000000000002,4.4391118785264925e-05,25.56080761605818,25.56080761605818,2.216238948504196,False,False
21,1,11,-0.09,0.01,ok,ok,-0.06490811159176833,1.073079557388892,False,True,False,True,False,0.999999999999999,-0.999999999999999,-1.021668763154395e-11,25.779046545407205,25.77904654540722,2.491404580833216,False,False
21,1,12,-0.09,0.02,ok,ok,-0.06514143450409404,0.7827653907963165,False,True,False,True,False,1.0000000000000004,-1.0000000000000002,-8.535437039868554e-12,25.989030355872764,25.989030355872764,2.6124396898001065,False,False
21,1,13,-0.09,0.03,ok,ok,-0.07062197014032132,0.26445033586170985,False,True,False,True,False,0.9999999999999999,-1.0000000000000002,-7.755619145577655e-12,25.93468886460864,25.93468886460865,2.603191209678756,False,False
21,1,14,-0.09,0.04,invalid_reference_chern,skipped_invalid_reference_chern,nan,nan,False,True,False,False,True,1.0000000000000002,-1.0000000000000002,2.0028108617941633,25.83226845346544,25.83226845346544,1.0082409678267286,False,False
21,1,15,-0.09,0.05,invalid_reference_chern,skipped_invalid_reference_chern,nan,nan,False,True,False,False,True,0.9999999999999999,-0.9999999999999997,-3.000415817159481,25.733698666966305,25.73369866696631,0.9628557046900278,False,False
21,1,16,-0.09,0.06,invalid_reference_chern,skipped_invalid_reference_chern,nan,nan,False,True,False,False,True,1.0000000000000004,-1.0000000000000007,1.9942270246782074,25.638878370007436,25.63887837000743,0.9206209606263941,False,False
21,1,17,-0.09,0.07,invalid_reference_chern,skipped_invalid_reference_chern,nan,nan,False,True,False,False,True,0.9999999999999993,-0.9999999999999993,-2.042106363768739,25.54770419108542,25.547704191085412,0.8812292952000663,False,False
21,1,18,-0.09,0.08,invalid_reference_chern,skipped_invalid_reference_chern,nan,nan,False,True,False,False,True,0.9999999999999994,-1.0,-2.025555177517913,25.46007093570422,25.460070935704227,0.8444108316940871,False,False
21,1,19,-0.09,0.09,invalid_reference_chern,skipped_invalid_reference_chern,nan,nan,False,True,False,False,True,1.0000000000000007,-1.0000000000000002,0.06077706996721484,25.37587199926696,25.375871999266952,0.80992788673626,False,False
21,1,20,-0.09,0.1,invalid_reference_chern,skipped_invalid_reference_chern,nan,nan,False,True,False,False,True,1.0000000000000002,-0.9999999999999997,-0.03350371082767573,25.294999775129515,25.294999775129508,0.7775704570671116,False,False
21,2,0,-0.08,-0.1,invalid_reference_chern,skipped_invalid_reference_chern,nan,nan,False,True,False,False,True,0.9999999999999996,-1.0,1.0000000000061917,22.92057238618229,22.92057238618229,1.6326539548104524,False,False
21,2,1,-0.08,-0.09,invalid_reference_chern,skipped_invalid_reference_chern,nan,nan,False,True,False,False,True,0.9999999999999994,-0.9999999999999997,-1.0000000000047382,23.241207233443465,23.24120723344346,1.7739807795308462,False,False
21,2,2,-0.08,-0.08,ok,ok,-0.05730629492767336,0.38792307109119545,False,True,False,True,False,0.9999999999999984,-0.9999999999999989,3.050599454106601e-17,23.54888670493224,23.54888670493224,0.38796682864472715,False,False
21,2,3,-0.08,-0.07,ok,ok,-0.057308398629773646,1.7231635212179905,False,True,False,True,False,0.9999999999999999,-1.0,-2.5612548540731e-13,23.84430733443142,23.84430733443142,2.0526631056459443,False,False
21,2,4,-0.08,-0.06,ok,ok,-0.05746474456942198,0.28861202164060673,False,True,False,True,False,1.0000000000000002,-1.0000000000000004,2.2359724143173617e-17,24.12809302242308,24.12809302242307,0.2885769249411134,False,False
21,2,5,-0.08,-0.05,invalid_reference_chern,skipped_invalid_reference_chern,nan,nan,False,True,False,False,True,0.9999999999999997,-0.9999999999999994,1.0000000006882788,24.400807748517945,24.40080774851794,1.8852571534448423,False,False
21,2,6,-0.08,-0.04,ok,ok,-0.057591299514151054,0.20713522473427903,False,True,False,True,False,0.9999999999999994,-0.999999999999999,7.351016725729529e-18,24.662965649343285,24.66296564934328,0.2070044742041781,False,False
21,2,7,-0.08,-0.03,invalid_reference_chern,skipped_invalid_reference_chern,nan,nan,False,False,True,False,True,1.0000000000000002,-1.0,1.0032185367709454,24.91503905789423,24.91503905789423,1.9520021006762294,False,False
21,2,8,-0.08,-0.02,nonconverged_hf,skipped_nonconverged_hf,nan,nan,False,False,True,True,False,1.0000000000000002,-0.9999999999999999,1.7832153534891945e-05,25.157464952464828,25.157464952464835,2.154690799602346,False,False
21,2,9,-0.08,-0.01,ok,ok,-0.06719426073516203,0.31238157318876036,False,True,False,True,False,0.9999999999999999,-0.9999999999999997,1.9752327948326812e-11,25.390650155675065,25.390650155675065,2.120995924565615,False,False
21,2,10,-0.08,0.0,ok,ok,-0.0633281089880411,0.4764968598386533,False,True,False,True,False,0.9999999999999993,-0.9999999999999993,-1.2429372466636107e-11,25.614975544840252,25.614975544840252,2.244826254485965,False,False
21,2,11,-0.08,0.01,ok,ok,-0.06974176915105706,1.187022121883278,False,True,False,True,False,0.9999999999999991,-0.9999999999999991,6.586369441073696e-05,25.830799475862616,25.830799475862616,2.5492149531642765,False,False
21,2,12,-0.08,0.02,ok,ok,-0.06521302825193206,0.6578515278689507,False,True,False,True,False,1.0000000000000007,-1.0000000000000009,8.831812279115894e-12,26.015718846154762,26.015718846154748,2.5915388446523075,False,False
21,2,13,-0.08,0.03,invalid_reference_chern,skipped_invalid_reference_chern,nan,nan,False,True,False,False,True,0.9999999999999989,-0.9999999999999989,2.9550839724562277,25.911114476800456,25.911114476800456,1.0253060008635775,False,False
21,2,14,-0.08,0.04,ok,ok,-0.0650173744141218,0.9204009370740469,False,True,False,True,False,1.0000000000000002,-1.0000000000000002,-0.004857069277549754,25.810412132304414,25.810412132304418,1.0020826346203364,False,False
21,2,15,-0.08,0.05,invalid_reference_chern,skipped_invalid_reference_chern,nan,nan,False,True,False,False,True,1.0000000000000004,-1.0000000000000002,-2.9713520453881737,25.713512129990445,25.71351212999045,0.9573317319798511,False,False
21,2,16,-0.08,0.06,ok,ok,-0.06216119606860217,0.9762122025117648,False,True,False,True,False,0.999999999999999,-0.9999999999999989,-5.302580056630723e-05,25.620312375222497,25.6203123752225,3.079019397299089,False,False
21,2,17,-0.08,0.07,ok,ok,-0.06728177138730898,0.8522467471298117,False,True,False,True,False,0.9999999999999996,-0.9999999999999999,9.619915471698791e-05,25.530708766894207,25.530708766894204,2.86143687097319,False,False
21,2,18,-0.08,0.08,invalid_reference_chern,skipped_invalid_reference_chern,nan,nan,False,True,False,False,True,0.9999999999999999,-1.0000000000000002,-2.0195808357057574,25.444595604794348,25.444595604794348,0.8404113738731477,False,False
21,2,19,-0.08,0.09,invalid_reference_chern,skipped_invalid_reference_chern,nan,nan,False,True,False,False,True,1.0000000000000009,-1.0000000000000007,2.054518997032104,25.36186599453593,25.36186599453593,0.8063358583048817,False,False
21,2,20,-0.08,0.1,nonconverged_hf,skipped_nonconverged_hf,nan,nan,False,False,True,True,False,1.0000000000000007,-1.0000000000000007,-8.811109330065588e-07,25.28241224595527,25.28241224595526,0.7339098113758741,False,False
21,3,0,-0.07,-0.1,ok,ok,-0.05712210142573888,0.4987598296061799,False,True,False,True,False,0.9999999999999994,-0.9999999999999999,-7.972714763099013e-17,23.00435381734397,23.004353817343972,0.49887128486887644,False,False
21,3,1,-0.07,-0.09,ok,ok,-0.05722304743461285,0.4344393097513639,False,True,False,True,False,1.0000000000000002,-1.0,-9.639276969814769e-17,23.321309445292624,23.32130944529263,0.4345131065279178,False,False
21,3,2,-0.07,-0.08,ok,ok,-0.05731392416850961,0.3773779621331826,False,True,False,True,False,0.999999999999999,-0.9999999999999988,5.0119629759267034e-17,23.625490574890158,23.62549057489017,0.377414265207083,False,False
21,3,3,-0.07,-0.07,ok,ok,-0.057395405844825186,0.3263286996705758,False,True,False,True,False,0.9999999999999994,-0.999999999999999,-2.664017628906977e-17,23.917575541557444,23.917575541557454,0.3263264580272052,False,False
21,3,4,-0.07,-0.06,ok,ok,-0.05746825873875497,0.28031403596945925,False,True,False,True,False,1.0000000000000002,-0.9999999999999999,2.576406481626072e-17,24.19817354562333,24.19817354562332,0.28027075383020994,False,False
21,3,5,-0.07,-0.05,ok,ok,-0.057533338692242,0.23855961682922489,False,True,False,True,False,0.9999999999999994,-0.9999999999999999,7.903538003927141e-17,24.467836589952014,24.467836589952,0.23847089670562058,False,False
21,3,6,-0.07,-0.04,ok,ok,-0.057591588205663874,0.2004461602191604,False,True,False,True,False,0.999999999999999,-0.9999999999999993,-4.8638592838161646e-17,24.727068963200608,24.72706896320061,0.20030485389324112,False,False
21,3,7,-0.07,-0.03,nonconverged_hf,skipped_nonconverged_hf,nan,nan,False,False,True,True,False,0.9999999999999999,-0.9999999999999997,7.283411448016203e-05,24.976334819517792,24.97633481951778,2.0167376140686564,False,False
21,3,8,-0.07,-0.02,nonconverged_hf,skipped_nonconverged_hf,nan,nan,False,False,True,True,False,0.9999999999999994,-1.0,7.739091124029825e-06,25.21606427001076,25.216064270010765,2.136188135379747,False,False
21,3,9,-0.07,-0.01,ok,ok,-0.07216202521345175,0.2139750883603557,False,True,False,True,False,1.0000000000000009,-1.0000000000000009,-2.644115636322312e-05,25.446658302396447,25.44665830239644,2.126864318867098,False,False
21,3,10,-0.07,0.0,ok,ok,-0.07278528745052842,0.5918963866973183,False,True,False,True,False,1.0000000000000002,-1.0000000000000002,5.0658917611617084e-05,25.668492772165894,25.668492772165894,2.2779276138105033,False,False
21,3,11,-0.07,0.01,ok,ok,-0.06507937626998123,1.2732844053513797,False,True,False,True,False,0.9999999999999978,-0.9999999999999978,9.85109004924487e-12,25.881921653968426,25.881921653968426,2.611288158246406,False,False
21,3,12,-0.07,0.02,ok,ok,-0.08010443119129654,0.534032798197954,False,True,False,True,False,0.9999999999999994,-0.9999999999999997,7.994837503034578e-05,25.99090918813915,25.99090918813914,2.5760089483688033,False,False
21,3,13,-0.07,0.03,invalid_reference_chern,skipped_invalid_reference_chern,nan,nan,False,True,False,False,True,0.9999999999999997,-0.9999999999999994,1.942753509093508,25.888047463540786,25.8880474635408,1.0288642299712298,False,False
21,3,14,-0.07,0.04,invalid_reference_chern,skipped_invalid_reference_chern,nan,nan,False,True,False,False,True,0.9999999999999996,-0.9999999999999996,-0.0660919614174498,25.789040153405445,25.789040153405445,0.996034614985953,False,False
21,3,15,-0.07,0.05,invalid_reference_chern,skipped_invalid_reference_chern,nan,nan,False,True,False,False,True,0.9999999999999999,-0.9999999999999997,2.0019501629847753,25.69378650300982,25.693786503009825,0.9519049991147981,False,False
21,3,16,-0.07,0.06,invalid_reference_chern,skipped_invalid_reference_chern,nan,nan,False,True,False,False,True,1.0000000000000007,-1.0000000000000007,-2.0384058462917904,25.60218357507473,25.602183575074736,0.9107901093262908,False,False
21,3,17,-0.07,0.07,invalid_reference_chern,skipped_invalid_reference_chern,nan,nan,False,True,False,False,True,0.9999999999999994,-0.9999999999999999,-2.0769508250377964,25.514126650476847,25.51412665047686,0.8724000173160348,False,False
21,3,18,-0.07,0.08,invalid_reference_chern,skipped_invalid_reference_chern,nan,nan,False,True,False,False,True,1.0000000000000002,-1.0000000000000004,-2.98808933238087,25.429509628834484,25.429509628834484,0.8364797397726524,False,False
21,3,19,-0.07,0.09,invalid_reference_chern,skipped_invalid_reference_chern,nan,nan,False,True,False,False,True,0.9999999999999997,-0.9999999999999996,-2.9994559138526693,25.34822542486833,25.348225424868332,0.8028043029411704,False,False
21,3,20,-0.07,0.1,invalid_reference_chern,skipped_invalid_reference_chern,nan,nan,False,True,False,False,True,0.9999999999999997,-0.9999999999999989,1.9927449174728753,25.270166356673144,25.27016635667314,0.7711745865680637,False,False
21,4,0,-0.06,-0.1,ok,ok,-0.05713417394965122,0.4853193241691029,False,True,False,True,False,0.9999999999999984,-0.9999999999999984,1.404428058713912e-16,23.087237476897634,23.08723747689764,0.4854231037283845,False,False
21,4,1,-0.06,-0.09,ok,ok,-0.056808640589834807,-0.021019432040571443,True,True,False,True,False,1.0000000000000007,-1.0000000000000002,3.912356411936396e-11,23.400547172164273,23.400547172164277,1.8305123137097725,False,False
21,4,2,-0.06,-0.08,ok,ok,-0.057660885482040285,0.6479299170875741,False,True,False,True,False,0.9999999999999997,-0.9999999999999997,-3.2548536260087137e-12,23.70125987330735,23.70125987330735,2.0476153940569173,False,False
21,4,3,-0.06,-0.07,ok,ok,-0.05477724933445733,0.6240592324163259,False,True,False,True,False,1.0000000000000009,-1.0000000000000009,4.643250918175805e-14,23.99003656336399,23.990036563363994,1.9673808861561013,False,False
21,4,4,-0.06,-0.06,ok,ok,-0.06091671528027955,1.9390490703332706,False,True,False,True,False,0.9999999999999997,-0.9999999999999996,3.395200788365708e-11,24.267472375140162,24.26747237514017,2.0397419606965395,False,False
21,4,5,-0.06,-0.05,ok,ok,-0.057534892464969456,0.2312805719860843,False,True,False,True,False,0.9999999999999994,-0.9999999999999999,7.337805730751847e-17,24.534107806068274,24.53410780606827,0.23118254639011254,False,False
21,4,6,-0.06,-0.04,nonconverged_hf,skipped_nonconverged_hf,nan,nan,False,False,True,True,False,1.000000000000001,-1.0000000000000013,-2.7368445515301846e-10,24.790437645583772,24.79043764558378,1.8763883051191537,False,False
21,4,7,-0.06,-0.03,invalid_reference_chern,skipped_invalid_reference_chern,nan,nan,False,False,True,False,True,0.9999999999999997,-0.9999999999999994,-0.1126943593690498,25.036918124323336,25.036918124323336,2.0826531352699074,False,False
21,4,8,-0.06,-0.02,ok,ok,-0.07276898100798657,0.7641673128487558,False,True,False,True,False,0.9999999999999999,-1.0,6.617287580782428e-07,25.273972670250355,25.273972670250366,2.12155712317689,False,False
21,4,9,-0.06,-0.01,ok,ok,-0.07555118953831727,0.15045293474140858,False,True,False,True,False,0.9999999999999994,-0.9999999999999996,-3.076864648203089e-05,25.501996565846312,25.501996565846312,2.1368712702536596,False,False
21,4,10,-0.06,0.0,ok,ok,-0.07242973089809805,0.707099649400467,False,True,False,True,False,0.9999999999999991,-0.9999999999999994,5.342856666813656e-05,25.72136073308016,25.721360733080154,2.315565756824535,False,False
21,4,11,-0.06,0.01,ok,ok,-0.06515454205959946,1.1975991747553911,False,True,False,True,False,0.9999999999999994,-0.9999999999999994,9.652234150480846e-12,25.932414822343564,25.932414822343564,2.677394729520795,False,False
21,4,12,-0.06,0.02,ok,ok,-0.08132592327325758,0.4139873169534326,False,True,False,True,False,0.9999999999999999,-1.0,-8.078602092509973e-05,25.966622451176555,25.966622451176544,2.565890684289696,False,False
21,4,13,-0.06,0.03,invalid_reference_chern,skipped_invalid_reference_chern,nan,nan,False,True,False,False,True,1.0000000000000002,-1.0000000000000002,-2.9851227737894814,25.865480663479897,25.865480663479904,1.0323640802840293,False,False
21,4,14,-0.06,0.04,invalid_reference_chern,skipped_invalid_reference_chern,nan,nan,False,True,False,False,True,0.9999999999999999,-0.9999999999999997,-1.9891777922547023,25.768145217391258,25.76814521739126,0.9900955541958738,False,False
21,4,15,-0.06,0.05,invalid_reference_chern,skipped_invalid_reference_chern,nan,nan,False,True,False,False,True,0.9999999999999993,-0.9999999999999996,-0.027002905058024544,25.674514404475186,25.674514404475183,0.9465744044668177,False,False
21,4,16,-0.06,0.06,invalid_reference_chern,skipped_invalid_reference_chern,nan,nan,False,True,False,False,True,1.0000000000000007,-1.0000000000000007,-2.9928179773278365,25.58448455839481,25.584484558394813,0.9060027655750865,False,False
21,4,17,-0.06,0.07,invalid_reference_chern,skipped_invalid_reference_chern,nan,nan,False,True,False,False,True,1.0000000000000007,-1.0000000000000004,-2.9737115626372845,25.497950450043074,25.497950450043074,0.8680990358536887,False,False
21,4,18,-0.06,0.08,invalid_reference_chern,skipped_invalid_reference_chern,nan,nan,False,True,False,False,True,1.0000000000000007,-1.0000000000000009,2.0037019506720677,25.41480568067588,25.41480568067588,0.8326153249637765,False,False
21,4,19,-0.06,0.09,ok,ok,-0.06475551249640121,0.7594379248674114,False,True,False,True,False,1.0000000000000002,-0.9999999999999999,0.004173233938350724,25.334943069161675,25.334943069161678,0.7993327216965049,False,False
21,4,20,-0.06,0.1,invalid_reference_chern,skipped_invalid_reference_chern,nan,nan,False,True,False,False,True,1.0000000000000007,-1.0000000000000009,0.030755769031573895,25.258255029712497,25.258255029712494,0.7680573050746273,False,False
21,5,0,-0.05,-0.1,ok,ok,-0.05714579070495471,0.47225282077314124,False,True,False,True,False,1.0000000000000002,-1.0000000000000002,-8.4525952627096e-18,23.169222248372208,23.169222248372197,0.4723489832052042,False,False
21,5,1,-0.05,-0.09,ok,ok,-0.05724177359235731,0.41132394982584114,False,True,False,True,False,0.9999999999999989,-0.9999999999999986,6.167577758894273e-17,23.478919284333504,23.478919284333493,0.4113828372355277,False,False
21,5,2,-0.05,-0.08,ok,ok,-0.057328061264102094,0.3570489872593422,False,True,False,True,False,0.9999999999999999,-1.0,-8.785003318435528e-17,23.77619361603059,23.77619361603059,0.3570703019566163,False,False
21,5,3,-0.05,-0.07,ok,ok,-0.05740535721524167,0.3083162812540879,False,True,False,True,False,1.0000000000000007,-1.0000000000000007,-4.28781443243712e-18,24.061689666370892,24.061689666370892,0.3082984634964723,False,False
21,5,4,-0.05,-0.06,invalid_reference_chern,skipped_invalid_reference_chern,nan,nan,False,True,False,False,True,0.9999999999999989,-0.9999999999999989,-1.0000000009305148,24.33598909372755,24.33598909372755,1.9390181451938062,False,False
21,5,5,-0.05,-0.05,ok,ok,-0.0562429626889811,1.8993983067046294,False,True,False,True,False,0.9999999999999997,-0.9999999999999999,1.1524771638611967e-12,24.599621332342497,24.599621332342494,1.9039817649979034,False,False
21,5,6,-0.05,-0.04,ok,ok,-0.057591628746390844,0.18745762471446306,False,True,False,True,False,0.9999999999999999,-0.9999999999999994,3.3997429672789117e-17,24.85307199990043,24.85307199990044,0.18729414156186153,False,False
21,5,7,-0.05,-0.03,invalid_reference_chern,skipped_invalid_reference_chern,nan,nan,False,False,True,False,True,0.9999999999999999,-0.9999999999999997,0.05537042245753126,25.09678964343294,25.096789643432942,2.147019946949507,False,False
21,5,8,-0.05,-0.02,nonconverged_hf,skipped_nonconverged_hf,nan,nan,False,False,True,True,False,1.0,-0.9999999999999999,5.757131043963472e-05,25.33119118079219,25.33119118079219,2.1416528734200417,False,False
21,5,9,-0.05,-0.01,ok,ok,-0.07391634117687804,0.16878131853076428,False,True,False,True,False,0.9999999999999988,-0.999999999999999,3.4653557690114014e-05,25.556666311225946,25.556666311225932,2.151062278771974,False,False
21,5,10,-0.05,0.0,ok,ok,-0.07207660042078956,0.8215765734740813,False,True,False,True,False,0.9999999999999996,-0.9999999999999994,-5.5980198304961905e-05,25.773581106356737,25.773581106356737,2.357737070228479,False,False
21,5,11,-0.05,0.01,ok,ok,-0.06522776945005662,1.0774001123924593,False,True,False,True,False,0.9999999999999989,-0.9999999999999989,9.076491356837578e-12,25.982280946112855,25.982280946112848,2.6592509887982447,False,False
21,5,12,-0.05,0.02,ok,ok,-0.07112267045060817,0.30418309243824493,False,True,False,True,False,1.0000000000000002,-1.0000000000000004,-8.052627182683512e-12,25.942851565106487,25.942851565106487,2.5612087513420456,False,False
21,5,13,-0.05,0.03,invalid_reference_chern,skipped_invalid_reference_chern,nan,nan,False,True,False,False,True,0.9999999999999999,-0.9999999999999999,2.0163329636735656,25.843406835800263,25.84340683580026,1.0303868391420483,False,False
21,5,14,-0.05,0.04,invalid_reference_chern,skipped_invalid_reference_chern,nan,nan,False,True,False,False,True,0.9999999999999996,-0.9999999999999996,0.05221796075238269,25.747719969970007,25.747719969970007,0.984264099330691,False,False
21,5,15,-0.05,0.05,invalid_reference_chern,skipped_invalid_reference_chern,nan,nan,False,True,False,False,True,1.0000000000000016,-1.0000000000000016,2.9761427962167453,25.655688420708916,25.655688420708948,0.9413388440049268,False,False
21,5,16,-0.05,0.06,invalid_reference_chern,skipped_invalid_reference_chern,nan,nan,False,True,False,False,True,0.9999999999999996,-0.9999999999999997,-0.018519367308379223,25.567207902828322,25.567207902828326,0.9012996063606485,False,False
21,5,17,-0.05,0.07,invalid_reference_chern,skipped_invalid_reference_chern,nan,nan,False,True,False,False,True,0.9999999999999993,-0.9999999999999993,2.9372871309049917,25.482172781671043,25.48217278167105,0.8638728381833382,False,False
21,5,18,-0.05,0.08,invalid_reference_chern,skipped_invalid_reference_chern,nan,nan,False,True,False,False,True,0.9999999999999996,-0.9999999999999994,2.98324355196246,25.40047645818259,25.40047645818259,0.8288175166979594,False,False
21,5,19,-0.05,0.09,invalid_reference_chern,skipped_invalid_reference_chern,nan,nan,False,True,False,False,True,1.0000000000000007,-1.0000000000000007,-1.9923476023259357,25.322011746567973,25.322011746567977,0.7959206066880863,False,False
21,5,20,-0.05,0.1,invalid_reference_chern,skipped_invalid_reference_chern,nan,nan,False,True,False,False,True,1.0000000000000002,-1.0,0.027026221567931368,25.246671241124776,25.24667124112478,0.7649932315753184,False,False
21,6,0,-0.04,-0.1,ok,ok,-0.0571569581821422,0.45954642493946785,False,True,False,True,False,1.0,-1.0000000000000002,4.648248044031874e-17,23.25030737894739,23.2503073789474,0.45963502077917434,False,False
21,6,1,-0.04,-0.09,invalid_reference_chern,skipped_invalid_reference_chern,nan,nan,False,True,False,False,True,1.0000000000000002,-1.0000000000000002,-0.9999995215263675,23.5564250286085,23.5564250286085,1.5511692750415935,False,False
21,6,2,-0.04,-0.08,ok,ok,-0.057334585308015495,0.34724980402047834,False,True,False,True,False,1.0000000000000004,-1.0000000000000002,-5.3202256683085636e-17,23.850291196305047,23.850291196305054,0.3472635688479793,False,False
21,6,3,-0.04,-0.07,ok,ok,-0.05740985981554567,0.2996146247358172,False,True,False,True,False,1.0000000000000004,-0.9999999999999999,-3.708932099800615e-17,24.1325344869427,24.1325344869427,0.29958888509381226,False,False
21,6,4,-0.04,-0.06,ok,ok,-0.05747714947022622,0.25647412567958044,False,True,False,True,False,1.0000000000000009,-1.0000000000000013,-5.93080999161464e-17,24.403723640633256,24.403723640633267,0.25640542885175605,False,False
21,6,5,-0.04,-0.05,ok,ok,-0.057537341448859664,0.21716504694071392,False,True,False,True,False,1.0000000000000002,-1.0000000000000004,-1.7510895506880652e-18,24.664377443520323,24.664377443520323,0.2170476826768255,False,False
21,6,6,-0.04,-0.04,invalid_reference_chern,skipped_invalid_reference_chern,nan,nan,False,False,True,False,True,0.999999999999999,-0.999999999999999,-1.0000134051175453,24.914972649152226,24.914972649152226,1.9117710259222642,False,False
21,6,7,-0.04,-0.03,nonconverged_hf,skipped_nonconverged_hf,nan,nan,False,False,True,True,False,1.0000000000000002,-1.0000000000000002,-0.003632277358847127,25.155950346487714,25.155950346487714,2.185610852231794,False,False
21,6,8,-0.04,-0.02,ok,ok,-0.07467919234346276,0.5458659291294643,False,True,False,True,False,1.0000000000000002,-0.9999999999999999,1.0862500286969585e-05,25.387721106067026,25.38772110606703,2.1039955917012048,False,False
21,6,9,-0.04,-0.01,ok,ok,-0.06820888955993015,0.25150033141169864,False,True,False,True,False,1.0,-1.0,3.843775698237331e-05,25.610669158812758,25.610669158812755,2.169483710505983,False,False
21,6,10,-0.04,0.0,ok,ok,-0.06917782018835565,0.9351082133547765,False,True,False,True,False,0.9999999999999984,-0.9999999999999984,5.840320792032083e-05,25.825155804467386,25.825155804467393,2.404404473312413,False,False
21,6,11,-0.04,0.01,ok,ok,-0.06530114900333862,0.9558592812623937,False,True,False,True,False,0.9999999999999996,-0.9999999999999994,8.981129934356876e-12,26.021170461561926,26.021170461561923,2.6256788296979314,False,False
21,6,12,-0.04,0.02,ok,ok,-0.07907761492755805,0.22248455078081356,False,True,False,True,False,0.999999999999999,-0.999999999999999,-8.206227548431513e-05,25.919589365485823,25.91958936548582,2.5619765880495597,False,False
21,6,13,-0.04,0.03,invalid_reference_chern,skipped_invalid_reference_chern,nan,nan,False,True,False,False,True,1.0000000000000007,-1.0000000000000004,-2.1670342790061135,25.821818670822974,25.821818670822978,1.0240070989008963,False,False
21,6,14,-0.04,0.04,invalid_reference_chern,skipped_invalid_reference_chern,nan,nan,False,True,False,False,True,0.999999999999999,-0.9999999999999993,2.965408757228531,25.72775701171438,25.727757011714374,0.9785389005562758,False,False
21,6,15,-0.04,0.05,invalid_reference_chern,skipped_invalid_reference_chern,nan,nan,False,True,False,False,True,0.9999999999999991,-0.9999999999999996,-2.0258258433370773,25.63730111483505,25.63730111483505,0.936197212538714,False,False
21,6,16,-0.04,0.06,invalid_reference_chern,skipped_invalid_reference_chern,nan,nan,False,True,False,False,True,0.9999999999999993,-0.9999999999999996,0.010531048394855767,25.550346182907138,25.550346182907134,0.8966797237207323,False,False
21,6,17,-0.04,0.07,invalid_reference_chern,skipped_invalid_reference_chern,nan,nan,False,True,False,False,True,0.9999999999999991,-0.999999999999999,-2.9382559928780325,25.466786276522352,25.466786276522352,0.8597206755646506,False,False
21,6,18,-0.04,0.08,invalid_reference_chern,skipped_invalid_reference_chern,nan,nan,False,True,False,False,True,1.0000000000000002,-1.0,-2.936240240390453,25.38651469060334,25.38651469060334,0.8250856949429525,False,False
21,6,19,-0.04,0.09,invalid_reference_chern,skipped_invalid_reference_chern,nan,nan,False,True,False,False,True,1.0000000000000009,-1.0000000000000013,1.9980626641118169,25.30942432204427,25.30942432204427,0.7925674420528782,False,False
21,6,20,-0.04,0.1,invalid_reference_chern,skipped_invalid_reference_chern,nan,nan,False,True,False,False,True,1.0000000000000004,-1.0000000000000007,2.9357406678636804,25.235408025343173,25.235408025343173,0.7619819346107164,False,False
21,7,0,-0.03,-0.1,ok,ok,-0.057167683296878095,0.4471869540606581,False,True,False,True,False,1.0000000000000002,-1.0,9.085281192044461e-19,23.330492473473402,23.330492473473402,0.44726802594559145,False,False
21,7,1,-0.03,-0.09,ok,ok,-0.05725887543785594,0.38937950459245846,False,True,False,True,False,0.9999999999999984,-0.9999999999999984,1.5367270278343104e-16,23.633064019975308,23.633064019975308,0.3894235066841593,False,False
21,7,2,-0.03,-0.08,ok,ok,-0.05734075755390208,0.3376844966586885,False,True,False,True,False,0.9999999999999997,-0.9999999999999991,3.6262420219468005e-17,23.923552374887798,23.923552374887798,0.3376906635903619,False,False
21,7,3,-0.03,-0.07,ok,ok,-0.05292427824886317,0.05420652955200732,False,True,False,True,False,0.9999999999999983,-0.9999999999999988,3.918851980490854e-13,24.202571020478292,24.202571020478302,1.9095116517623882,False,False
21,7,4,-0.03,-0.06,ok,ok,-0.057479592663941106,0.24886488215667302,False,True,False,True,False,0.9999999999999997,-0.9999999999999999,8.057576273838373e-18,24.4706763003037,24.470676300303698,0.2487873850930235,False,False
21,7,5,-0.03,-0.05,ok,ok,-0.0575382549332776,0.2103223316906101,False,True,False,True,False,0.999999999999999,-0.9999999999999989,-1.920484690679262e-17,24.728376742157174,24.728376742157174,0.2101948953516765,False,False
21,7,6,-0.03,-0.04,invalid_reference_chern,skipped_invalid_reference_chern,nan,nan,False,False,True,False,True,0.9999999999999997,-0.9999999999999994,-1.001625911763584,24.97614052454204,24.97614052454203,1.9348484694397505,False,False
21,7,7,-0.03,-0.03,nonconverged_hf,skipped_nonconverged_hf,nan,nan,False,False,True,True,False,0.9999999999999999,-1.0000000000000002,1.3664546940611712e-07,25.214401490488342,25.214401490488346,2.1594845677844794,False,False
21,7,8,-0.03,-0.02,ok,ok,-0.0749532385563605,0.43696733192623755,False,True,False,True,False,1.0000000000000002,-1.0000000000000004,-1.5631673631663295e-05,25.443564016520174,25.443564016520178,2.1011048237265806,False,False
21,7,9,-0.03,-0.01,ok,ok,-0.0626774482551801,0.35560357130321196,False,True,False,True,False,0.9999999999999999,-1.0,1.3791278250723934e-11,25.66400697358642,25.664006973586417,2.1921799477482065,False,False
21,7,10,-0.03,0.0,ok,ok,-0.07133198495349664,1.0476545786676363,False,True,False,True,False,1.0000000000000002,-1.0000000000000002,-6.051151577535771e-05,25.876086963695837,25.87608696369584,2.4554909962887286,False,False
21,7,11,-0.03,0.01,ok,ok,-0.06537564787938052,0.8331679268503186,False,True,False,True,False,1.0000000000000002,-1.0000000000000007,-9.010511964765775e-12,25.9967105188552,25.996710518855203,2.5971423120109844,False,False
21,7,12,-0.03,0.02,ok,ok,-0.07622635523099952,0.2069869837929569,False,True,False,True,False,0.9999999999999996,-0.9999999999999996,-8.251045552414922e-05,25.89682860465471,25.896828604654704,2.5681992092943515,False,False
21,7,13,-0.03,0.03,invalid_reference_chern,skipped_invalid_reference_chern,nan,nan,False,True,False,False,True,0.9999999999999996,-0.9999999999999997,2.0147224989024877,25.80070880026857,25.80070880026857,1.0177462932807835,False,False
21,7,14,-0.03,0.04,invalid_reference_chern,skipped_invalid_reference_chern,nan,nan,False,True,False,False,True,0.9999999999999986,-0.999999999999999,-1.9602093266717429,25.7082489074874,25.7082489074874,0.972918612324521,False,False
21,7,15,-0.03,0.05,invalid_reference_chern,skipped_invalid_reference_chern,nan,nan,False,True,False,False,True,1.0000000000000002,-0.9999999999999999,2.070039746024683,25.61934503535339,25.619345035353394,0.9311484048940383,False,False
21,7,16,-0.03,0.06,invalid_reference_chern,skipped_invalid_reference_chern,nan,nan,False,True,False,False,True,0.9999999999999993,-0.9999999999999994,2.054575094724605,25.53389197776761,25.533891977767617,0.8921422067238135,False,False
21,7,17,-0.03,0.07,invalid_reference_chern,skipped_invalid_reference_chern,nan,nan,False,True,False,False,True,1.0000000000000004,-1.0000000000000002,-0.02668931229919607,25.45178358771098,25.451783587710985,0.8556417942662052,False,False
21,7,18,-0.03,0.08,invalid_reference_chern,skipped_invalid_reference_chern,nan,nan,False,True,False,False,True,0.9999999999999997,-1.0000000000000002,-2.037064500553626,25.37291314460784,25.372913144607843,0.8214192333718463,False,False
21,7,19,-0.03,0.09,nonconverged_hf,skipped_nonconverged_hf,nan,nan,False,False,True,True,False,1.0000000000000009,-1.0000000000000009,-1.0736751288606486e-06,25.297173711582072,25.297173711582072,0.7376404694354942,False,False
21,7,20,-0.03,0.1,nonconverged_hf,skipped_nonconverged_hf,nan,nan,False,False,True,True,False,0.9999999999999996,-0.9999999999999999,6.181048212537961e-07,25.224458479637853,25.22445847963786,0.7358834638634457,False,False
21,8,0,-0.02,-0.1,ok,ok,-0.05717797335374901,0.4351618939379906,False,True,False,True,False,0.9999999999999999,-1.0000000000000004,1.0838853689482446e-16,23.409777487950134,23.40977748795014,0.4352354767299079,False,False
21,8,1,-0.02,-0.09,ok,ok,-0.051139783750013414,-0.5679808795495153,True,True,False,True,False,0.9999999999999984,-0.9999999999999989,-7.808261742992921e-14,23.70883623289426,23.708836232894267,1.973887884112923,False,False
21,8,2,-0.02,-0.08,ok,ok,-0.05433926110159776,0.8237346806656616,False,True,False,True,False,0.9999999999999994,-0.9999999999999991,3.0461541589863987e-14,23.99597726995311,23.99597726995311,2.0129177424182187,False,False
21,8,3,-0.02,-0.07,ok,ok,-0.05741796339356884,0.28279362808402786,False,True,False,True,False,0.9999999999999997,-1.0000000000000002,2.9162137338889347e-17,24.27179961049554,24.27179961049554,0.2827517271346364,False,False
21,8,4,-0.02,-0.06,ok,ok,-0.05748179102246208,0.24141772026975578,False,True,False,True,False,0.9999999999999991,-0.999999999999999,3.963214964025151e-17,24.536847691061045,24.536847691061045,0.24133123551717528,False,False
21,8,5,-0.02,-0.05,ok,ok,-0.057538973269882575,0.20361898350875773,False,True,False,True,False,0.9999999999999997,-0.9999999999999996,9.561648865962513e-17,24.7916201471877,24.7916201471877,0.20348117841396937,False,False
21,8,6,-0.02,-0.04,invalid_reference_chern,skipped_invalid_reference_chern,nan,nan,False,False,True,False,True,0.9999999999999999,-1.0,-1.0111444712435564,25.03657685415244,25.03657685415244,1.9619203237068181,False,False
21,8,7,-0.02,-0.03,nonconverged_hf,skipped_nonconverged_hf,nan,nan,False,False,True,True,False,0.9999999999999994,-1.0000000000000002,-8.19887311696855e-05,25.272144608739037,25.272144608739037,2.137124087321103,False,False
21,8,8,-0.02,-0.02,ok,ok,-0.06728687347751201,0.33183414710440623,False,True,False,True,False,1.0000000000000007,-1.0000000000000007,2.109541931580677e-11,25.498721737930353,25.49872173793035,2.1021685503958265,False,False
21,8,9,-0.02,-0.01,ok,ok,-0.07338513992537815,0.4661479750922094,False,True,False,True,False,0.9999999999999997,-0.9999999999999999,4.495577715992227e-05,25.71668185499734,25.716681854997343,2.2191894097617952,False,False
21,8,10,-0.02,0.0,ok,ok,-0.07000279029647559,1.1592906586648655,False,True,False,True,False,1.0,-1.0,-6.259685632590254e-05,25.92637693440453,25.92637693440453,2.510874768252588,False,False
21,8,11,-0.02,0.01,ok,ok,-0.07989224384712332,0.709710513441288,False,True,False,True,False,0.9999999999999996,-0.9999999999999997,-7.535273433687629e-05,25.972767581467377,25.97276758146737,2.573718094832961,False,False
21,8,12,-0.02,0.02,invalid_reference_chern,skipped_invalid_reference_chern,nan,nan,False,True,False,False,True,0.9999999999999996,-0.9999999999999997,-2.034529441285457,25.87456196246409,25.87456196246408,1.024372064300353,False,False
21,8,13,-0.02,0.03,invalid_reference_chern,skipped_invalid_reference_chern,nan,nan,False,True,False,False,True,1.0000000000000002,-1.0000000000000002,2.0309803913855284,25.7800698071679,25.78006980716789,1.0116027901806028,False,False
21,8,14,-0.02,0.04,ok,ok,-0.06492235880658975,0.907822838865904,False,True,False,True,False,1.0000000000000009,-1.0000000000000002,-0.0011300331621858235,25.689188195513054,25.689188195513054,0.9674018945012997,False,False
21,8,15,-0.02,0.05,invalid_reference_chern,skipped_invalid_reference_chern,nan,nan,False,True,False,False,True,0.9999999999999997,-0.9999999999999997,-2.941091430346903,25.601812724358183,25.601812724358176,0.9261913170232072,False,False
21,8,16,-0.02,0.06,invalid_reference_chern,skipped_invalid_reference_chern,nan,nan,False,True,False,False,True,1.0000000000000002,-0.9999999999999999,-0.009011931473537602,25.51783787851747,25.517837878517483,2.9685109026277794,False,False
21,8,17,-0.02,0.07,invalid_reference_chern,skipped_invalid_reference_chern,nan,nan,False,True,False,False,True,0.9999999999999989,-0.999999999999999,-2.0533552275900786,25.43715739682993,25.437157396829928,0.8516354365756053,False,False
21,8,18,-0.02,0.08,invalid_reference_chern,skipped_invalid_reference_chern,nan,nan,False,True,False,False,True,0.9999999999999999,-0.9999999999999999,2.9379494350425346,25.35966462999331,25.35966462999332,0.8178175003066562,False,False
21,8,19,-0.02,0.09,invalid_reference_chern,skipped_invalid_reference_chern,nan,nan,False,True,False,False,True,1.0,-0.9999999999999996,0.00747586092117653,25.28525288712216,25.28525288712214,0.7860358659885079,False,False
21,8,20,-0.02,0.1,invalid_reference_chern,skipped_invalid_reference_chern,nan,nan,False,True,False,False,True,1.0000000000000007,-1.0000000000000007,0.012617430072966694,25.213815768274348,25.213815768274344,0.7561159079985256,False,False
21,9,0,-0.01,-0.1,ok,ok,-0.05718783601210062,0.42345935841790133,False,True,False,True,False,0.9999999999999999,-1.0000000000000002,-7.625030750261701e-17,23.488162722516066,23.488162722516062,0.42352547930219425,False,False
21,9,1,-0.01,-0.09,ok,ok,-0.05727441681114156,0.36853035543633766,False,True,False,True,False,0.9999999999999993,-0.9999999999999994,-5.583935153807765e-17,23.783741992287418,23.78374199228741,0.36855943523215157,False,False
21,9,2,-0.01,-0.08,ok,ok,-0.05735208157078065,0.3192283674957816,False,True,False,True,False,0.9999999999999994,-0.9999999999999999,5.390779668528354e-17,24.067566346822098,24.06756634682209,0.3192191607054401,False,False
21,9,3,-0.01,-0.07,ok,ok,-0.05742158265344255,0.274664188617019,False,True,False,True,False,0.9999999999999994,-0.9999999999999997,1.5552694961219493e-17,24.340220937637238,24.340220937637238,0.27461402701122395,False,False
21,9,4,-0.01,-0.06,ok,ok,-0.05748375385587384,0.23412887545244698,False,True,False,True,False,1.0000000000000002,-1.0000000000000007,4.228162923611558e-17,24.60223875377388,24.60223875377388,0.23403320039345218,False,False
21,9,5,-0.01,-0.05,ok,ok,-0.05753950557985949,0.19705211839185446,False,True,False,True,False,0.9999999999999986,-0.9999999999999993,-3.4620108988468215e-17,24.85410888254226,24.85410888254226,0.19690362449577078,False,False
21,9,6,-0.01,-0.04,invalid_reference_chern,skipped_invalid_reference_chern,nan,nan,False,False,True,False,True,0.9999999999999997,-1.0000000000000002,-0.11122485199741619,25.096283151711933,25.096283151711933,2.020630643109094,False,False
21,9,7,-0.01,-0.03,nonconverged_hf,skipped_nonconverged_hf,nan,nan,False,False,True,True,False,1.0000000000000007,-1.0000000000000007,-6.826286943685669e-05,25.329181499907296,25.329181499907296,2.118539872767467,False,False
21,9,8,-0.01,-0.02,ok,ok,-0.0679695939050508,0.2380602517507821,False,True,False,True,False,0.9999999999999994,-0.9999999999999997,1.9343548262251013e-11,25.553196340865092,25.553196340865085,2.1072103192559943,False,False
21,9,9,-0.01,-0.01,ok,ok,-0.06831209798669259,0.5785735505487511,False,True,False,True,False,1.0000000000000002,-1.0000000000000002,4.794862802875675e-05,25.768696126885818,25.768696126885814,2.2505395376455484,False,False
21,9,10,-0.01,0.0,ok,ok,-0.07046953713529672,1.2701649261945014,False,True,False,True,False,0.9999999999999988,-0.9999999999999988,-6.440252905712185e-05,25.976028271461153,25.976028271461157,2.570386065686694,False,False
21,9,11,-0.01,0.01,ok,ok,-0.0817520586537375,0.586193464177285,False,True,False,True,False,0.9999999999999996,-0.9999999999999999,-7.637106458891431e-05,25.949334394393517,25.949334394393507,2.5554516444076243,False,False
21,9,12,-0.01,0.02,invalid_reference_chern,skipped_invalid_reference_chern,nan,nan,False,True,False,False,True,1.0000000000000004,-1.0000000000000002,0.010802320191890303,25.852782056658945,25.852782056658942,1.0278658813415287,False,False
21,9,13,-0.01,0.03,invalid_reference_chern,skipped_invalid_reference_chern,nan,nan,False,True,False,False,True,0.9999999999999994,-0.9999999999999993,-3.0210853942332987,25.759894235420617,25.759894235420617,1.0055749698980656,False,False
21,9,14,-0.01,0.04,invalid_reference_chern,skipped_invalid_reference_chern,nan,nan,False,True,False,False,True,1.0000000000000004,-1.0000000000000007,-0.00925370661345945,25.6705673960907,25.670567396090703,0.961987413424849,False,False
21,9,15,-0.01,0.05,invalid_reference_chern,skipped_invalid_reference_chern,nan,nan,False,True,False,False,True,0.9999999999999991,-0.999999999999999,0.008567942447942,25.584696725402527,25.584696725402527,0.9213248470530411,False,False
21,9,16,-0.01,0.06,invalid_reference_chern,skipped_invalid_reference_chern,nan,nan,False,True,False,False,True,0.9999999999999996,-0.9999999999999993,0.016191553042068617,25.50217649525542,25.50217649525542,0.8833106174390586,False,False
21,9,17,-0.01,0.07,invalid_reference_chern,skipped_invalid_reference_chern,nan,nan,False,True,False,False,True,1.0000000000000002,-1.0000000000000004,0.018845808582808026,25.422900420140078,25.422900420140085,0.8477008417604077,False,False
21,9,18,-0.01,0.08,invalid_reference_chern,skipped_invalid_reference_chern,nan,nan,False,True,False,False,True,1.0000000000000004,-1.0000000000000002,1.9874383902445167,25.346762005066914,25.346762005066925,0.8142798596181456,False,False
21,9,19,-0.01,0.09,nonconverged_hf,skipped_nonconverged_hf,nan,nan,False,False,True,True,False,1.0000000000000004,-1.0000000000000007,-1.0498953698397187e-06,25.273654881161804,25.273654881161807,0.7378362768027463,False,False
21,9,20,-0.01,0.1,invalid_reference_chern,skipped_invalid_reference_chern,nan,nan,False,True,False,False,True,0.9999999999999994,-0.9999999999999999,1.0038401054790915,25.203473126383106,25.2034731263831,0.753260281354444,False,False
21,10,0,0.0,-0.1,ok,ok,-0.05719727925410072,0.4120680516160763,False,True,False,True,False,0.9999999999999999,-0.9999999999999997,-2.979551488907986e-17,23.565648813994624,23.565648813994628,0.41212673018005197,False,False
21,10,1,0.0,-0.09,ok,ok,-0.05495977227370549,0.9255090500134324,False,True,False,True,False,1.0000000000000002,-1.0000000000000002,-4.0351113313766585e-13,23.857781964256056,23.857781964256052,1.904450231648502,False,False
21,10,2,0.0,-0.08,ok,ok,-0.05864962506631104,1.6499803446763226,False,True,False,True,False,1.0000000000000002,-1.0,-4.93382366819912e-10,24.138320407545653,24.13832040754566,2.058337128099584,False,False
21,10,3,0.0,-0.07,ok,ok,-0.05742492594972577,0.2667157082095303,False,True,False,True,False,1.0000000000000009,-1.0,1.5542612121746746e-17,24.407836008623363,24.407836008623374,0.266657150977349,False,False
21,10,4,0.0,-0.06,ok,ok,-0.05748549049682916,0.22699471113286496,False,True,False,True,False,1.0000000000000002,-1.0000000000000002,8.730022234966315e-17,24.666850740542404,24.666850740542415,0.2268896270949521,False,False
21,10,5,0.0,-0.05,ok,ok,-0.06349921024306282,1.8795150036513224,False,True,False,True,False,0.9999999999999999,-1.0000000000000002,-9.454277590659512e-08,24.91584446582847,24.915844465828474,1.8839717031012233,False,False
21,10,6,0.0,-0.04,invalid_reference_chern,skipped_invalid_reference_chern,nan,nan,False,False,True,False,True,0.9999999999999994,-0.9999999999999993,-0.09435388284790856,25.155261205461553,25.155261205461564,2.088423407219876,False,False
21,10,7,0.0,-0.03,nonconverged_hf,skipped_nonconverged_hf,nan,nan,False,False,True,True,False,0.9999999999999996,-0.9999999999999991,2.412350444547074e-10,25.3855142172117,25.3855142172117,2.1037433720962,False,False
21,10,8,0.0,-0.02,ok,ok,-0.07573099773660741,0.17705999888538118,False,True,False,True,False,0.9999999999999996,-0.9999999999999999,2.8638940034339055e-05,25.606990130282007,25.606990130282,2.1162562664159896,False,False
21,10,9,0.0,-0.01,ok,ok,-0.06873081150266111,0.6911336245903771,False,True,False,True,False,0.9999999999999993,-0.9999999999999991,-5.062840750055415e-05,25.820052327559527,25.820052327559523,2.286240953771492,False,False
21,10,10,0.0,0.0,ok,ok,-0.07074974308703146,1.2415957950050605,False,True,False,True,False,0.9999999999999993,-0.9999999999999993,-6.620598640287501e-05,26.02504372483082,26.02504372483082,2.6338069090268044,False,False
21,10,11,0.0,0.01,ok,ok,-0.08212637412793047,0.4639737069972145,False,True,False,True,False,1.0000000000000004,-1.0000000000000004,-7.729369336466171e-05,25.926403626704744,25.926403626704747,2.5423642413784697,False,False
21,10,12,0.0,0.02,invalid_reference_chern,skipped_invalid_reference_chern,nan,nan,False,True,False,False,True,1.0000000000000002,-1.0000000000000002,2.9934826246806683,25.831481452913177,25.831481452913174,1.0312994167649019,False,False
21,10,13,0.0,0.03,invalid_reference_chern,skipped_invalid_reference_chern,nan,nan,False,True,False,False,True,0.9999999999999993,-0.999999999999999,-1.987129581269183,25.740174598998333,25.74017459899834,0.9996612260881294,False,False
21,10,14,0.0,0.04,invalid_reference_chern,skipped_invalid_reference_chern,nan,nan,False,True,False,False,True,1.0,-1.0000000000000002,3.005708914460764,25.652379019953816,25.652379019953816,0.9566738428983126,False,False
21,10,15,0.0,0.05,invalid_reference_chern,skipped_invalid_reference_chern,nan,nan,False,True,False,False,True,1.0,-0.9999999999999999,-2.047555643407077,25.567989591010825,25.567989591010832,0.9165478962734025,False,False
21,10,16,0.0,0.06,invalid_reference_chern,skipped_invalid_reference_chern,nan,nan,False,True,False,False,True,1.0000000000000002,-0.9999999999999999,-2.9954296925747714,25.486900463746238,25.486900463746238,0.8790147177783276,False,False
21,10,17,0.0,0.07,invalid_reference_chern,skipped_invalid_reference_chern,nan,nan,False,True,False,False,True,0.9999999999999993,-0.9999999999999994,-0.06413114652821857,25.409005414427423,25.409005414427416,0.8438372469812548,False,False
21,10,18,0.0,0.08,invalid_reference_chern,skipped_invalid_reference_chern,nan,nan,False,True,False,False,True,0.9999999999999997,-0.9999999999999997,-2.949348568030462,25.334198181711184,25.334198181711173,0.810805671584087,False,False
21,10,19,0.0,0.09,nonconverged_hf,skipped_nonconverged_hf,nan,nan,False,False,True,True,False,0.9999999999999997,-1.0,-1.0686307405815342e-06,25.262372791062162,25.262372791062166,0.7381736341663806,False,False
21,10,20,0.0,0.1,invalid_reference_chern,skipped_invalid_reference_chern,nan,nan,False,True,False,False,True,0.9999999999999986,-0.9999999999999991,-2.939930924338943,25.19342386354809,25.193423863548087,0.7504556387555865,False,False
21,11,0,0.01,-0.1,ok,ok,-0.05720631135472576,0.40097723275539365,False,True,False,True,False,0.999999999999999,-0.9999999999999991,5.4882026957638384e-17,23.64223672804463,23.64223672804463,0.4010284810455762,False,False
21,11,1,0.01,-0.09,ok,ok,-0.05728846571050722,0.34870771999754907,False,True,False,True,False,1.0000000000000004,-1.0000000000000009,-3.476352985803928e-17,23.930957146563298,23.930957146563305,0.3487217787453088,False,False
21,11,2,0.01,-0.08,ok,ok,-0.05736210499784593,0.30162912695151417,False,True,False,True,False,0.9999999999999988,-0.999999999999999,6.862428861934492e-17,24.208240580372394,24.2082405803724,0.30160425044901495,False,False
21,11,3,0.01,-0.07,ok,ok,-0.05742800269062608,0.25894360256476034,False,True,False,True,False,0.9999999999999996,-0.9999999999999993,-8.833669518102262e-18,24.47464614517398,24.47464614517398,0.25887650283334257,False,False
21,11,4,0.01,-0.06,ok,ok,-0.05748701028343381,0.22001171349850354,False,True,False,True,False,0.9999999999999996,-1.0000000000000002,6.948627658121141e-18,24.730685203416954,24.730685203416954,0.21989698462535393,False,False
21,11,5,0.01,-0.05,ok,ok,-0.05754004845718888,0.18431673334530535,False,True,False,True,False,0.9999999999999997,-0.9999999999999994,-1.2321369612720318e-16,24.97682869709287,24.97682869709287,0.18414579927675337,False,False
21,11,6,0.01,-0.04,invalid_reference_chern,skipped_invalid_reference_chern,nan,nan,False,False,True,False,True,1.0,-0.9999999999999997,0.1140428238377799,25.21351306713678,25.21351306713678,2.1412610064400592,False,False
21,11,7,0.01,-0.03,ok,ok,-0.06216724565227088,0.6647512821942628,False,True,False,True,False,0.9999999999999999,-1.0,3.189909211830555e-11,25.441145057747786,25.441145057747786,2.092742105497406,False,False
21,11,8,0.01,-0.02,ok,ok,-0.07106507564577799,0.18552019593073385,False,True,False,True,False,0.9999999999999986,-0.9999999999999986,3.247996179349731e-05,25.66010563528514,25.660105635285124,2.129334567759305,False,False
21,11,9,0.01,-0.01,ok,ok,-0.06915985345112016,0.8030470213218891,False,True,False,True,False,1.0000000000000002,-1.0,-5.309478628108031e-05,25.87075320003656,25.870753200036564,2.326281135445811,False,False
21,11,10,0.01,0.0,ok,ok,-0.06939725995745466,1.1246588134178268,False,True,False,True,False,1.0000000000000007,-1.0000000000000007,-6.774943784220064e-05,26.000952227531343,26.000952227531325,2.648687161050337,False,False
21,11,11,0.01,0.01,ok,ok,-0.08210300107883906,0.3460540761888939,False,True,False,True,False,0.9999999999999996,-0.9999999999999997,-7.805747289291558e-05,25.90396788204574,25.903967882045748,2.534459400315901,False,False
21,11,12,0.01,0.02,invalid_reference_chern,skipped_invalid_reference_chern,nan,nan,False,True,False,False,True,0.9999999999999999,-1.0,0.9792987536681099,25.81065267451203,25.810652674512042,1.0346733157986403,False,False
21,11,13,0.01,0.03,ok,ok,-0.06490671941785647,0.93801002309613,False,True,False,True,False,1.0000000000000007,-1.0000000000000002,0.0008419945211442648,25.720903390791936,25.720903390791932,0.9938599666529923,False,False
21,11,14,0.01,0.04,invalid_reference_chern,skipped_invalid_reference_chern,nan,nan,False,True,False,False,True,1.0,-0.9999999999999999,-3.024251694121458,25.63461557627356,25.63461557627356,0.95145986511958,False,False
21,11,15,0.01,0.05,invalid_reference_chern,skipped_invalid_reference_chern,nan,nan,False,True,False,False,True,0.9999999999999989,-0.9999999999999991,0.9895688598313513,25.551683889842117,25.551683889842117,0.9118593700686596,False,False
21,11,16,0.01,0.06,invalid_reference_chern,skipped_invalid_reference_chern,nan,nan,False,True,False,False,True,0.9999999999999993,-0.9999999999999989,0.02582388629633262,25.472002451756918,25.472002451756918,0.8747975308814274,False,False
21,11,17,0.01,0.07,invalid_reference_chern,skipped_invalid_reference_chern,nan,nan,False,True,False,False,True,1.0,-0.9999999999999997,0.9878941415983772,25.395465182533364,25.39546518253337,0.8714913651712592,False,False
21,11,18,0.01,0.08,invalid_reference_chern,skipped_invalid_reference_chern,nan,nan,False,True,False,False,True,0.9999999999999993,-0.9999999999999993,-2.035049238506164,25.32196613013859,25.3219661301386,0.8073942937062287,False,False
21,11,19,0.01,0.09,invalid_reference_chern,skipped_invalid_reference_chern,nan,nan,False,True,False,False,True,1.0000000000000004,-0.9999999999999997,-2.9687745452817946,25.25139978306309,25.25139978306309,0.7766673724079158,False,False
21,11,20,0.01,0.1,invalid_reference_chern,skipped_invalid_reference_chern,nan,nan,False,True,False,False,True,0.9999999999999997,-0.9999999999999997,-2.9232700775377025,25.183661367123115,25.18366136712311,0.7477015191765259,False,False
21,12,0,0.02,-0.1,ok,ok,-0.05721494085355546,0.39017668334859784,False,True,False,True,False,0.9999999999999993,-0.9999999999999996,-2.6080130126351726e-17,23.717927750957777,23.71792775095777,0.3902205059080601,False,False
21,12,1,0.02,-0.09,invalid_reference_chern,skipped_invalid_reference_chern,nan,nan,False,True,False,False,True,0.9999999999999993,-0.9999999999999991,0.9999999997446934,24.003268858917014,24.00326885891702,1.6399830499835333,False,False
21,12,2,0.02,-0.08,invalid_reference_chern,skipped_invalid_reference_chern,nan,nan,False,True,False,False,True,1.0000000000000002,-1.0000000000000002,-1.0000000000341773,24.277328309126524,24.277328309126524,1.9276090140545554,False,False
21,12,3,0.02,-0.07,ok,ok,-0.05743082234486761,0.251343457910127,False,True,False,True,False,0.9999999999999999,-0.9999999999999996,1.0018031120970532e-16,24.540652972923706,24.540652972923706,0.25126765629424014,False,False
21,12,4,0.02,-0.06,ok,ok,-0.05748832252370246,0.2131764861390217,False,True,False,True,False,0.9999999999999993,-0.9999999999999994,-5.090545312281529e-17,24.7937439831694,24.7937439831694,0.2130518582314768,False,False
21,12,5,0.02,-0.05,ok,ok,-0.057540077106862014,0.1781428692238656,False,True,False,True,False,0.9999999999999996,-0.9999999999999996,-1.0381514069521514e-16,25.03706364767795,25.03706364767795,0.17796012711135176,False,False
21,12,6,0.02,-0.04,nonconverged_hf,skipped_nonconverged_hf,nan,nan,False,False,True,True,False,0.9999999999999983,-0.9999999999999983,6.157859138692057e-06,25.27104104107524,25.271041041075232,2.1664020649592395,False,False
21,12,7,0.02,-0.03,ok,ok,-0.06700729043307703,0.5577709577175306,False,True,False,True,False,0.9999999999999999,-0.9999999999999996,-2.7726233641745942e-11,25.49607655196206,25.496076551962066,2.0855415426694206,False,False
21,12,8,0.02,-0.02,ok,ok,-0.07440413071421828,0.2563241375358663,False,True,False,True,False,0.9999999999999991,-0.9999999999999993,3.5967846769362734e-05,25.71254559904409,25.712545599044084,2.1464739818299625,False,False
21,12,9,0.02,-0.01,ok,ok,-0.0720325900851716,0.9139607261499453,False,True,False,True,False,0.9999999999999994,-0.9999999999999996,-5.5292099386516e-05,25.920801682460446,25.920801682460443,2.3706180666392798,False,False
21,12,10,0.02,0.0,ok,ok,-0.06874700089591429,1.0064069529846327,False,True,False,True,False,0.9999999999999989,-0.9999999999999989,-6.923073829559511e-05,25.97737130350023,25.977371303500227,2.613216244973978,False,False
21,12,11,0.02,0.01,ok,ok,-0.08140694047124214,0.24068059230387326,False,True,False,True,False,0.9999999999999994,-0.9999999999999994,7.872293347609291e-05,25.882019708784558,25.88201970878455,2.531728116765374,False,False
21,12,12,0.02,0.02,ok,ok,-0.06338785257080345,0.9741586382426339,False,True,False,True,False,1.0000000000000002,-1.0000000000000004,3.5620641382407764e-05,25.790288211680167,25.79028821168017,2.801960925702617,False,False
21,12,13,0.02,0.03,ok,ok,-0.06327132063960161,0.8279126979550776,False,True,False,True,False,0.9999999999999996,-0.9999999999999994,3.097155321377374e-05,25.702073091102594,25.702073091102584,2.859140944183155,False,False
21,12,14,0.02,0.04,invalid_reference_chern,skipped_invalid_reference_chern,nan,nan,False,True,False,False,True,1.0000000000000002,-0.9999999999999997,2.938829833116218,25.617269580309763,25.617269580309763,0.9463441715513367,False,False
21,12,15,0.02,0.05,invalid_reference_chern,skipped_invalid_reference_chern,nan,nan,False,True,False,False,True,0.9999999999999997,-0.9999999999999999,-2.9442304547621267,25.53577221350795,25.53577221350794,0.9072581787953699,False,False
21,12,16,0.02,0.06,ok,ok,-0.06477416929518781,0.8379781306027623,False,True,False,True,False,0.9999999999999999,-1.0000000000000002,0.0011936089258470694,25.457475165058412,25.457475165058415,0.8706581459123345,False,False
21,12,17,0.02,0.07,invalid_reference_chern,skipped_invalid_reference_chern,nan,nan,False,True,False,False,True,1.0000000000000002,-1.0000000000000002,-0.06992356957465863,25.382272578565694,25.382272578565697,0.8363200008025481,False,False
21,12,18,0.02,0.08,invalid_reference_chern,skipped_invalid_reference_chern,nan,nan,False,True,False,False,True,1.0,-1.0,-2.044592229664999,25.310058883343704,25.31005888334369,0.8040450814887677,False,False
21,12,19,0.02,0.09,invalid_reference_chern,skipped_invalid_reference_chern,nan,nan,False,True,False,False,True,0.9999999999999999,-0.9999999999999999,2.0646007623473586,25.240729096014206,25.24072909601421,0.7736567401355784,False,False
21,12,20,0.02,0.1,nonconverged_hf,skipped_nonconverged_hf,nan,nan,False,False,True,True,False,1.0000000000000002,-1.0,-3.740068320169234e-07,25.174179105284352,25.17417910528436,0.7440032061178992,False,False
21,13,0,0.03,-0.1,ok,ok,-0.05722317652823292,0.37965667657180363,False,True,False,True,False,0.9999999999999996,-0.9999999999999994,-1.0084007219187608e-16,23.79272348114593,23.792723481145927,0.3796930704570958,False,False
21,13,1,0.03,-0.09,ok,ok,-0.05730109355481222,0.32984890780502313,False,True,False,True,False,1.0000000000000004,-1.0000000000000007,9.938574437452494e-18,24.074718733085565,24.074718733085565,0.32984778354091954,False,False
21,13,2,0.03,-0.08,ok,ok,-0.0561713379465145,0.981979618583727,False,True,False,True,False,0.9999999999999999,-0.9999999999999997,-6.777617393906312e-11,24.345585342523574,24.345585342523574,1.9387082950936674,False,False
21,13,3,0.03,-0.07,ok,ok,-0.05743339441564077,0.24391102300366982,False,True,False,True,False,0.9999999999999997,-1.0,-1.1759366601010172e-17,24.605858410350503,24.6058584103505,0.24382634693682775,False,False
21,13,4,0.03,-0.06,ok,ok,-0.05748943647893452,0.20648574528089397,False,True,False,True,False,1.0,-1.0000000000000007,8.984766418513561e-18,24.85602919813249,24.856029198132497,0.2063509445922797,False,False
21,13,5,0.03,-0.05,nonconverged_hf,skipped_nonconverged_hf,nan,nan,False,False,True,True,False,0.9999999999999999,-0.9999999999999999,-3.5787237012483466e-05,25.096551649188616,25.096551649188626,1.944907909169334,False,False
21,13,6,0.03,-0.04,invalid_reference_chern,skipped_invalid_reference_chern,nan,nan,False,False,True,False,True,0.9999999999999991,-0.9999999999999991,-0.006208032833598203,25.327847673462085,25.327847673462085,2.1404517051060563,False,False
21,13,7,0.03,-0.03,ok,ok,-0.06712163724199707,0.45210866810321493,False,True,False,True,False,1.0000000000000002,-1.0000000000000002,2.4448267847007002e-11,25.550311453283758,25.550311453283758,2.082146714161933,False,False
21,13,8,0.03,-0.02,ok,ok,-0.07401098743945202,0.3530334746027481,False,True,False,True,False,0.9999999999999991,-0.9999999999999991,3.928105257295328e-05,25.764312968883043,25.764312968883033,2.1677014282537286,False,False
21,13,9,0.03,-0.01,ok,ok,-0.06532738398772026,1.0237550250253897,False,True,False,True,False,1.0000000000000002,-1.0000000000000002,1.0789099125466197e-11,25.970200898692504,25.970200898692504,2.4191744268881035,False,False
21,13,10,0.03,0.0,ok,ok,-0.06561533020006713,0.8869153431581629,False,True,False,True,False,0.9999999999999986,-0.9999999999999984,-9.099130721757652e-12,25.954293542038247,25.95429354203824,2.5825567211173723,False,False
21,13,11,0.03,0.01,ok,ok,-0.08188511707028684,0.17417668578516976,False,True,False,True,False,1.0,-1.0000000000000002,-7.916769907830891e-05,25.860551609811292,25.8605516098113,2.5341525334107486,False,False
21,13,12,0.03,0.02,invalid_reference_chern,skipped_invalid_reference_chern,nan,nan,False,True,False,False,True,0.9999999999999996,-0.9999999999999996,-1.0209737111724362,25.770380530553943,25.77038053055396,1.0268118839100604,False,False
21,13,13,0.03,0.03,invalid_reference_chern,skipped_invalid_reference_chern,nan,nan,False,True,False,False,True,0.9999999999999999,-0.9999999999999997,2.0138520471740233,25.68367617577779,25.68367617577779,0.9825886086412835,False,False
21,13,14,0.03,0.04,invalid_reference_chern,skipped_invalid_reference_chern,nan,nan,False,True,False,False,True,0.9999999999999986,-0.9999999999999989,0.04226365533923158,25.60033356071168,25.600333560711693,0.9413254637344951,False,False
21,13,15,0.03,0.05,invalid_reference_chern,skipped_invalid_reference_chern,nan,nan,False,True,False,False,True,1.0000000000000002,-1.0000000000000004,2.039170677951464,25.520247183049285,25.520247183049282,0.9027432386078047,False,False
21,13,16,0.03,0.06,invalid_reference_chern,skipped_invalid_reference_chern,nan,nan,False,True,False,False,True,0.9999999999999999,-1.0000000000000002,2.9309427327342017,25.443311353098906,25.44331135309891,0.8665956546844669,False,False
21,13,17,0.03,0.07,nonconverged_hf,skipped_nonconverged_hf,nan,nan,False,False,True,True,False,1.0000000000000002,-0.9999999999999996,-7.524736959952992e-07,25.369420512796147,25.369420512796154,0.736822990861915,False,False
21,13,18,0.03,0.08,invalid_reference_chern,skipped_invalid_reference_chern,nan,nan,False,True,False,False,True,0.9999999999999989,-0.9999999999999991,-0.00534769303279109,25.29846954125937,25.29846954125937,0.8007573891791352,False,False
21,13,19,0.03,0.09,invalid_reference_chern,skipped_invalid_reference_chern,nan,nan,False,True,False,False,True,0.9999999999999999,-1.0,0.022166452852773286,25.23035404482987,25.230354044829866,0.7707012955911356,False,False
21,13,20,0.03,0.1,nonconverged_hf,skipped_nonconverged_hf,nan,nan,False,False,True,True,False,0.9999999999999999,-1.0,-7.053174996230945e-07,25.1649706298278,25.16497062982781,0.7361766756225547,False,False
21,14,0,0.04,-0.1,ok,ok,-0.05723102736937232,0.3694079486730833,False,True,False,True,False,1.0000000000000002,-1.0000000000000002,-3.213092840935232e-17,23.8666258203566,23.8666258203566,0.3694369034518558,False,False
21,14,1,0.04,-0.09,ok,ok,-0.057306897664639256,0.3207628480785134,False,True,False,True,False,0.9999999999999997,-0.9999999999999991,-2.892843519639303e-17,24.14530870287717,24.14530870287717,0.3207540512494018,False,False
21,14,2,0.04,-0.08,ok,ok,-0.057374864268872366,0.27673451504843344,False,True,False,True,False,1.0,-0.9999999999999996,-8.312474666766906e-18,24.413013723447648,24.41301372344764,0.2766854147463294,False,False
21,14,3,0.04,-0.07,ok,ok,-0.057435728414793774,0.23664220172420755,False,True,False,True,False,0.9999999999999996,-0.9999999999999993,4.653096596240067e-17,24.670264657736922,24.670264657736922,0.23654846473057095,False,False
21,14,4,0.04,-0.06,ok,ok,-0.05749036136422023,0.19993631529714412,False,True,False,True,False,0.9999999999999999,-0.9999999999999997,-1.616060432918861e-17,24.91754323312488,24.917543233124892,0.19979104718732157,False,False
21,14,5,0.04,-0.05,invalid_reference_chern,skipped_invalid_reference_chern,nan,nan,False,False,True,False,True,1.0000000000000004,-1.000000000000001,-1.000385731023591,25.155295282579765,25.155295282579765,1.9723859475977508,False,False
21,14,6,0.04,-0.04,nonconverged_hf,skipped_nonconverged_hf,nan,nan,False,False,True,True,False,0.9999999999999983,-0.9999999999999988,-8.346589471348973e-05,25.38393574172335,25.383935741723352,2.1182685071411655,False,False
21,14,7,0.04,-0.03,ok,ok,-0.0723528115422884,0.3511059202115829,False,True,False,True,False,1.0000000000000007,-1.0000000000000004,-1.83235359492027e-05,25.603852727920593,25.6038527279206,2.082563489455632,False,False
21,14,8,0.04,-0.02,ok,ok,-0.068724742001354,0.4585988718386327,False,True,False,True,False,0.9999999999999999,-1.0000000000000002,4.2422341838588734e-05,25.81541088654585,25.815410886545845,2.193038605668472,False,False
21,14,9,0.04,-0.01,ok,ok,-0.07133202290204664,1.1324546573859222,False,True,False,True,False,0.999999999999999,-0.9999999999999989,5.933231198720286e-05,26.01895414908627,26.018954149086277,2.4718329165089887,False,False
21,14,10,0.04,0.0,ok,ok,-0.06713158605662375,0.7663804289729022,False,True,False,True,False,0.9999999999999996,-0.9999999999999997,7.180361637857741e-05,25.931711474142883,25.93171147414289,2.556770046271107,False,False
21,14,11,0.04,0.01,ok,ok,-0.06490834122071779,1.0083780563683185,False,True,False,True,False,1.0,-0.9999999999999999,0.002791899412750164,25.839556051983017,25.839556051983017,1.0234357074195957,False,False
21,14,12,0.04,0.02,invalid_reference_chern,skipped_invalid_reference_chern,nan,nan,False,True,False,False,True,0.9999999999999994,-0.9999999999999991,-0.022100496432353723,25.750922081797757,25.750922081797746,1.0207233807258174,False,False
21,14,13,0.04,0.03,invalid_reference_chern,skipped_invalid_reference_chern,nan,nan,False,True,False,False,True,1.0000000000000002,-1.0000000000000007,-2.062158175224476,25.665705123993735,25.665705123993735,0.9771154042280008,False,False
21,14,14,0.04,0.04,invalid_reference_chern,skipped_invalid_reference_chern,nan,nan,False,True,False,False,True,0.9999999999999996,-1.0,2.976050544964199,25.583800066472133,25.583800066472133,0.93640245404811,False,False
21,14,15,0.04,0.05,invalid_reference_chern,skipped_invalid_reference_chern,nan,nan,False,True,False,False,True,1.0000000000000002,-1.0000000000000002,2.0142540501285544,25.50510145507746,25.505101455077465,0.898313472234735,False,False
21,14,16,0.04,0.06,invalid_reference_chern,skipped_invalid_reference_chern,nan,nan,False,True,False,False,True,0.9999999999999983,-0.9999999999999991,0.007605969893235267,25.429503814355037,25.429503814355037,0.862609152428723,False,False
21,14,17,0.04,0.07,invalid_reference_chern,skipped_invalid_reference_chern,nan,nan,False,True,False,False,True,1.0000000000000007,-1.0000000000000007,2.9669323278470072,25.35690195625232,25.35690195625231,0.8290775850812705,False,False
21,14,18,0.04,0.08,invalid_reference_chern,skipped_invalid_reference_chern,nan,nan,False,True,False,False,True,0.999999999999999,-0.9999999999999999,3.017604536904738,25.287191274626057,25.28719127462606,0.797530570472783,False,False
21,14,19,0.04,0.09,invalid_reference_chern,skipped_invalid_reference_chern,nan,nan,False,True,False,False,True,0.9999999999999993,-0.9999999999999999,2.999114435991621,25.220268023676798,25.2202680236768,0.7678004887571502,False,False
21,14,20,0.04,0.1,invalid_reference_chern,skipped_invalid_reference_chern,nan,nan,False,True,False,False,True,0.9999999999999993,-0.999999999999999,-0.02288687003823407,25.15602957872027,25.15602957872026,0.7397376356031521,False,False
21,15,0,0.05,-0.1,ok,ok,-0.057238502556862796,0.35942167227444227,False,True,False,True,False,1.0000000000000002,-1.0000000000000002,-1.335787568286799e-17,23.939636964655378,23.93963696465538,0.3594431700031699,False,False
21,15,1,0.05,-0.09,ok,ok,-0.057312374493383944,0.31189666750382,False,True,False,True,False,0.9999999999999997,-0.9999999999999996,4.028512506830727e-17,24.21504099401228,24.215040994012284,0.3118801328968022,False,False
21,15,2,0.05,-0.08,ok,ok,-0.05737854851233992,0.26881589656741744,False,True,False,True,False,0.9999999999999993,-0.9999999999999994,-3.809689815706729e-17,24.47961577821367,24.479615778213667,0.2687584895594434,False,False
21,15,3,0.05,-0.07,ok,ok,-0.057437833843777014,0.22953304596004612,False,True,False,True,False,0.9999999999999994,-0.9999999999999997,-6.87518319551894e-17,24.733874186182916,24.73387418618291,0.22943004686092752,False,False
21,15,4,0.05,-0.06,ok,ok,-0.05749110629699287,0.19352512451589915,False,True,False,True,False,1.0000000000000007,-1.0000000000000009,-5.1730436776443766e-18,24.97828872847461,24.978288728474602,0.19336907157820538,False,False
21,15,5,0.05,-0.05,invalid_reference_chern,skipped_invalid_reference_chern,nan,nan,False,False,True,False,True,0.9999999999999993,-0.9999999999999996,1.0095879691116418,25.213297367377834,25.21329736737783,2.0037215026204866,False,False
21,15,6,0.05,-0.04,invalid_reference_chern,skipped_invalid_reference_chern,nan,nan,False,False,True,False,True,0.9999999999999991,-0.9999999999999989,0.9512372844210546,25.439308244075505,25.439308244075505,2.345128316639663,False,False
21,15,7,0.05,-0.03,ok,ok,-0.07569557896678972,0.26233741891985896,False,True,False,True,False,1.0000000000000002,-1.0000000000000007,-2.2620222164446796e-05,25.656703544828385,25.65670354482839,2.0867993853515694,False,False
21,15,8,0.05,-0.02,ok,ok,-0.06894591160189203,0.5671072944448139,False,True,False,True,False,0.9999999999999996,-1.0000000000000002,4.5230180091876794e-05,25.86584267864342,25.86584267864341,2.222497731013571,False,False
21,15,9,0.05,-0.01,ok,ok,-0.07064755989311156,1.2401768395254098,False,True,False,True,False,1.0000000000000009,-1.000000000000001,-6.120470229811684e-05,26.00378546363255,26.003785463632557,2.5284332806619885,False,False
21,15,10,0.05,0.0,ok,ok,-0.06576046794850683,0.6451700682539974,False,True,False,True,False,0.9999999999999993,-0.9999999999999994,8.841272220574752e-12,25.909617582415258,25.909617582415237,2.53588530612196,False,False
21,15,11,0.05,0.01,ok,ok,-0.06489543604808733,1.0054080402886618,False,True,False,True,False,1.0000000000000007,-1.0000000000000004,-0.0037971145960889402,25.81902547521333,25.819025475213312,1.0268502616236295,False,False
21,15,12,0.05,0.02,invalid_reference_chern,skipped_invalid_reference_chern,nan,nan,False,True,False,False,True,0.9999999999999996,-1.0000000000000002,2.0666003544949065,25.731905308864654,25.73190530886466,1.014754815697146,False,False
21,15,13,0.05,0.03,invalid_reference_chern,skipped_invalid_reference_chern,nan,nan,False,True,False,False,True,0.999999999999999,-0.9999999999999989,-0.01707060766761027,25.64815242568675,25.64815242568675,0.9717484738731542,False,False
21,15,14,0.05,0.04,invalid_reference_chern,skipped_invalid_reference_chern,nan,nan,False,True,False,False,True,0.9999999999999999,-0.9999999999999999,-2.0262843575498866,25.567661673539085,25.567661673539085,0.9315738664184372,False,False
21,15,15,0.05,0.05,invalid_reference_chern,skipped_invalid_reference_chern,nan,nan,False,True,False,False,True,0.9999999999999994,-0.9999999999999991,2.1287963706461985,25.490327727584745,25.49032772758475,0.8939678097092207,False,False
21,15,16,0.05,0.06,invalid_reference_chern,skipped_invalid_reference_chern,nan,nan,False,True,False,False,True,1.0000000000000002,-1.0000000000000002,2.0639919296438007,25.41604540136737,25.416045401367366,0.8586977385183582,False,False
21,15,17,0.05,0.07,invalid_reference_chern,skipped_invalid_reference_chern,nan,nan,False,True,False,False,True,1.0000000000000009,-1.0000000000000004,-2.0678512766554333,25.3447099450113,25.3447099450113,0.8255575324924944,False,False
21,15,18,0.05,0.08,invalid_reference_chern,skipped_invalid_reference_chern,nan,nan,False,True,False,False,True,0.9999999999999997,-1.0000000000000002,-2.981645909235303,25.276217328581893,25.276217328581893,0.7943639791837833,False,False
21,15,19,0.05,0.09,invalid_reference_chern,skipped_invalid_reference_chern,nan,nan,False,True,False,False,True,0.9999999999999983,-0.999999999999999,0.9516566251931896,25.210464508903197,25.21046450890319,0.7649537685276878,False,False
21,15,20,0.05,0.1,invalid_reference_chern,skipped_invalid_reference_chern,nan,nan,False,True,False,False,True,1.0000000000000007,-1.0000000000000004,-1.955531266939885,25.147349678413203,25.1473496784132,0.7371809319502742,False,False
21,16,0,0.06,-0.1,ok,ok,-0.05724561143711861,0.34968943143022585,False,True,False,True,False,0.9999999999999991,-0.9999999999999994,-2.6289336877900072e-17,24.011759395209385,24.01175939520939,0.3497034466129304,False,False
21,16,1,0.06,-0.09,invalid_reference_chern,skipped_invalid_reference_chern,nan,nan,False,True,False,False,True,0.9999999999999988,-0.9999999999999991,1.0000000000002485,24.283918113916677,24.283918113916677,1.9977196554379042,False,False
21,16,2,0.06,-0.08,invalid_reference_chern,skipped_invalid_reference_chern,nan,nan,False,True,False,False,True,0.9999999999999999,-0.9999999999999993,1.0000000004039058,24.54539410583571,24.5453941058357,1.8711084235227629,False,False
21,16,3,0.06,-0.07,ok,ok,-0.05743972015387064,0.22257974908845574,False,True,False,True,False,0.9999999999999996,-0.9999999999999993,5.052505884495679e-17,24.7966897266873,24.796689726687294,0.22246727111956174,False,False
21,16,4,0.06,-0.06,ok,ok,-0.06349910637518923,1.8877324024920998,False,True,False,True,False,0.9999999999999997,-0.9999999999999994,8.691504364886494e-08,25.038268569156177,25.038268569156177,1.8922096858826518,False,False
21,16,5,0.06,-0.05,invalid_reference_chern,skipped_invalid_reference_chern,nan,nan,False,False,True,False,True,1.0000000000000007,-1.0000000000000004,-1.1233939544071512,25.2705609510459,25.2705609510459,2.088966609472258,False,False
21,16,6,0.06,-0.04,nonconverged_hf,skipped_nonconverged_hf,nan,nan,False,False,True,True,False,0.9999999999999988,-0.9999999999999986,-3.5067102493320683e-10,25.493968389241083,25.493968389241086,2.0849238308605944,False,False
21,16,7,0.06,-0.03,ok,ok,-0.06981435815539269,0.2041674251736355,False,True,False,True,False,1.0000000000000007,-1.0000000000000004,1.8651403241242034e-11,25.70886726585817,25.70886726585817,2.0948637956531,False,False
21,16,8,0.06,-0.02,ok,ok,-0.0692850251099757,0.6762096954329119,False,True,False,True,False,0.9999999999999993,-0.999999999999999,-4.7810327571407904e-05,25.91561184728687,25.91561184728687,2.256076575393944,False,False
21,16,9,0.06,-0.01,ok,ok,-0.06562542173378952,1.279705441331077,False,True,False,True,False,1.0000000000000002,-1.0000000000000002,9.361319415616383e-12,25.98058282584841,25.98058282584842,2.588771472877863,False,False
21,16,10,0.06,0.0,ok,ok,-0.06580858184708496,0.5239394488138236,False,True,False,True,False,0.9999999999999996,-0.9999999999999997,8.311787723439185e-12,25.888004310613855,25.88800431061385,2.519905956498464,False,False
21,16,11,0.06,0.01,invalid_reference_chern,skipped_invalid_reference_chern,nan,nan,False,True,False,False,True,0.9999999999999993,-0.9999999999999993,-2.014594663043055,25.79895230120608,25.798952301206093,1.0302031185896878,False,False
21,16,12,0.06,0.02,invalid_reference_chern,skipped_invalid_reference_chern,nan,nan,False,True,False,False,True,0.9999999999999991,-0.9999999999999996,0.36356397040359106,25.71332265590338,25.713322655903394,1.0089043792742924,False,False
21,16,13,0.06,0.03,invalid_reference_chern,skipped_invalid_reference_chern,nan,nan,False,True,False,False,True,0.9999999999999996,-0.9999999999999993,0.04446294576302978,25.631010588637192,25.6310105886372,0.9664863079159219,False,False
21,16,14,0.06,0.04,invalid_reference_chern,skipped_invalid_reference_chern,nan,nan,False,True,False,False,True,1.0000000000000004,-1.0000000000000009,2.049068452346307,25.551910991089937,25.551910991089926,0.926838436979345,False,False
21,16,15,0.06,0.05,invalid_reference_chern,skipped_invalid_reference_chern,nan,nan,False,True,False,False,True,1.0000000000000007,-1.0000000000000004,2.017608059504197,25.47591874543026,25.475918745430256,0.8897051890538006,False,False
21,16,16,0.06,0.06,ok,ok,-0.06839246970127695,0.8971152252273646,False,True,False,True,False,1.0000000000000009,-1.0000000000000002,-2.7895712523005363e-05,25.402929025467664,25.40292902546767,3.439215226667084,False,False
21,16,17,0.06,0.07,invalid_reference_chern,skipped_invalid_reference_chern,nan,nan,False,True,False,False,True,0.9999999999999989,-0.999999999999999,-2.041762350149767,25.332837584202952,25.332837584202956,0.8221039042878375,False,False
21,16,18,0.06,0.08,nonconverged_hf,skipped_nonconverged_hf,nan,nan,False,False,True,True,False,0.9999999999999997,-0.9999999999999997,-9.26590418822221e-07,25.26554102598186,25.265541025981854,0.7362716887124856,False,False
21,16,19,0.06,0.09,invalid_reference_chern,skipped_invalid_reference_chern,nan,nan,False,True,False,False,True,1.0000000000000002,-1.0000000000000002,-2.0039575224443333,25.20093706171783,25.200937061717827,0.7621605833097397,False,False
21,16,20,0.06,0.1,invalid_reference_chern,skipped_invalid_reference_chern,nan,nan,False,True,False,False,True,1.0,-0.999999999999999,-1.0077810535087666,25.13892474592799,25.13892474592799,0.7346724020989074,False,False
21,17,0,0.07,-0.1,ok,ok,-0.057252363501271254,0.34020319832322327,False,True,False,True,False,1.0000000000000013,-1.0000000000000013,-3.3759235150011534e-18,24.08299586890672,24.082995868906725,0.34020969785011285,False,False
21,17,1,0.07,-0.09,ok,ok,-0.05732238473697534,0.2947986138608695,False,True,False,True,False,0.9999999999999996,-0.9999999999999993,5.499307629756765e-17,24.351942841460726,24.351942841460723,0.29476637330039757,False,False
21,17,2,0.07,-0.08,ok,ok,-0.058619323354380665,1.9647870419639237,False,True,False,True,False,0.9999999999999999,-1.0,-4.207960121643795e-13,24.610351567322542,24.610351567322542,2.027231425983826,False,False
21,17,3,0.07,-0.07,ok,ok,-0.05744139674225504,0.21577863950151843,False,True,False,True,False,1.0000000000000007,-1.0000000000000007,-4.3160902774306953e-17,24.858714259313142,24.858714259313135,0.21565644935093395,False,False
21,17,4,0.07,-0.06,nonconverged_hf,skipped_nonconverged_hf,nan,nan,False,False,True,True,False,1.0,-1.0000000000000002,-4.1462544692111365e-10,25.09748587405221,25.097485874052207,1.9099284423719558,False,False
21,17,5,0.07,-0.05,invalid_reference_chern,skipped_invalid_reference_chern,nan,nan,False,False,True,False,True,0.9999999999999997,-0.9999999999999994,0.09065369382032332,25.327089298502713,25.32708929850271,2.1476852249687526,False,False
21,17,6,0.07,-0.04,nonconverged_hf,skipped_nonconverged_hf,nan,nan,False,False,True,True,False,0.9999999999999993,-0.9999999999999993,-3.2923940238397523e-06,25.54791958633607,25.54791958633607,2.0737401858574667,False,False
21,17,7,0.07,-0.03,ok,ok,-0.07201225764945818,0.20506665595181425,False,True,False,True,False,0.9999999999999996,-0.9999999999999999,3.0252941839724532e-05,25.760347436088477,25.760347436088473,2.10676754365966,False,False
21,17,8,0.07,-0.02,ok,ok,-0.06965013804550643,0.7848335215707348,False,True,False,True,False,0.9999999999999996,-0.9999999999999994,-5.0177371589924044e-05,25.96472206091264,25.96472206091264,2.293753073383545,False,False
21,17,9,0.07,-0.01,ok,ok,-0.07002058941825887,1.1756648548260287,False,True,False,True,False,0.9999999999999991,-0.9999999999999991,6.436188835672731e-05,25.95787632674514,25.95787632674514,2.639266836450312,False,False
21,17,10,0.07,0.0,ok,ok,-0.08069614409032722,0.4039570371689605,False,True,False,True,False,1.0000000000000007,-1.0000000000000009,-7.468904434035989e-05,25.866864072853406,25.866864072853396,2.5088161907826407,False,False
21,17,11,0.07,0.01,invalid_reference_chern,skipped_invalid_reference_chern,nan,nan,False,True,False,False,True,1.0000000000000002,-1.0000000000000002,2.0330735853204596,25.779328941834134,25.779328941834148,1.0334950192649035,False,False
21,17,12,0.07,0.02,invalid_reference_chern,skipped_invalid_reference_chern,nan,nan,False,True,False,False,True,0.9999999999999993,-0.9999999999999993,-2.0018365945264853,25.695166575313795,25.695166575313802,1.0031702874913917,False,False
21,17,13,0.07,0.03,invalid_reference_chern,skipped_invalid_reference_chern,nan,nan,False,True,False,False,True,0.9999999999999994,-0.9999999999999994,-3.037417174618153,25.614272145209686,25.614272145209693,0.9613274150401495,False,False
21,17,14,0.07,0.04,invalid_reference_chern,skipped_invalid_reference_chern,nan,nan,False,True,False,False,True,1.0000000000000002,-1.0000000000000002,3.0799468492870647,25.536540667473393,25.536540667473385,0.922194914687896,False,False
21,17,15,0.07,0.05,invalid_reference_chern,skipped_invalid_reference_chern,nan,nan,False,True,False,False,True,0.9999999999999988,-0.9999999999999989,2.0207872414055323,25.46186730550861,25.461867305508605,0.8855245569236773,False,False
21,17,16,0.07,0.06,invalid_reference_chern,skipped_invalid_reference_chern,nan,nan,False,True,False,False,True,1.0000000000000004,-1.0000000000000007,0.9868973448812743,25.39014766120514,25.39014766120515,0.8510965980081483,False,False
21,17,17,0.07,0.07,invalid_reference_chern,skipped_invalid_reference_chern,nan,nan,False,True,False,False,True,0.9999999999999989,-0.999999999999999,-2.943236185613884,25.321278051731074,25.321278051731078,0.8187159448487189,False,False
21,17,18,0.07,0.08,nonconverged_hf,skipped_nonconverged_hf,nan,nan,False,False,True,True,False,0.9999999999999996,-0.9999999999999997,3.647491115810369e-07,25.25515577045514,25.255155770455147,0.7371645577434005,False,False
21,17,19,0.07,0.09,invalid_reference_chern,skipped_invalid_reference_chern,nan,nan,False,True,False,False,True,1.0000000000000016,-1.000000000000001,2.084829925107579,25.19167933062801,25.19167933062798,0.7594203815947598,False,False
21,17,20,0.07,0.1,invalid_reference_chern,skipped_invalid_reference_chern,nan,nan,False,True,False,False,True,1.0000000000000007,-0.9999999999999999,-2.096522618592683,25.130748690721745,25.130748690721752,0.5885745696563034,False,False
21,18,0,0.08,-0.1,ok,ok,-0.057258768364040286,0.330955311480929,False,True,False,True,False,1.0,-0.9999999999999996,-1.725159350251384e-17,24.15334940884183,24.153349408841812,0.3309542545482092,False,False
21,18,1,0.08,-0.09,ok,ok,-0.05732693756233631,0.28655474205284953,False,True,False,True,False,0.9999999999999999,-1.0000000000000002,3.222149467622884e-17,24.419118216669403,24.4191182166694,0.2865145153294077,False,False
21,18,2,0.08,-0.08,ok,ok,-0.05738802964082697,0.24612993210761827,False,True,False,True,False,0.9999999999999994,-0.9999999999999991,1.1019187741073121e-16,24.674491275017957,24.674491275017957,0.24604675411892651,False,False
21,18,3,0.08,-0.07,ok,ok,-0.05744287291178822,0.2091261749906032,False,True,False,True,False,0.9999999999999993,-0.9999999999999991,-2.6215648046116173e-17,24.91995100245249,24.91995100245249,0.20899402183031648,False,False
21,18,4,0.08,-0.06,nonconverged_hf,skipped_nonconverged_hf,nan,nan,False,False,True,True,False,0.9999999999999994,-0.9999999999999994,-2.2230744887448302e-05,25.155943985352256,25.155943985352238,1.9309617099694643,False,False
21,18,5,0.08,-0.05,invalid_reference_chern,skipped_invalid_reference_chern,nan,nan,False,False,True,False,True,0.9999999999999996,-0.9999999999999997,0.04615495937338036,25.382885881803897,25.382885881803897,2.1475753743414194,False,False
21,18,6,0.08,-0.04,ok,ok,-0.07318135602335929,0.5710394048492041,False,True,False,True,False,0.9999999999999993,-0.9999999999999994,7.903769888207062e-06,25.601165434937254,25.601165434937247,2.066204705593546,False,False
21,18,7,0.08,-0.03,ok,ok,-0.06434874825381565,0.26395382154340946,False,True,False,True,False,0.9999999999999991,-0.9999999999999991,1.6083110857756565e-11,25.811147774347063,25.811147774347063,2.122521683037499,False,False
21,18,8,0.08,-0.02,ok,ok,-0.06539878581713152,0.8924663743157023,False,True,False,True,False,1.0000000000000009,-1.0000000000000007,-1.1178597803144923e-11,26.013177145301462,26.01317714530146,2.33547987974578,False,False
21,18,9,0.08,-0.01,ok,ok,-0.06946830838246507,1.0616506488130493,False,True,False,True,False,1.0,-0.9999999999999999,6.579681522571603e-05,25.935658387156074,25.935658387156064,2.602072731686339,False,False
21,18,10,0.08,0.0,ok,ok,-0.06552225119391346,0.28822309186109074,False,True,False,True,False,1.0000000000000009,-1.0000000000000007,-8.428372170083421e-12,25.84618926244918,25.84618926244918,2.5025864044724497,False,False
21,18,11,0.08,0.01,invalid_reference_chern,skipped_invalid_reference_chern,nan,nan,False,True,False,False,True,0.999999999999999,-0.9999999999999989,-1.9369154956071322,25.760147807163303,25.760147807163282,1.0367266994487394,False,False
21,18,12,0.08,0.02,invalid_reference_chern,skipped_invalid_reference_chern,nan,nan,False,True,False,False,True,1.0000000000000013,-1.0000000000000013,-0.01586496241818949,25.677429534953877,25.677429534953877,0.997550782357176,False,False
21,18,13,0.08,0.03,invalid_reference_chern,skipped_invalid_reference_chern,nan,nan,False,True,False,False,True,1.0000000000000007,-1.0000000000000007,-2.0513653351495282,25.597929658754293,25.597929658754268,0.9562703227804067,False,False
21,18,14,0.08,0.04,invalid_reference_chern,skipped_invalid_reference_chern,nan,nan,False,True,False,False,True,0.9999999999999993,-0.9999999999999993,0.15329899897657143,25.521543395825145,25.521543395825145,3.055785601825401,False,False
21,18,15,0.08,0.05,invalid_reference_chern,skipped_invalid_reference_chern,nan,nan,False,True,False,False,True,1.0,-1.0000000000000002,-2.969502156702168,25.448166261607373,25.448166261607373,0.8814248692099133,False,False
21,18,16,0.08,0.06,invalid_reference_chern,skipped_invalid_reference_chern,nan,nan,False,True,False,False,True,0.9999999999999997,-0.9999999999999996,-0.05583682592636666,25.377694350479597,25.377694350479604,0.8474050968364937,False,False
21,18,17,0.08,0.07,invalid_reference_chern,skipped_invalid_reference_chern,nan,nan,False,True,False,False,True,1.0000000000000002,-1.0000000000000004,-2.045589436405357,25.310024601720617,25.310024601720617,0.8153929022636114,False,False
21,18,18,0.08,0.08,invalid_reference_chern,skipped_invalid_reference_chern,nan,nan,False,True,False,False,True,0.9999999999999986,-0.999999999999999,-2.0426182329343594,25.245055049209316,25.245055049209316,0.7852191228913282,False,False
21,18,19,0.08,0.09,invalid_reference_chern,skipped_invalid_reference_chern,nan,nan,False,True,False,False,True,0.9999999999999999,-1.0000000000000002,-0.007752493429501009,25.18268505364576,25.18268505364575,0.7567326125044211,False,False
21,18,20,0.08,0.1,invalid_reference_chern,skipped_invalid_reference_chern,nan,nan,False,True,False,False,True,0.9999999999999991,-0.9999999999999988,-2.975234975934203,25.122815516342385,25.122815516342403,0.7297979652957565,False,False
21,19,0,0.09,-0.1,ok,ok,-0.05726483574315402,0.3219384554086482,False,True,False,True,False,0.9999999999999994,-0.9999999999999996,-1.2721746574205813e-17,24.22282329469742,24.22282329469741,0.3219297934180281,False,False
21,19,1,0.09,-0.09,ok,ok,-0.05733120188432492,0.27850672431093265,False,True,False,True,False,0.9999999999999999,-1.0,9.712243573013176e-17,24.48544753042548,24.48544753042547,0.27845841018245254,False,False
21,19,2,0.09,-0.08,ok,ok,-0.05739069832840772,0.23890943136778275,False,True,False,True,False,0.9999999999999988,-0.9999999999999991,1.7417378930911235e-16,24.737816582004672,24.737816582004672,0.23881733920987405,False,False
21,19,3,0.09,-0.07,ok,ok,-0.05744415787788775,0.2026189371401117,False,True,False,True,False,0.9999999999999994,-1.0,3.854241055000038e-17,24.98040340220298,24.980403402202978,0.20247655122924138,False,False
21,19,4,0.09,-0.06,invalid_reference_chern,skipped_invalid_reference_chern,nan,nan,False,False,True,False,True,0.9999999999999984,-0.999999999999999,-1.0000363015884135,25.213646458097834,25.213646458097834,1.9554144584831046,False,False
21,19,5,0.09,-0.05,nonconverged_hf,skipped_nonconverged_hf,nan,nan,False,False,True,True,False,1.0000000000000002,-1.0000000000000002,-0.0037361397964479587,25.437954369993395,25.437954369993395,2.1204923737421426,False,False
21,19,6,0.09,-0.04,ok,ok,-0.0752544913263205,0.469235807209944,False,True,False,True,False,0.9999999999999994,-0.9999999999999993,1.245443206877475e-05,25.653709715334134,25.653709715334127,2.0623078992462895,False,False
21,19,7,0.09,-0.03,ok,ok,-0.06968821150808178,0.3519870061548616,False,True,False,True,False,0.9999999999999997,-0.9999999999999996,-3.687266225724546e-05,25.86127216392599,25.86127216392599,2.1421355081668154,False,False
21,19,8,0.09,-0.02,ok,ok,-0.07206729416538642,0.9988911858600269,False,True,False,True,False,0.9999999999999994,-0.9999999999999996,5.4286222516395306e-05,26.00535280438283,26.00535280438283,2.381179322723161,False,False
21,19,9,0.09,-0.01,ok,ok,-0.06883591733271584,0.9464446859085195,False,True,False,True,False,1.0,-1.0000000000000002,-6.711577442910506e-05,25.913921395728252,25.91392139572826,2.569425546581083,False,False
21,19,10,0.09,0.0,ok,ok,-0.08106252484010759,0.1863669863122177,False,True,False,True,False,0.9999999999999988,-0.9999999999999996,-7.576770854956208e-05,25.82597226040557,25.82597226040558,2.5011773827123767,False,False
21,19,11,0.09,0.01,ok,ok,-0.06484308599229853,0.9944658443636966,False,True,False,True,False,0.9999999999999993,-0.9999999999999996,0.003885459651555981,25.741401313125095,25.741401313125092,1.0356352637424746,False,False
21,19,12,0.09,0.02,invalid_reference_chern,skipped_invalid_reference_chern,nan,nan,False,True,False,False,True,1.0000000000000004,-1.0000000000000002,-2.982440384179055,25.66010402500199,25.660104025002,0.9920441322017011,False,False
21,19,13,0.09,0.03,invalid_reference_chern,skipped_invalid_reference_chern,nan,nan,False,True,False,False,True,1.0000000000000002,-0.9999999999999999,-2.9920445621805123,25.581975729674443,25.581975729674443,0.951313577985346,False,False
21,19,14,0.09,0.04,ok,ok,-0.062051839333322756,1.0347119362737542,False,True,False,True,False,0.9999999999999991,-0.9999999999999991,-1.540330504136588e-06,25.50691191936395,25.50691191936395,3.0181736972966586,False,False
21,19,15,0.09,0.05,invalid_reference_chern,skipped_invalid_reference_chern,nan,nan,False,True,False,False,True,1.0000000000000002,-0.9999999999999999,-0.02632803355950975,25.434808528961444,25.434808528961423,0.8774050916042238,False,False
21,19,16,0.09,0.06,ok,ok,-0.06465800030089346,0.8332621760434313,False,True,False,True,False,0.9999999999999999,-0.9999999999999997,0.0034876097456905614,25.36556220638955,25.365562206389537,0.8437851360495382,False,False
21,19,17,0.09,0.07,nonconverged_hf,skipped_nonconverged_hf,nan,nan,False,False,True,True,False,0.9999999999999999,-0.9999999999999996,3.898011121092229e-07,25.299070567699665,25.29907056769967,0.7369769955111098,False,False
21,19,18,0.09,0.08,invalid_reference_chern,skipped_invalid_reference_chern,nan,nan,False,True,False,False,True,1.000000000000001,-1.000000000000001,2.949051479715474,25.235232435589133,25.23523243558914,0.7822870034172626,False,False
21,19,19,0.09,0.09,invalid_reference_chern,skipped_invalid_reference_chern,nan,nan,False,True,False,False,True,1.0000000000000007,-1.0000000000000009,0.005544361522564596,25.173948060270263,25.173948060270227,0.7540967263085899,False,False
21,19,20,0.09,0.1,nonconverged_hf,skipped_nonconverged_hf,nan,nan,False,False,True,True,False,0.9999999999999996,-0.9999999999999996,3.570853343468163e-07,25.115119321882514,25.115119321882514,0.7345215476876655,False,False
21,20,0,0.1,-0.1,ok,ok,-0.05727057543856412,0.3131456415397167,False,True,False,True,False,0.9999999999999994,-0.9999999999999991,-3.4276864924405985e-18,24.29142105304989,24.291421053049888,0.31312931797899063,False,False
21,20,1,0.1,-0.09,ok,ok,-0.05733518750579758,0.27064916686010276,False,True,False,True,False,0.9999999999999993,-0.9999999999999999,-6.092503078710673e-17,24.55093431418698,24.550934314186975,0.2705926543547455,False,False
21,20,2,0.1,-0.08,ok,ok,-0.05739313716818473,0.23185253300164305,False,True,False,True,False,0.9999999999999999,-1.0000000000000002,8.039337979698384e-17,24.800331071586324,24.800331071586324,0.23175134314131524,False,False
21,20,3,0.1,-0.07,ok,ok,-0.05744526074241836,0.19625362587125622,False,True,False,True,False,1.0,-1.0000000000000002,-1.1225179146245244e-16,25.040075121869407,25.040075121869407,0.19610071758968498,False,False
21,20,4,0.1,-0.06,nonconverged_hf,skipped_nonconverged_hf,nan,nan,False,False,True,True,False,0.9999999999999991,-0.9999999999999993,3.346565502376243e-07,25.27059704988431,25.27059704988431,1.9833645324833389,False,False
21,20,5,0.1,-0.05,nonconverged_hf,skipped_nonconverged_hf,nan,nan,False,False,True,True,False,0.9999999999999994,-0.9999999999999993,0.001131979586626255,25.492298619132317,25.49229861913231,2.09860129411241,False,False
21,20,6,0.1,-0.04,ok,ok,-0.0755666844883627,0.372793936011983,False,True,False,True,False,0.9999999999999999,-1.0000000000000002,1.6657950425289333e-05,25.70555637897151,25.705556378971508,2.06204058001624,False,False
21,20,7,0.1,-0.03,ok,ok,-0.0694920435145614,0.45138626231538104,False,True,False,True,False,0.9999999999999993,-0.9999999999999996,3.980387457966906e-05,25.910724643494177,25.910724643494177,2.1656137831608637,False,False
21,20,8,0.1,-0.02,ok,ok,-0.07065584817986845,1.1040684031005226,False,True,False,True,False,1.0000000000000002,-0.9999999999999999,-5.621944253852116e-05,25.982542923283543,25.982542923283543,2.4307392373321046,False,False
21,20,9,0.1,-0.01,ok,ok,-0.0681083944667733,0.8301283954077516,False,True,False,True,False,0.9999999999999991,-0.9999999999999991,-6.831668529078256e-05,25.892657717868726,25.89265771786873,2.5413725593133796,False,False
21,20,10,0.1,0.0,invalid_reference_chern,skipped_invalid_reference_chern,nan,nan,False,True,False,False,True,1.0000000000000009,-1.0000000000000009,-2.0008644614708566,25.806205443551054,25.806205443551043,1.0224210572704895,False,False
21,20,11,0.1,0.01,invalid_reference_chern,skipped_invalid_reference_chern,nan,nan,False,True,False,False,True,1.0000000000000002,-0.9999999999999999,2.032352493550127,25.72308188884048,25.723081888840483,1.0296393577154863,False,False
21,20,12,0.1,0.02,invalid_reference_chern,skipped_invalid_reference_chern,nan,nan,False,True,False,False,True,0.9999999999999986,-0.9999999999999988,0.02176154656179318,25.64318256447992,25.643182564479915,0.9866486319827804,False,False
21,20,13,0.1,0.03,invalid_reference_chern,skipped_invalid_reference_chern,nan,nan,False,True,False,False,True,0.9999999999999991,-0.9999999999999988,0.008788987746950978,25.566403001166407,25.566403001166407,0.946455747241202,False,False
21,20,14,0.1,0.04,invalid_reference_chern,skipped_invalid_reference_chern,nan,nan,False,True,False,False,True,1.0000000000000002,-1.0000000000000004,-2.9762782990524794,25.492639036374722,25.49263903637472,0.908803484350076,False,False
21,20,15,0.1,0.05,invalid_reference_chern,skipped_invalid_reference_chern,nan,nan,False,True,False,False,True,1.0000000000000002,-1.0000000000000002,-2.947601309686612,25.421787088511575,25.42178708851159,0.8734642001281488,False,False
21,20,16,0.1,0.06,invalid_reference_chern,skipped_invalid_reference_chern,nan,nan,False,True,False,False,True,0.9999999999999993,-0.999999999999999,2.0132209330260236,25.353744416803384,25.35374441680336,0.8402358452543982,False,False
21,20,17,0.1,0.07,invalid_reference_chern,skipped_invalid_reference_chern,nan,nan,False,True,False,False,True,0.9999999999999997,-1.0,0.04432381521649629,25.28840936552494,25.288409365524938,0.8089385819103314,False,False
21,20,18,0.1,0.08,invalid_reference_chern,skipped_invalid_reference_chern,nan,nan,False,True,False,False,True,1.0000000000000009,-1.0000000000000009,-0.008013333263564156,25.225681591400814,25.225681591400843,0.779411903420158,False,False
21,20,19,0.1,0.09,invalid_reference_chern,skipped_invalid_reference_chern,nan,nan,False,True,False,False,True,1.0,-0.9999999999999994,-0.0468528156826586,25.165462273256633,25.16546227325663,0.751512174919289,False,False
21,20,20,0.1,0.1,invalid_reference_chern,skipped_invalid_reference_chern,nan,nan,False,True,False,False,True,0.9999999999999994,-0.9999999999999994,0.00513498900287192,25.107654303239467,25.107654303239478,0.7251105279070273,False,False
22,0,0,-0.1,-0.1,invalid_reference_chern,skipped_invalid_reference_chern,nan,nan,False,True,False,False,True,1.0,-0.9999999999999997,-1.0000000000029694,22.742743015035405,22.742743015035412,1.5426762972191161,False,False
22,0,1,-0.1,-0.09,ok,ok,-0.05729839989918071,0.33441674765462204,False,True,False,True,False,1.0000000000000009,-1.0000000000000007,-2.4322497252970574e-17,23.070941670112955,23.070941670112944,0.3344285157797509,False,False
22,0,2,-0.1,-0.08,invalid_reference_chern,skipped_invalid_reference_chern,nan,nan,False,True,False,False,True,0.9999999999999997,-1.0000000000000002,-1.0000000000003546,23.38579463510845,23.385794635108446,1.843472245052456,False,False
22,0,3,-0.1,-0.07,ok,ok,-0.05751264392881667,0.223306018954285,False,True,False,True,False,0.9999999999999999,-0.9999999999999994,-6.366311484317924e-17,23.688039179207713,23.688039179207713,0.223210721941421,False,False
22,0,4,-0.1,-0.06,ok,ok,-0.05760865323391563,0.1762508404146018,False,True,False,True,False,0.9999999999999996,-0.9999999999999997,3.628065105974622e-18,23.978332220758805,23.97833222075881,0.1760846888161915,False,False
22,0,5,-0.1,-0.05,ok,ok,-0.06010960006914408,1.721988726366814,False,True,False,True,False,0.999999999999999,-0.9999999999999986,4.427635456478177e-11,24.2572647388349,24.257264738834902,1.7258281036677798,False,False
22,0,6,-0.1,-0.04,ok,ok,-0.06310976363762294,1.7473445665010152,False,True,False,True,False,0.9999999999999994,-1.0000000000000002,3.580866771509966e-08,24.5253731451412,24.5253731451412,1.7512638425083906,False,False
22,0,7,-0.1,-0.03,nonconverged_hf,skipped_nonconverged_hf,nan,nan,False,False,True,True,False,1.0,-0.9999999999999994,0.004723340391650816,24.783148319723594,24.78314831972359,1.871607215246489,False,False
22,0,8,-0.1,-0.02,invalid_reference_chern,skipped_invalid_reference_chern,nan,nan,False,False,True,False,True,0.999999999999999,-0.9999999999999989,0.9999897614288226,25.03104283436584,25.031042834365845,1.9785650378281525,False,False
22,0,9,-0.1,-0.01,invalid_reference_chern,skipped_invalid_reference_chern,nan,nan,False,True,False,False,True,1.0000000000000013,-1.0000000000000009,-2.9865116073687266,25.269476758419525,25.26947675841952,0.93039053674581,False,False
22,0,10,-0.1,0.0,invalid_reference_chern,skipped_invalid_reference_chern,nan,nan,False,True,False,False,True,1.0000000000000002,-1.0000000000000002,2.0574589802582866,25.498842347710056,25.49884234771005,0.9587593305705878,False,False
22,0,11,-0.1,0.01,invalid_reference_chern,skipped_invalid_reference_chern,nan,nan,False,True,False,False,True,1.0000000000000004,-1.0000000000000007,2.0164506082576854,25.719507847733276,25.71950784773329,0.985218579284538,False,False
22,0,12,-0.1,0.02,invalid_reference_chern,skipped_invalid_reference_chern,nan,nan,False,True,False,False,True,1.0,-1.0,2.0298125345288156,25.93182059053155,25.93182059053154,0.9350230162185409,False,False
22,0,13,-0.1,0.03,invalid_reference_chern,skipped_invalid_reference_chern,nan,nan,False,True,False,False,True,1.0,-1.0,-3.025711893143585,25.951552605330026,25.95155260533002,0.8842756631168589,False,False
22,0,14,-0.1,0.04,invalid_reference_chern,skipped_invalid_reference_chern,nan,nan,False,True,False,False,True,0.9999999999999999,-0.9999999999999994,3.0149969150101774,25.848474945806124,25.848474945806124,0.837289318741459,False,False
22,0,15,-0.1,0.05,ok,ok,-0.0580226816912652,0.2533076368370551,False,True,False,True,False,1.0000000000000013,-1.0000000000000018,1.1044567687422164e-05,25.749333542092437,25.74933354209244,3.0554945785706282,False,False
22,0,16,-0.1,0.06,invalid_reference_chern,skipped_invalid_reference_chern,nan,nan,False,True,False,False,True,0.9999999999999997,-0.9999999999999997,2.0448933807674554,25.654026711873364,25.65402671187336,0.7530815638631663,False,False
22,0,17,-0.1,0.07,invalid_reference_chern,skipped_invalid_reference_chern,nan,nan,False,True,False,False,True,1.0000000000000007,-1.0000000000000002,2.061421413209839,25.562450269029952,25.56245026902996,0.7152213129964379,False,False
22,0,18,-0.1,0.08,invalid_reference_chern,skipped_invalid_reference_chern,nan,nan,False,True,False,False,True,0.9999999999999997,-1.0000000000000002,2.9139119229363044,25.47449796122395,25.47449796122395,0.6798301374480942,False,False
22,0,19,-0.1,0.09,invalid_reference_chern,skipped_invalid_reference_chern,nan,nan,False,True,False,False,True,1.0000000000000002,-1.0000000000000007,3.0087042078205286,25.39006190693655,25.390061906936552,0.6466788168144709,False,False
22,0,20,-0.1,0.1,invalid_reference_chern,skipped_invalid_reference_chern,nan,nan,False,True,False,False,True,1.0000000000000007,-1.0000000000000009,2.9265099619945873,25.309033027297627,25.309033027297627,0.6155651711844394,False,False
22,1,0,-0.09,-0.1,ok,ok,-0.05719327419617736,0.3869520182936759,False,True,False,True,False,0.9999999999999994,-0.9999999999999997,-3.341682471819803e-17,22.82828496164027,22.828284961640264,0.3870008923404013,False,False
22,1,1,-0.09,-0.09,ok,ok,-0.05731176573799875,0.32228058420430306,False,True,False,True,False,1.0000000000000004,-0.9999999999999994,-1.3712755811198643e-16,23.152734423163864,23.152734423163867,0.3222827218421086,False,False
22,1,2,-0.09,-0.08,ok,ok,-0.057420871030161746,0.2650354846318001,False,True,False,True,False,1.0000000000000002,-1.0000000000000007,4.368620101757554e-17,23.464026809213635,23.46402680921363,0.26498676233041646,False,False
22,1,3,-0.09,-0.07,ok,ok,-0.060295318370320455,1.6498885136907333,False,True,False,True,False,1.0000000000000013,-1.0000000000000009,-3.075309377297478e-12,23.762879294656816,23.762879294656813,1.922022139918806,False,False
22,1,4,-0.09,-0.06,invalid_reference_chern,skipped_invalid_reference_chern,nan,nan,False,True,False,False,True,0.9999999999999993,-0.9999999999999999,-1.0000000004817404,24.04993267238341,24.04993267238342,1.73765339760399,False,False
22,1,5,-0.09,-0.05,ok,ok,-0.05912404533890032,1.2829718400425645,False,True,False,True,False,0.9999999999999993,-0.9999999999999997,-1.6826452869903724e-11,24.325764873468582,24.325764873468582,1.7952738084882065,False,False
22,1,6,-0.09,-0.04,ok,ok,-0.060850847036304834,1.7607484687954864,False,True,False,True,False,0.9999999999999994,-0.9999999999999994,9.672385186912669e-11,24.59090165907197,24.59090165907197,1.7647197079293397,False,False
22,1,7,-0.09,-0.03,invalid_reference_chern,skipped_invalid_reference_chern,nan,nan,False,False,True,False,True,1.0000000000000007,-1.0000000000000002,-1.1041619235312372,24.845825133069397,24.845825133069397,1.9509737084189447,False,False
22,1,8,-0.09,-0.02,ok,ok,-0.06444974092601835,0.6786414131785521,False,True,False,True,False,1.0000000000000007,-1.0000000000000009,3.256409474949378e-11,25.090980560244237,25.090980560244237,1.96601618140262,False,False
22,1,9,-0.09,-0.01,invalid_reference_chern,skipped_invalid_reference_chern,nan,nan,False,True,False,False,True,0.9999999999999999,-0.9999999999999994,2.025394788450389,25.32678185638952,25.32678185638952,0.9354942024716408,False,False
22,1,10,-0.09,0.0,invalid_reference_chern,skipped_invalid_reference_chern,nan,nan,False,True,False,False,True,0.9999999999999988,-0.9999999999999988,0.9517878397717109,25.553616030051067,25.553616030051074,0.963431029220751,False,False
22,1,11,-0.09,0.01,invalid_reference_chern,skipped_invalid_reference_chern,nan,nan,False,True,False,False,True,1.0,-0.9999999999999997,2.0474895111500793,25.77184679153854,25.77184679153854,0.9816417652725692,False,False
22,1,12,-0.09,0.02,invalid_reference_chern,skipped_invalid_reference_chern,nan,nan,False,True,False,False,True,0.9999999999999994,-0.999999999999999,0.9951460407711048,25.981817496851292,25.981817496851296,0.9275593336776887,False,False
22,1,13,-0.09,0.03,invalid_reference_chern,skipped_invalid_reference_chern,nan,nan,False,True,False,False,True,0.9999999999999996,-0.9999999999999996,2.0037440997392078,25.927741784640794,25.9277417846408,0.8775874641541647,False,False
22,1,14,-0.09,0.04,invalid_reference_chern,skipped_invalid_reference_chern,nan,nan,False,True,False,False,True,0.9999999999999994,-0.9999999999999994,0.016392575906558505,25.826405346125384,25.826405346125384,0.8312878504801297,False,False
22,1,15,-0.09,0.05,invalid_reference_chern,skipped_invalid_reference_chern,nan,nan,False,True,False,False,True,0.9999999999999993,-0.9999999999999989,2.0063754248808148,25.72895631532748,25.728956315327476,0.7882804043380104,False,False
22,1,16,-0.09,0.06,invalid_reference_chern,skipped_invalid_reference_chern,nan,nan,False,True,False,False,True,0.999999999999999,-0.9999999999999989,-2.993826102381472,25.635291932618284,25.63529193261829,0.7482342844052274,False,False
22,1,17,-0.09,0.07,invalid_reference_chern,skipped_invalid_reference_chern,nan,nan,False,True,False,False,True,1.000000000000001,-1.000000000000001,-2.995090346654222,25.5453071755818,25.545307175581804,0.7108604554608112,False,False
22,1,18,-0.09,0.08,ok,ok,-0.06463250386492314,0.6757275763858994,False,True,False,True,False,0.9999999999999994,-0.999999999999999,0.0008551240674870878,25.45889519051557,25.458895190515566,0.6759054979983435,False,False
22,1,19,-0.09,0.09,invalid_reference_chern,skipped_invalid_reference_chern,nan,nan,False,True,False,False,True,1.0000000000000007,-1.0000000000000002,2.988289008019381,25.375947721334033,25.37594772133404,0.6431464419985087,False,False
22,1,20,-0.09,0.1,invalid_reference_chern,skipped_invalid_reference_chern,nan,nan,False,True,False,False,True,0.9999999999999996,-0.9999999999999999,2.9545690497177706,25.29635553146637,25.296355531466364,0.6123864415037342,False,False
22,2,0,-0.08,-0.1,ok,ok,-0.05720869188488578,0.3733640660848443,False,True,False,True,False,0.9999999999999994,-0.9999999999999988,1.2935268547018859e-17,22.91293208112134,22.91293208112134,0.37340363482693795,False,False
22,2,1,-0.08,-0.09,invalid_reference_chern,skipped_invalid_reference_chern,nan,nan,False,True,False,False,True,1.0,-0.9999999999999997,-1.000000000000068,23.233665817163356,23.233665817163356,1.7490004405695907,False,False
22,2,2,-0.08,-0.08,ok,ok,-0.05743167088948577,0.25465809267022727,False,True,False,True,False,0.9999999999999996,-0.9999999999999991,-5.138900627060213e-17,23.541427351505213,23.54142735150522,0.25459846715395595,False,False
22,2,3,-0.08,-0.07,ok,ok,-0.05590387718742882,1.5288023215700226,False,True,False,True,False,0.9999999999999997,-0.9999999999999997,1.4731179370455059e-13,23.83691473003593,23.836914730035925,1.853167653319298,False,False
22,2,4,-0.08,-0.06,invalid_reference_chern,skipped_invalid_reference_chern,nan,nan,False,True,False,False,True,0.9999999999999993,-0.9999999999999991,-1.0000000045903679,24.12075334045761,24.12075334045761,1.7406710997087989,False,False
22,2,5,-0.08,-0.05,ok,ok,-0.06223456194317508,1.7238349790548744,False,True,False,True,False,1.0,-1.0,-1.2284112163303157e-08,24.393508601742525,24.393508601742525,1.7276645120855985,False,False
22,2,6,-0.08,-0.04,ok,ok,-0.05491363749510711,1.8242089448949912,False,True,False,True,False,1.0000000000000002,-1.0000000000000007,2.459754229420527e-13,24.6556960208347,24.655696020834693,1.8284566701512213,False,False
22,2,7,-0.08,-0.03,nonconverged_hf,skipped_nonconverged_hf,nan,nan,False,False,True,True,False,1.0000000000000002,-0.9999999999999999,2.522334668901977e-05,24.907789215668032,24.90778921566802,2.0094139506923385,False,False
22,2,8,-0.08,-0.02,ok,ok,-0.06445847204558885,0.5824354594045223,False,True,False,True,False,0.9999999999999996,-0.9999999999999999,2.7104328630850787e-11,25.150226353400246,25.150226353400246,1.957375426727681,False,False
22,2,9,-0.08,-0.01,invalid_reference_chern,skipped_invalid_reference_chern,nan,nan,False,True,False,False,True,1.0000000000000009,-1.0000000000000009,-2.9786394387700774,25.383415344000806,25.383415344000795,0.9405103446024002,False,False
22,2,10,-0.08,0.0,invalid_reference_chern,skipped_invalid_reference_chern,nan,nan,False,True,False,False,True,1.0000000000000009,-1.0000000000000007,1.9976733142230703,25.607738049559718,25.607738049559718,0.9680245204709303,False,False
22,2,11,-0.08,0.01,invalid_reference_chern,skipped_invalid_reference_chern,nan,nan,False,True,False,False,True,1.0000000000000004,-1.0000000000000002,0.03090587687912664,25.823553710470595,25.823553710470588,0.9734568641534169,False,False
22,2,12,-0.08,0.02,ok,ok,-0.06483785100343313,0.9199391466437212,False,True,False,True,False,0.9999999999999996,-0.9999999999999994,-0.00011287598285108166,26.008000806505407,26.008000806505397,0.9202331082086443,False,False
22,2,13,-0.08,0.03,invalid_reference_chern,skipped_invalid_reference_chern,nan,nan,False,True,False,False,True,0.9999999999999999,-0.9999999999999999,2.9376516151296466,25.904443016497154,25.904443016497165,0.871019630287162,False,False
22,2,14,-0.08,0.04,invalid_reference_chern,skipped_invalid_reference_chern,nan,nan,False,True,False,False,True,0.9999999999999993,-0.9999999999999993,-2.947774915622723,25.804824605562235,25.804824605562246,0.8253921955742413,False,False
22,2,15,-0.08,0.05,invalid_reference_chern,skipped_invalid_reference_chern,nan,nan,False,True,False,False,True,0.9999999999999986,-0.9999999999999989,-3.006668910851745,25.709044310797786,25.709044310797783,0.7829825156623108,False,False
22,2,16,-0.08,0.06,invalid_reference_chern,skipped_invalid_reference_chern,nan,nan,False,True,False,False,True,0.9999999999999994,-0.9999999999999993,0.06419848474519274,25.616998417531633,25.616998417531637,0.7434696811986975,False,False
22,2,17,-0.08,0.07,invalid_reference_chern,skipped_invalid_reference_chern,nan,nan,False,True,False,False,True,1.0000000000000007,-1.0000000000000002,-2.9207104442253904,25.528581183981565,25.52858118398156,0.7065730480171545,False,False
22,2,18,-0.08,0.08,invalid_reference_chern,skipped_invalid_reference_chern,nan,nan,False,True,False,False,True,1.0000000000000002,-1.0000000000000002,2.013136940295447,25.443685265878585,25.443685265878596,0.6720463123605996,False,False
22,2,19,-0.08,0.09,invalid_reference_chern,skipped_invalid_reference_chern,nan,nan,False,True,False,False,True,0.9999999999999984,-0.9999999999999986,-2.0184210869931536,25.36220213658359,25.36220213658359,0.6396725609372973,False,False
22,2,20,-0.08,0.1,invalid_reference_chern,skipped_invalid_reference_chern,nan,nan,False,True,False,False,True,0.9999999999999993,-0.9999999999999994,-2.941244245787856,25.28402249854288,25.28402249854288,0.6092601221082526,False,False
22,3,0,-0.07,-0.1,ok,ok,-0.05722366359100275,0.3601556109472105,False,True,False,True,False,0.999999999999999,-0.999999999999999,-1.7255694362572788e-16,22.996682532748682,22.996682532748682,0.3601858144646201,False,False
22,3,1,-0.07,-0.09,ok,ok,-0.05733731196541033,0.2989460223034771,False,True,False,True,False,1.0000000000000002,-0.9999999999999994,7.663564342354241e-17,23.313733962074974,23.313733962074974,0.2989284354804584,False,False
22,3,2,-0.07,-0.08,ok,ok,-0.05744214825573174,0.24453013466477186,False,True,False,True,False,0.9999999999999994,-0.9999999999999993,-7.11345026623951e-17,23.617994508396244,23.61799450839624,0.24445927678856222,False,False
22,3,3,-0.07,-0.07,ok,ok,-0.0575395492704865,0.19574687599474871,False,True,False,True,False,0.9999999999999997,-0.9999999999999996,1.7992191846689366e-17,23.910143992207722,23.910143992207715,0.19561233351670293,False,False
22,3,4,-0.07,-0.06,ok,ok,-0.054558979808068356,1.1886620689887981,False,True,False,True,False,1.0000000000000002,-1.0000000000000007,-1.3188745081775472e-11,24.190793070984846,24.190793070984846,1.7531647882802899,False,False
22,3,5,-0.07,-0.05,ok,ok,-0.0624640063827389,1.7277917345930645,False,True,False,True,False,0.9999999999999984,-0.9999999999999989,-1.5282254276627897e-08,24.46049515421953,24.460495154219533,1.7316302800851113,False,False
22,3,6,-0.07,-0.04,invalid_reference_chern,skipped_invalid_reference_chern,nan,nan,False,False,True,False,True,0.9999999999999997,-0.9999999999999997,1.000002537884037,24.719755866601755,24.71975586660175,1.8012222265789448,False,False
22,3,7,-0.07,-0.03,invalid_reference_chern,skipped_invalid_reference_chern,nan,nan,False,False,True,False,True,0.9999999999999997,-1.0,0.9205606103989912,24.969040612634714,24.969040612634707,2.026377634906712,False,False
22,3,8,-0.07,-0.02,ok,ok,-0.06478114547241554,0.9160517823312393,False,True,False,True,False,1.0000000000000007,-1.0,0.00025580923273263407,25.208780658510385,25.208780658510385,0.9163472074954355,False,False
22,3,9,-0.07,-0.01,invalid_reference_chern,skipped_invalid_reference_chern,nan,nan,False,True,False,False,True,0.9999999999999994,-0.9999999999999994,-2.919994695250817,25.439378047177545,25.439378047177538,0.9454400839392227,False,False
22,3,10,-0.07,0.0,invalid_reference_chern,skipped_invalid_reference_chern,nan,nan,False,True,False,False,True,1.0000000000000004,-1.0000000000000007,0.022957837797994,25.66120958903055,25.661209589030552,0.9725406914079502,False,False
22,3,11,-0.07,0.01,invalid_reference_chern,skipped_invalid_reference_chern,nan,nan,False,True,False,False,True,0.9999999999999997,-0.9999999999999999,-2.973863271507434,25.87463011593109,25.87463011593109,0.9654271865057218,False,False
22,3,12,-0.07,0.02,invalid_reference_chern,skipped_invalid_reference_chern,nan,nan,False,True,False,False,True,0.9999999999999997,-1.0,0.019091801517656968,25.983463646818677,25.983463646818677,0.913042413492028,False,False
22,3,13,-0.07,0.03,invalid_reference_chern,skipped_invalid_reference_chern,nan,nan,False,True,False,False,True,0.9999999999999994,-0.9999999999999997,0.046898844588965004,25.881649140909854,25.881649140909865,0.8645706116373265,False,False
22,3,14,-0.07,0.04,invalid_reference_chern,skipped_invalid_reference_chern,nan,nan,False,True,False,False,True,0.9999999999999997,-0.9999999999999999,-0.005264967093929741,25.783725409030986,25.783725409030986,0.8196011032179193,False,False
22,3,15,-0.07,0.05,invalid_reference_chern,skipped_invalid_reference_chern,nan,nan,False,True,False,False,True,0.9999999999999994,-0.9999999999999993,-2.009050708817591,25.689590116508466,25.689590116508462,0.7777769821387158,False,False
22,3,16,-0.07,0.06,invalid_reference_chern,skipped_invalid_reference_chern,nan,nan,False,True,False,False,True,1.0000000000000007,-1.0000000000000004,-0.03223843351213113,25.59913871255316,25.59913871255317,0.7387869308974809,False,False
22,3,17,-0.07,0.07,invalid_reference_chern,skipped_invalid_reference_chern,nan,nan,False,True,False,False,True,0.9999999999999983,-0.9999999999999984,-0.017926706713144978,25.512264849329583,25.512264849329593,0.702358418470689,False,False
22,3,18,-0.07,0.08,invalid_reference_chern,skipped_invalid_reference_chern,nan,nan,False,True,False,False,True,1.0000000000000007,-1.0000000000000004,0.005681422673969462,25.428860798977226,25.428860798977233,0.6682520290109475,False,False
22,3,19,-0.07,0.09,invalid_reference_chern,skipped_invalid_reference_chern,nan,nan,False,True,False,False,True,0.9999999999999997,-0.9999999999999996,-0.04104775328476157,25.348817864355212,25.348817864355212,0.636256718530589,False,False
22,3,20,-0.07,0.1,invalid_reference_chern,skipped_invalid_reference_chern,nan,nan,False,True,False,False,True,1.0000000000000002,-1.0,2.0550154656871804,25.272026779607604,25.272026779607593,0.6061858350045691,False,False
22,4,0,-0.06,-0.1,ok,ok,-0.04789356526010068,-1.9783063536948648,True,True,False,True,False,0.9999999999999997,-1.0000000000000002,-2.1525314903197476e-12,23.079534849163775,23.079534849163775,1.662046340018874,False,False
22,4,1,-0.06,-0.09,ok,ok,-0.057865941298027815,0.4094317963927809,False,True,False,True,False,0.9999999999999996,-0.9999999999999999,-0.00020915975906391016,23.392937359512185,23.392937359512192,1.7723325889549792,False,False
22,4,2,-0.06,-0.08,ok,ok,-0.05745231530226537,0.2346440511147788,False,True,False,True,False,0.9999999999999999,-0.9999999999999991,-3.2085009233382125e-17,23.693726922335475,23.693726922335472,0.23456159242933644,False,False
22,4,3,-0.06,-0.07,ok,ok,-0.05754802932913485,0.1869707114439143,False,True,False,True,False,0.9999999999999999,-1.0,1.3721658421161982e-18,23.982565978708443,23.982565978708443,0.18682184159614926,False,False
22,4,4,-0.06,-0.06,ok,ok,-0.061430583260633144,1.7273607717935207,False,True,False,True,False,1.0000000000000009,-1.0000000000000009,-5.972272910797735e-09,24.260051088527515,24.260051088527515,1.7312237153839625,False,False
22,4,5,-0.06,-0.05,ok,ok,-0.06074836857119805,1.7340422774212239,False,True,False,True,False,0.9999999999999997,-0.9999999999999999,5.802088421988254e-11,24.526724123340124,24.526724123340127,1.7379003708136564,False,False
22,4,6,-0.06,-0.04,nonconverged_hf,skipped_nonconverged_hf,nan,nan,False,False,True,True,False,1.0,-1.0000000000000002,2.0438155034614117e-06,24.783081174785245,24.783081174785245,1.8246417265700305,False,False
22,4,7,-0.06,-0.03,invalid_reference_chern,skipped_invalid_reference_chern,nan,nan,False,False,True,False,True,0.9999999999999991,-0.9999999999999993,0.9913602148109435,25.02957968991889,25.029579689918886,1.9987791075367527,False,False
22,4,8,-0.06,-0.02,invalid_reference_chern,skipped_invalid_reference_chern,nan,nan,False,True,False,False,True,0.9999999999999991,-0.9999999999999994,-0.005157378582119934,25.266644218793388,25.266644218793388,0.9216475571504104,False,False
22,4,9,-0.06,-0.01,invalid_reference_chern,skipped_invalid_reference_chern,nan,nan,False,True,False,False,True,0.9999999999999991,-0.9999999999999991,2.9716743707003244,25.494671067857453,25.494671067857453,0.9502845323046151,False,False
22,4,10,-0.06,0.0,invalid_reference_chern,skipped_invalid_reference_chern,nan,nan,False,True,False,False,True,1.0000000000000024,-1.0000000000000022,0.008672008871942569,25.714032084983145,25.714032084983145,0.9769804276517416,False,False
22,4,11,-0.06,0.01,invalid_reference_chern,skipped_invalid_reference_chern,nan,nan,False,True,False,False,True,1.0,-1.0,2.9538517715882597,25.925077751342666,25.925077751342666,0.957550355152204,False,False
22,4,12,-0.06,0.02,invalid_reference_chern,skipped_invalid_reference_chern,nan,nan,False,True,False,False,True,0.9999999999999996,-0.9999999999999997,2.05676949156076,25.95944716147859,25.95944716147859,0.9059853357531735,False,False
22,4,13,-0.06,0.03,invalid_reference_chern,skipped_invalid_reference_chern,nan,nan,False,True,False,False,True,0.9999999999999996,-0.9999999999999993,-3.0039390813735465,25.859352910963427,25.859352910963437,0.8582388629318446,False,False
22,4,14,-0.06,0.04,invalid_reference_chern,skipped_invalid_reference_chern,nan,nan,False,True,False,False,True,0.9999999999999989,-0.9999999999999989,-2.949992429889619,25.76310038000769,25.763100380007696,0.8139133216310366,False,False
22,4,15,-0.06,0.05,invalid_reference_chern,skipped_invalid_reference_chern,nan,nan,False,True,False,False,True,0.9999999999999986,-0.9999999999999984,1.998995908555329,25.670586282723992,25.67058628272399,0.772662786091692,False,False
22,4,16,-0.06,0.06,invalid_reference_chern,skipped_invalid_reference_chern,nan,nan,False,True,False,False,True,1.0000000000000009,-1.0000000000000009,-0.14960663497413385,25.581705347702034,25.581705347702048,2.630904672838424,False,False
22,4,17,-0.06,0.07,invalid_reference_chern,skipped_invalid_reference_chern,nan,nan,False,True,False,False,True,0.9999999999999989,-0.9999999999999988,-2.9246759848007815,25.496350730692605,25.496350730692605,0.6982158857281002,False,False
22,4,18,-0.06,0.08,invalid_reference_chern,skipped_invalid_reference_chern,nan,nan,False,True,False,False,True,1.0000000000000009,-1.0000000000000002,-2.0514221136634014,25.414414423369326,25.41441442336933,0.6645220866493162,False,False
22,4,19,-0.06,0.09,invalid_reference_chern,skipped_invalid_reference_chern,nan,nan,False,True,False,False,True,0.9999999999999999,-0.9999999999999991,1.0008568041869677,25.33578765418061,25.335787654180617,0.6328984495265142,False,False
22,4,20,-0.06,0.1,nonconverged_hf,skipped_nonconverged_hf,nan,nan,False,False,True,True,False,1.0000000000000007,-1.0000000000000002,5.311968061749832e-16,25.2603612776357,25.26036127763568,0.667645209394505,False,False
22,5,0,-0.05,-0.1,ok,ok,-0.05725230327650968,0.3348203081682513,False,True,False,True,False,0.9999999999999994,-0.9999999999999989,1.8716667547560357e-17,23.161487931635268,23.161487931635264,0.334831526594498,False,False
22,5,1,-0.05,-0.09,ok,ok,-0.04975403968877121,-1.093689066924225,True,True,False,True,False,0.9999999999999994,-0.9999999999999996,-3.2585918278527127e-16,23.471274895197507,23.471274895197507,0.24527640708950013,False,False
22,5,2,-0.05,-0.08,ok,ok,-0.05746218459299543,0.22499262278982377,False,True,False,True,False,1.0,-0.9999999999999999,-5.1645763596710765e-17,23.768623622433598,23.768623622433594,0.22489815138008334,False,False
22,5,3,-0.05,-0.07,ok,ok,-0.05755628765806313,0.17839063797377808,False,True,False,True,False,0.9999999999999991,-0.9999999999999993,-8.797217108493897e-17,24.054179967228826,24.054179967228823,0.1782266902334364,False,False
22,5,4,-0.05,-0.06,ok,ok,-0.0533203909751314,1.6419937173344923,False,True,False,True,False,0.9999999999999997,-0.9999999999999993,-8.006328577062506e-14,24.328526985038074,24.328526985038067,1.7364402134979655,False,False
22,5,5,-0.05,-0.05,ok,ok,-0.058083564033108326,1.8303785533007844,False,True,False,True,False,0.9999999999999996,-1.0,-3.8802456512812023e-13,24.592195451964773,24.59219545196477,1.8346616461546106,False,False
22,5,6,-0.05,-0.04,invalid_reference_chern,skipped_invalid_reference_chern,nan,nan,False,False,True,False,True,0.9999999999999996,-0.9999999999999994,0.03203361146887942,24.845672254552614,24.84567225455262,1.8841396799004586,False,False
22,5,7,-0.05,-0.03,invalid_reference_chern,skipped_invalid_reference_chern,nan,nan,False,False,True,False,True,0.9999999999999997,-0.9999999999999999,0.9999228338467699,25.08940712298384,25.089407122983836,1.9785263205436041,False,False
22,5,8,-0.05,-0.02,invalid_reference_chern,skipped_invalid_reference_chern,nan,nan,False,True,False,False,True,1.0,-1.0000000000000007,-2.025303281027943,25.32381806499,25.32381806499,0.9268533482004261,False,False
22,5,9,-0.05,-0.01,invalid_reference_chern,skipped_invalid_reference_chern,nan,nan,False,True,False,False,True,0.9999999999999994,-0.9999999999999994,0.013231077300618602,25.54929577336776,25.549295773367756,0.9550447922697094,False,False
22,5,10,-0.05,0.0,invalid_reference_chern,skipped_invalid_reference_chern,nan,nan,False,True,False,False,True,1.0000000000000007,-1.0000000000000004,2.922051652002683,25.76620721749884,25.76620721749884,0.9813446128055008,False,False
22,5,11,-0.05,0.01,invalid_reference_chern,skipped_invalid_reference_chern,nan,nan,False,True,False,False,True,0.9999999999999999,-0.9999999999999999,-2.9786109744628706,25.974898582488947,25.974898582488947,0.9498240176714812,False,False
22,5,12,-0.05,0.02,invalid_reference_chern,skipped_invalid_reference_chern,nan,nan,False,True,False,False,True,0.9999999999999994,-0.9999999999999996,2.9588297253431106,25.935944190355826,25.935944190355826,0.8990599750201612,False,False
22,5,13,-0.05,0.03,invalid_reference_chern,skipped_invalid_reference_chern,nan,nan,False,True,False,False,True,0.9999999999999999,-0.9999999999999999,-2.1067684155001727,25.837547003769743,25.837547003769746,0.8520228448190456,False,False
22,5,14,-0.05,0.04,invalid_reference_chern,skipped_invalid_reference_chern,nan,nan,False,True,False,False,True,1.0000000000000002,-1.0000000000000004,-0.015067935297110011,25.74294209064762,25.742942090647613,0.8083275993737612,False,False
22,5,15,-0.05,0.05,invalid_reference_chern,skipped_invalid_reference_chern,nan,nan,False,True,False,False,True,0.9999999999999994,-0.9999999999999994,0.04056424476745821,25.65202533122272,25.65202533122272,0.7676389063223003,False,False
22,5,16,-0.05,0.06,invalid_reference_chern,skipped_invalid_reference_chern,nan,nan,False,True,False,False,True,0.9999999999999993,-0.9999999999999996,-0.045881692765159965,25.564690845455697,25.564690845455697,0.7296636602073924,False,False
22,5,17,-0.05,0.07,invalid_reference_chern,skipped_invalid_reference_chern,nan,nan,False,True,False,False,True,1.0,-1.0,-0.08132996160041962,25.480831398606128,25.480831398606117,0.6941447609335889,False,False
22,5,18,-0.05,0.08,invalid_reference_chern,skipped_invalid_reference_chern,nan,nan,False,True,False,False,True,0.999999999999999,-0.9999999999999989,-2.9698660433722717,25.400338801143107,25.400338801143114,0.6608559152541278,False,False
22,5,19,-0.05,0.09,invalid_reference_chern,skipped_invalid_reference_chern,nan,nan,False,False,True,False,True,1.0000000000000004,-1.0000000000000002,1.0000000000000007,25.323104299244427,25.323104299244424,0.6678081170403172,False,False
22,5,20,-0.05,0.1,nonconverged_hf,skipped_nonconverged_hf,nan,nan,False,False,True,True,False,1.0000000000000018,-1.0000000000000009,8.006604666878644e-16,25.249018952471822,25.249018952471825,0.667442733789519,False,False
22,6,0,-0.04,-0.1,ok,ok,-0.0572659897854087,0.3226668783851297,False,True,False,True,False,0.9999999999999997,-0.9999999999999997,-6.054743292749285e-18,23.242541044667057,23.242541044667053,0.322668437198574,False,False
22,6,1,-0.04,-0.09,ok,ok,-0.053923483805249944,-0.5343848319407436,True,True,False,True,False,1.0000000000000002,-0.9999999999999997,-5.56455918337636e-14,23.548745830989635,23.54874583098963,1.8707171939770142,False,False
22,6,2,-0.04,-0.08,ok,ok,-0.057471769023465735,0.21556895295978645,False,True,False,True,False,0.9999999999999996,-0.9999999999999996,1.6189391222827254e-16,23.842684014813276,23.842684014813276,0.21546200860455028,False,False
22,6,3,-0.04,-0.07,ok,ok,-0.059024050578142404,1.6742301209410653,False,True,False,True,False,0.9999999999999993,-0.9999999999999993,3.289191378887421e-11,24.124985604933784,24.124985604933784,1.752443885244957,False,False
22,6,4,-0.04,-0.06,invalid_reference_chern,skipped_invalid_reference_chern,nan,nan,False,True,False,False,True,0.9999999999999996,-0.9999999999999996,-1.0000000086019578,24.396220708615466,24.396220708615456,1.7277290932907223,False,False
22,6,5,-0.04,-0.05,ok,ok,-0.06083690310623467,1.7542789857528245,False,True,False,True,False,0.9999999999999993,-0.999999999999999,7.366646516688182e-11,24.656909421906253,24.656909421906253,1.7582115580945208,False,False
22,6,6,-0.04,-0.04,nonconverged_hf,skipped_nonconverged_hf,nan,nan,False,False,True,True,False,0.9999999999999999,-0.9999999999999999,-5.9159264320712636e-05,24.907529734381047,24.907529734381043,1.8989255584274358,False,False
22,6,7,-0.04,-0.03,nonconverged_hf,skipped_nonconverged_hf,nan,nan,False,False,True,True,False,1.0000000000000016,-1.0000000000000009,-2.8058983438174536e-10,25.148523885561147,25.14852388556114,1.9620959183653437,False,False
22,6,8,-0.04,-0.02,invalid_reference_chern,skipped_invalid_reference_chern,nan,nan,False,True,False,False,True,0.9999999999999997,-0.9999999999999999,2.9916175356871646,25.3803035044446,25.3803035044446,0.9319659562870158,False,False
22,6,9,-0.04,-0.01,invalid_reference_chern,skipped_invalid_reference_chern,nan,nan,False,True,False,False,True,1.0000000000000007,-1.0000000000000002,-2.0193954320189222,25.603253785922735,25.60325378592273,0.9597219568957568,False,False
22,6,10,-0.04,0.0,invalid_reference_chern,skipped_invalid_reference_chern,nan,nan,False,True,False,False,True,1.0000000000000004,-1.0000000000000004,0.7128445993855124,25.81773690019406,25.81773690019407,0.9856341279305851,False,False
22,6,11,-0.04,0.01,invalid_reference_chern,skipped_invalid_reference_chern,nan,nan,False,True,False,False,True,0.9999999999999997,-0.9999999999999999,2.9833884732820124,26.013516323289352,26.01351632328935,0.9422458474139052,False,False
22,6,12,-0.04,0.02,invalid_reference_chern,skipped_invalid_reference_chern,nan,nan,False,True,False,False,True,0.9999999999999991,-0.9999999999999994,-0.009526826556870297,25.912947482402064,25.912947482402064,0.8922644462898905,False,False
22,6,13,-0.04,0.03,invalid_reference_chern,skipped_invalid_reference_chern,nan,nan,False,True,False,False,True,0.999999999999999,-0.9999999999999991,-1.0330258271264974,25.816224031074047,25.81622403107405,0.8459210250997734,False,False
22,6,14,-0.04,0.04,invalid_reference_chern,skipped_invalid_reference_chern,nan,nan,False,True,False,False,True,0.9999999999999993,-0.9999999999999994,-2.02290147784612,25.72324307154546,25.72324307154545,0.8028426865857738,False,False
22,6,15,-0.04,0.05,invalid_reference_chern,skipped_invalid_reference_chern,nan,nan,False,True,False,False,True,0.9999999999999996,-0.9999999999999997,2.9313784320986715,25.63389976419048,25.633899764190488,0.7627043193162073,False,False
22,6,16,-0.04,0.06,invalid_reference_chern,skipped_invalid_reference_chern,nan,nan,False,True,False,False,True,0.9999999999999999,-0.9999999999999996,-0.9999383301118862,25.54808772876861,25.54808772876861,0.725221461287441,False,False
22,6,17,-0.04,0.07,invalid_reference_chern,skipped_invalid_reference_chern,nan,nan,False,False,True,False,True,0.9999999999999997,-0.9999999999999996,-0.11627133526511603,25.465699442222856,25.465699442222867,2.800149204013914,False,False
22,6,18,-0.04,0.08,invalid_reference_chern,skipped_invalid_reference_chern,nan,nan,False,True,False,False,True,1.0,-1.0000000000000002,2.021037484186954,25.38662662920987,25.38662662920987,0.6572529370892386,False,False
22,6,19,-0.04,0.09,invalid_reference_chern,skipped_invalid_reference_chern,nan,nan,False,True,False,False,True,0.9999999999999991,-0.9999999999999994,-0.025171787268448313,25.31076064184536,25.310760641845356,0.6263527257356849,False,False
22,6,20,-0.04,0.1,nonconverged_hf,skipped_nonconverged_hf,nan,nan,False,False,True,True,False,1.0000000000000004,-1.0000000000000002,-1.9381505090168305e-15,25.237992825491773,25.237992825491766,0.6676623786698856,False,False
22,7,0,-0.03,-0.1,ok,ok,-0.05727926732661458,0.31083968892056285,False,True,False,True,False,0.9999999999999997,-0.9999999999999999,-5.672957252548191e-17,23.322693810012847,23.322693810012847,0.3108314483992803,False,False
22,7,1,-0.03,-0.09,ok,ok,-0.05064183908877763,-0.4498120095100601,True,True,False,True,False,0.9999999999999997,-0.999999999999999,9.225666827285659e-16,23.625349796521537,23.625349796521537,0.20631028818567052,False,False
22,7,2,-0.03,-0.08,ok,ok,-0.05748108176790903,0.20636645082100402,False,True,False,True,False,0.9999999999999997,-1.0000000000000002,-3.8563602535579825e-18,23.9159078727184,23.915907872718392,0.20624651935901392,False,False
22,7,3,-0.03,-0.07,invalid_reference_chern,skipped_invalid_reference_chern,nan,nan,False,True,False,False,True,0.9999999999999999,-0.9999999999999999,1.0000000041459527,24.194982897650323,24.194982897650327,1.7453224983495048,False,False
22,7,4,-0.03,-0.06,ok,ok,-0.05484652565256656,1.8255103403053183,False,True,False,True,False,1.0,-1.0000000000000002,-1.1742726947696479e-12,24.463132552210904,24.463132552210908,1.8412329565006824,False,False
22,7,5,-0.03,-0.05,ok,ok,-0.06328827807043856,1.768684170806592,False,True,False,True,False,0.9999999999999997,-1.0000000000000002,-5.115139088960397e-08,24.72086664247204,24.72086664247204,1.772673448355216,False,False
22,7,6,-0.03,-0.04,nonconverged_hf,skipped_nonconverged_hf,nan,nan,False,False,True,True,False,1.0000000000000002,-1.0000000000000002,-7.128676860272725e-05,24.968654550668038,24.96865455066803,1.9930486303061963,False,False
22,7,7,-0.03,-0.03,invalid_reference_chern,skipped_invalid_reference_chern,nan,nan,False,False,True,False,True,0.999999999999999,-0.9999999999999991,-0.9999948884315994,25.206931238495578,25.20693123849558,1.9494880614389,False,False
22,7,8,-0.03,-0.02,invalid_reference_chern,skipped_invalid_reference_chern,nan,nan,False,True,False,False,True,0.9999999999999993,-0.999999999999999,1.7000285954232899,25.436102110302446,25.436102110302443,0.9369867372850276,False,False
22,7,9,-0.03,-0.01,invalid_reference_chern,skipped_invalid_reference_chern,nan,nan,False,True,False,False,True,1.0000000000000002,-0.9999999999999999,-2.997409641152566,25.656546972254304,25.65654697225431,0.9643171094891108,False,False
22,7,10,-0.03,0.0,invalid_reference_chern,skipped_invalid_reference_chern,nan,nan,False,True,False,False,True,0.9999999999999996,-0.9999999999999994,-2.9572730903352182,25.868623270337793,25.868623270337793,0.987997227526622,False,False
22,7,11,-0.03,0.01,invalid_reference_chern,skipped_invalid_reference_chern,nan,nan,False,True,False,False,True,1.0000000000000002,-1.0000000000000002,2.9624589010733517,25.989319020295643,25.989319020295643,0.9348135444359048,False,False
22,7,12,-0.03,0.02,invalid_reference_chern,skipped_invalid_reference_chern,nan,nan,False,True,False,False,True,0.9999999999999997,-0.9999999999999996,2.0111517529383263,25.890449706728365,25.890449706728365,0.8855968806069391,False,False
22,7,13,-0.03,0.03,invalid_reference_chern,skipped_invalid_reference_chern,nan,nan,False,True,False,False,True,1.0,-1.0000000000000002,0.04791944650810509,25.795376549509,25.795376549509008,0.8399318798795654,False,False
22,7,14,-0.03,0.04,invalid_reference_chern,skipped_invalid_reference_chern,nan,nan,False,True,False,False,True,1.0000000000000007,-1.0000000000000009,0.9876221955427764,25.703995821135734,25.70399582113574,0.7974573361536916,False,False
22,7,15,-0.03,0.05,invalid_reference_chern,skipped_invalid_reference_chern,nan,nan,False,True,False,False,True,0.9999999999999996,-0.9999999999999996,2.9840457365818063,25.616202072752333,25.616202072752333,0.7578580003883718,False,False
22,7,16,-0.03,0.06,invalid_reference_chern,skipped_invalid_reference_chern,nan,nan,False,True,False,False,True,0.9999999999999993,-0.9999999999999991,0.006332566440329087,25.531888528733106,25.531888528733106,0.7208577604605072,False,False
22,7,17,-0.03,0.07,invalid_reference_chern,skipped_invalid_reference_chern,nan,nan,False,True,False,False,True,1.0000000000000002,-1.0000000000000002,-2.0710837691954507,25.450947476110958,25.45094747611095,0.6862139474122512,False,False
22,7,18,-0.03,0.08,invalid_reference_chern,skipped_invalid_reference_chern,nan,nan,False,True,False,False,True,0.9999999999999993,-0.9999999999999994,2.9140752280922944,25.373270645258053,25.373270645258042,0.6537125676667349,False,False
22,7,19,-0.03,0.09,invalid_reference_chern,skipped_invalid_reference_chern,nan,nan,False,False,True,False,True,1.0,-0.9999999999999994,1.0000000000000024,25.298749578533585,25.298749578533585,0.6676091420807322,False,False
22,7,20,-0.03,0.1,invalid_reference_chern,skipped_invalid_reference_chern,nan,nan,False,True,False,False,True,0.9999999999999997,-0.9999999999999996,1.9989018181906537,25.22727598395788,25.22727598395789,0.5944011119904553,False,False
22,8,0,-0.02,-0.1,ok,ok,-0.057292146485475676,0.2993271061344079,False,True,False,True,False,1.0000000000000002,-0.9999999999999997,8.161100466130807e-17,23.401946200150352,23.401946200150352,0.2993089036506056,False,False
22,8,1,-0.02,-0.09,ok,ok,-0.05739475765687954,0.24560577812395157,False,True,False,True,False,1.0000000000000009,-1.0,-1.0982666574460068e-18,23.7010867804915,23.7010867804915,0.24553495702852374,False,False
22,8,2,-0.02,-0.08,ok,ok,-0.05749013621629906,0.19737881606545066,False,True,False,True,False,0.9999999999999996,-0.9999999999999997,-1.3952615899920504e-17,23.988295326415965,23.988295326415965,0.1972453229467513,False,False
22,8,3,-0.02,-0.07,invalid_reference_chern,skipped_invalid_reference_chern,nan,nan,False,True,False,False,True,0.9999999999999996,-0.999999999999999,1.0000000046643462,24.26417219895126,24.26417219895126,1.7394185902690291,False,False
22,8,4,-0.02,-0.06,invalid_reference_chern,skipped_invalid_reference_chern,nan,nan,False,False,True,False,True,1.0000000000000004,-1.0000000000000002,-0.9508567166502917,24.52926314230639,24.52926314230639,1.9516844114674023,False,False
22,8,5,-0.02,-0.05,nonconverged_hf,skipped_nonconverged_hf,nan,nan,False,False,True,True,False,1.0000000000000007,-1.000000000000001,5.576285723445756e-09,24.78406803903675,24.78406803903675,1.7902663445834823,False,False
22,8,6,-0.02,-0.04,nonconverged_hf,skipped_nonconverged_hf,nan,nan,False,False,True,True,False,1.0000000000000002,-1.0000000000000007,2.303221378369368e-05,25.029047936413864,25.029047936413868,2.0135388542775727,False,False
22,8,7,-0.02,-0.03,nonconverged_hf,skipped_nonconverged_hf,nan,nan,False,False,True,True,False,1.0000000000000002,-1.0000000000000002,-1.5104269986453579e-06,25.26463071869304,25.26463071869305,1.940716717940878,False,False
22,8,8,-0.02,-0.02,invalid_reference_chern,skipped_invalid_reference_chern,nan,nan,False,True,False,False,True,1.0000000000000002,-1.0000000000000002,2.9873684480513547,25.491215710832304,25.491215710832304,0.9419170274811525,False,False
22,8,9,-0.02,-0.01,invalid_reference_chern,skipped_invalid_reference_chern,nan,nan,False,True,False,False,True,0.9999999999999991,-0.9999999999999993,1.295837698057365,25.709177433384667,25.70917743338467,0.9688313233690035,False,False
22,8,10,-0.02,0.0,ok,ok,-0.06477780550419632,0.9795441643459946,False,True,False,True,False,0.9999999999999999,-0.9999999999999996,0.004008385280480778,25.918868679122514,25.91886867912251,0.9798640907056653,False,False
22,8,11,-0.02,0.01,ok,ok,-0.06477136523350019,0.9272280449652984,False,True,False,True,False,1.0,-1.0000000000000002,-0.0023670036325774543,25.96563643800044,25.96563643800045,0.9275248362855828,False,False
22,8,12,-0.02,0.02,invalid_reference_chern,skipped_invalid_reference_chern,nan,nan,False,True,False,False,True,1.0000000000000002,-1.0000000000000002,-2.9222511772260193,25.86844346333786,25.86844346333786,0.8790554260602844,False,False
22,8,13,-0.02,0.03,invalid_reference_chern,skipped_invalid_reference_chern,nan,nan,False,True,False,False,True,1.0000000000000002,-1.0000000000000002,2.051747457282811,25.774997070491683,25.774997070491676,0.8340538946445823,False,False
22,8,14,-0.02,0.04,invalid_reference_chern,skipped_invalid_reference_chern,nan,nan,False,True,False,False,True,1.0000000000000007,-1.0000000000000002,0.024221141011225876,25.685192814731824,25.685192814731828,0.7921703048095481,False,False
22,8,15,-0.02,0.05,invalid_reference_chern,skipped_invalid_reference_chern,nan,nan,False,True,False,False,True,0.9999999999999994,-0.9999999999999986,-2.011831978462861,25.59892474514369,25.59892474514369,0.7530989247652011,False,False
22,8,16,-0.02,0.06,invalid_reference_chern,skipped_invalid_reference_chern,nan,nan,False,True,False,False,True,0.9999999999999994,-0.9999999999999993,0.009593048198998411,25.516085791884514,25.516085791884507,2.7335672745872763,False,False
22,8,17,-0.02,0.07,invalid_reference_chern,skipped_invalid_reference_chern,nan,nan,False,True,False,False,True,1.0000000000000007,-1.0000000000000004,-0.03544152949623219,25.436568146706,25.43656814670599,0.6823528516715687,False,False
22,8,18,-0.02,0.08,invalid_reference_chern,skipped_invalid_reference_chern,nan,nan,False,True,False,False,True,0.9999999999999999,-0.9999999999999993,-0.9712897005229741,25.360263633374775,25.36026363337478,0.6502342166665063,False,False
22,8,19,-0.02,0.09,ok,ok,-0.06444448450703179,0.6198837669771385,False,True,False,True,False,1.0,-0.9999999999999997,-0.0019131580868437428,25.287064064931748,25.287064064931748,0.620031500328207,False,False
22,8,20,-0.02,0.1,invalid_reference_chern,skipped_invalid_reference_chern,nan,nan,False,True,False,False,True,0.9999999999999993,-0.9999999999999997,-2.0405178425380104,25.216861585076433,25.216861585076433,0.591580990682508,False,False
22,9,0,-0.01,-0.1,ok,ok,-0.055310270264656604,-1.5786800389909152,True,True,False,True,False,0.9999999999999986,-0.9999999999999983,3.34052112091143e-14,23.480298531264996,23.480298531264992,1.7596324300245376,False,False
22,9,1,-0.01,-0.09,ok,ok,-0.05740523990044663,0.23572147213472666,False,True,False,True,False,1.0,-1.0000000000000007,6.734518047657957e-17,23.775957121645718,23.775957121645718,0.23563908078528406,False,False
22,9,2,-0.01,-0.08,ok,ok,-0.057498945963983195,0.1886000250844408,False,True,False,True,False,0.9999999999999997,-1.0,-9.707677742890394e-17,24.059846852923023,24.059846852923023,0.18845232745257648,False,False
22,9,3,-0.01,-0.07,ok,ok,-0.0596409785714923,1.7309485200199228,False,True,False,True,False,1.0000000000000007,-1.0000000000000009,3.5304590977435945e-11,24.33255419916137,24.332554199161372,1.7348178127989844,False,False
22,9,4,-0.01,-0.06,ok,ok,-0.06251200067536092,1.7324975511773584,False,True,False,True,False,1.0000000000000004,-1.0000000000000007,-1.5730402182457582e-08,24.594613427587337,24.594613427587344,1.7363390483513526,False,False
22,9,5,-0.01,-0.05,invalid_reference_chern,skipped_invalid_reference_chern,nan,nan,False,False,True,False,True,0.9999999999999989,-0.999999999999999,1.000000287044403,24.8465148416621,24.846514841662103,1.8111605711970433,False,False
22,9,6,-0.01,-0.04,invalid_reference_chern,skipped_invalid_reference_chern,nan,nan,False,False,True,False,True,1.0000000000000002,-1.0,1.0131883885541115,25.088711409991642,25.088711409991642,2.004278306449183,False,False
22,9,7,-0.01,-0.03,invalid_reference_chern,skipped_invalid_reference_chern,nan,nan,False,True,False,False,True,0.9999999999999996,-1.0,-2.032465772745365,25.321624128185018,25.321624128185018,0.9183325408633066,False,False
22,9,8,-0.01,-0.02,invalid_reference_chern,skipped_invalid_reference_chern,nan,nan,False,True,False,False,True,1.0000000000000002,-1.0000000000000004,1.2286865819824702,25.545646378886424,25.545646378886428,0.9467581437464254,False,False
22,9,9,-0.01,-0.01,invalid_reference_chern,skipped_invalid_reference_chern,nan,nan,False,True,False,False,True,1.0000000000000004,-1.0000000000000002,-1.6298295011174553,25.76114749454902,25.76114749454902,0.973265661647319,False,False
22,9,10,-0.01,0.0,invalid_reference_chern,skipped_invalid_reference_chern,nan,nan,False,True,False,False,True,1.0000000000000004,-1.0000000000000004,-2.8798389176517833,25.96847568209384,25.968475682093846,0.9718923278759977,False,False
22,9,11,-0.01,0.01,invalid_reference_chern,skipped_invalid_reference_chern,nan,nan,False,True,False,False,True,0.9999999999999994,-0.9999999999999996,-3.023837232008069,25.942461237166512,25.942461237166512,0.9203774788271325,False,False
22,9,12,-0.01,0.02,invalid_reference_chern,skipped_invalid_reference_chern,nan,nan,False,True,False,False,True,0.9999999999999994,-0.9999999999999993,-0.06129967932340917,25.846921293507243,25.846921293507247,0.8726382487023222,False,False
22,9,13,-0.01,0.03,invalid_reference_chern,skipped_invalid_reference_chern,nan,nan,False,True,False,False,True,1.0000000000000009,-1.0000000000000009,-0.07115086248297205,25.755078069761772,25.755078069761772,0.8282855652663245,False,False
22,9,14,-0.01,0.04,invalid_reference_chern,skipped_invalid_reference_chern,nan,nan,False,True,False,False,True,0.9999999999999996,-0.9999999999999997,0.03001455504861138,25.66682651320327,25.66682651320327,0.7869803541642031,False,False
22,9,15,-0.01,0.05,ok,ok,-0.06463950383748637,0.7482125850231669,False,True,False,True,False,1.0,-1.0000000000000002,0.002953935200587154,25.582060274522313,25.582060274522313,0.7484260686083035,False,False
22,9,16,-0.01,0.06,ok,ok,-0.06459318169314149,0.7121667887332643,False,True,False,True,False,1.0,-0.9999999999999996,0.00014723902449128242,25.50067208715462,25.500672087154626,0.7123624575315899,False,False
22,9,17,-0.01,0.07,invalid_reference_chern,skipped_invalid_reference_chern,nan,nan,False,True,False,False,True,0.9999999999999984,-0.999999999999999,-2.0565363952354647,25.422554138422612,25.422554138422615,0.6785603517737097,False,False
22,9,18,-0.01,0.08,ok,ok,-0.06448607966840653,0.6466553027782691,False,True,False,True,False,0.9999999999999997,-0.9999999999999997,-0.004127944663931697,25.34759842934066,25.347598429340664,0.6468172888135753,False,False
22,9,19,-0.01,0.09,invalid_reference_chern,skipped_invalid_reference_chern,nan,nan,False,True,False,False,True,0.9999999999999994,-0.9999999999999988,-2.947163291199453,25.275697120246466,25.275697120246456,0.6169538298309665,False,False
22,9,20,-0.01,0.1,invalid_reference_chern,skipped_invalid_reference_chern,nan,nan,False,True,False,False,True,0.9999999999999991,-0.9999999999999991,-0.03237742738063281,25.206742859765153,25.206742859765153,0.5888104498470497,False,False
22,10,0,0.0,-0.1,ok,ok,-0.05731675441189661,0.27720214400866194,False,True,False,True,False,1.0000000000000002,-1.0000000000000007,1.0017290645864134e-17,23.557751455792282,23.55775145579227,0.27716343006113653,False,False
22,10,1,0.0,-0.09,ok,ok,-0.05741541596766575,0.22607941068409884,False,True,False,True,False,0.999999999999999,-0.9999999999999989,1.8335417741118142e-17,23.84996149949212,23.849961499492117,0.22598505204700647,False,False
22,10,2,0.0,-0.08,invalid_reference_chern,skipped_invalid_reference_chern,nan,nan,False,True,False,False,True,0.9999999999999994,-0.9999999999999997,1.0000000000011653,24.1305632655886,24.130563265588602,1.7058575522431538,False,False
22,10,3,0.0,-0.07,ok,ok,-0.06148427566711634,1.7277787701780452,False,True,False,True,False,0.999999999999999,-0.9999999999999993,-6.238177604230958e-09,24.400129914310554,24.400129914310558,1.731624651410922,False,False
22,10,4,0.0,-0.06,invalid_reference_chern,skipped_invalid_reference_chern,nan,nan,False,True,False,False,True,0.9999999999999999,-0.9999999999999997,1.0000000204197654,24.65918466763039,24.65918466763039,1.7436443707392466,False,False
22,10,5,0.0,-0.05,nonconverged_hf,skipped_nonconverged_hf,nan,nan,False,False,True,True,False,0.9999999999999989,-0.9999999999999994,0.0017925950378647267,24.90820857378223,24.908208573782236,1.8355067306151938,False,False
22,10,6,0.0,-0.04,invalid_reference_chern,skipped_invalid_reference_chern,nan,nan,False,False,True,False,True,0.9999999999999999,-1.0,-0.98514070580915,25.147646764018912,25.14764676401891,1.9805838970125673,False,False
22,10,7,0.0,-0.03,invalid_reference_chern,skipped_invalid_reference_chern,nan,nan,False,True,False,False,True,1.0000000000000009,-1.0000000000000009,2.998252648541064,25.37791352332068,25.377913523320686,0.9235330127266613,False,False
22,10,8,0.0,-0.02,invalid_reference_chern,skipped_invalid_reference_chern,nan,nan,False,True,False,False,True,0.999999999999999,-0.9999999999999989,-1.9984089712513402,25.599396421506054,25.599396421506054,0.9515113837028176,False,False
22,10,9,0.0,-0.01,invalid_reference_chern,skipped_invalid_reference_chern,nan,nan,False,True,False,False,True,0.9999999999999991,-0.9999999999999993,-2.945765278691232,25.812459695277852,25.812459695277852,0.9776211770199453,False,False
22,10,10,0.0,0.0,invalid_reference_chern,skipped_invalid_reference_chern,nan,nan,False,True,False,False,True,0.9999999999999969,-0.9999999999999969,-2.0156117023106055,26.01744702974694,26.01744702974694,0.9640792262620628,False,False
22,10,11,0.0,0.01,invalid_reference_chern,skipped_invalid_reference_chern,nan,nan,False,True,False,False,True,1.0,-0.9999999999999999,2.9739907779741244,25.919786005898104,25.9197860058981,0.9133692568676202,False,False
22,10,12,0.0,0.02,invalid_reference_chern,skipped_invalid_reference_chern,nan,nan,False,True,False,False,True,1.0,-1.0000000000000002,-2.067056982364286,25.825875689812747,25.82587568981275,0.8663435333947088,False,False
22,10,13,0.0,0.03,invalid_reference_chern,skipped_invalid_reference_chern,nan,nan,False,True,False,False,True,1.0000000000000004,-1.0000000000000002,2.940562786227275,25.735611996558255,25.735611996558255,0.8226253989379155,False,False
22,10,14,0.0,0.04,invalid_reference_chern,skipped_invalid_reference_chern,nan,nan,False,True,False,False,True,1.0000000000000007,-1.0000000000000002,2.9949220181819634,25.648889371291823,25.648889371291833,0.7818862516778604,False,False
22,10,15,0.0,0.05,invalid_reference_chern,skipped_invalid_reference_chern,nan,nan,False,True,False,False,True,0.9999999999999989,-0.9999999999999989,-1.9941930325704709,25.56560116642369,25.565601166423697,0.7438384099812176,False,False
22,10,16,0.0,0.06,invalid_reference_chern,skipped_invalid_reference_chern,nan,nan,False,True,False,False,True,0.9999999999999997,-0.9999999999999997,2.038506159099306,25.485640012477187,25.485640012477187,0.7082291540066274,False,False
22,10,17,0.0,0.07,invalid_reference_chern,skipped_invalid_reference_chern,nan,nan,False,True,False,False,True,0.9999999999999993,-0.9999999999999997,0.009957783822426888,25.408898179430654,25.408898179430658,0.6748357353309578,False,False
22,10,18,0.0,0.08,invalid_reference_chern,skipped_invalid_reference_chern,nan,nan,False,True,False,False,True,1.0000000000000009,-1.0000000000000009,3.001573095141258,25.335267925605567,25.335267925605567,0.64346118471634,False,False
22,10,19,0.0,0.09,invalid_reference_chern,skipped_invalid_reference_chern,nan,nan,False,True,False,False,True,1.0000000000000018,-1.0000000000000018,-2.9692839758063876,25.26464183147865,25.26464183147865,0.6139307795153325,False,False
22,10,20,0.0,0.1,invalid_reference_chern,skipped_invalid_reference_chern,nan,nan,False,True,False,False,True,1.0000000000000002,-1.0000000000000002,-0.008528454113667388,25.1969131161393,25.196913116139307,0.5860890576554357,False,False
22,11,0,0.01,-0.1,ok,ok,-0.05732850668078768,0.2665693105737138,False,True,False,True,False,0.9999999999999993,-0.9999999999999996,-2.6290521116868638e-17,23.63430595456367,23.63430595456367,0.2665199925547899,False,False
22,11,1,0.01,-0.09,ok,ok,-0.05742529909270071,0.21667220025046288,False,True,False,True,False,0.9999999999999988,-0.9999999999999999,-5.0664096472177635e-17,23.923100924779778,23.923100924779785,0.21656543097983974,False,False
22,11,2,0.01,-0.08,ok,ok,-0.05892985646411755,1.649911804817719,False,True,False,True,False,1.0000000000000009,-1.0000000000000002,2.97952144177824e-11,24.200445703560405,24.20044570356041,1.7570640735684562,False,False
22,11,3,0.01,-0.07,invalid_reference_chern,skipped_invalid_reference_chern,nan,nan,False,True,False,False,True,0.9999999999999994,-1.0,-1.0000000074932511,24.4669006750579,24.466900675057907,1.7299626291151888,False,False
22,11,4,0.01,-0.06,ok,ok,-0.05276383914063655,1.6072482991697088,False,True,False,True,False,1.0000000000000009,-1.0000000000000009,-7.960281932558023e-11,24.722978421625353,24.722978421625356,1.7639776234794553,False,False
22,11,5,0.01,-0.05,nonconverged_hf,skipped_nonconverged_hf,nan,nan,False,False,True,True,False,0.9999999999999993,-0.9999999999999996,0.0018474362185910542,24.969151040969457,24.96915104096945,1.8634156361205776,False,False
22,11,6,0.01,-0.04,invalid_reference_chern,skipped_invalid_reference_chern,nan,nan,False,False,True,False,True,0.9999999999999993,-0.9999999999999989,-1.1134408595582834,25.205856054343688,25.205856054343688,1.993308569068738,False,False
22,11,7,0.01,-0.03,ok,ok,-0.06470709859853849,0.928336508458153,False,True,False,True,False,0.9999999999999991,-0.9999999999999994,-0.004276591436051735,25.43350120409754,25.43350120409754,0.9286363661516724,False,False
22,11,8,0.01,-0.02,invalid_reference_chern,skipped_invalid_reference_chern,nan,nan,False,True,False,False,True,0.9999999999999994,-0.9999999999999996,3.0058537669310175,25.65246836968243,25.65246836968242,0.9561780258839818,False,False
22,11,9,0.01,-0.01,invalid_reference_chern,skipped_invalid_reference_chern,nan,nan,False,True,False,False,True,1.0000000000000004,-1.0000000000000004,2.0719128747377646,25.86311677964356,25.863116779643565,0.9818989115688697,False,False
22,11,10,0.01,0.0,invalid_reference_chern,skipped_invalid_reference_chern,nan,nan,False,True,False,False,True,1.0000000000000007,-1.0000000000000007,-0.028765711628381437,25.993608465466647,25.99360846546666,0.9564221160035115,False,False
22,11,11,0.01,0.01,invalid_reference_chern,skipped_invalid_reference_chern,nan,nan,False,True,False,False,True,1.0,-1.0,2.980306147561951,25.897603270141534,25.89760327014153,0.9064979847717153,False,False
22,11,12,0.01,0.02,ok,ok,-0.07088821481023658,1.1323150917446692,False,True,False,True,False,1.0,-1.0000000000000002,0.004825181569306164,25.805299105797474,25.805299105797474,2.866814465618462,False,False
22,11,13,0.01,0.03,invalid_reference_chern,skipped_invalid_reference_chern,nan,nan,False,True,False,False,True,1.0000000000000002,-1.0,-0.04506060262026774,25.7165912824346,25.7165912824346,0.8170719150460288,False,False
22,11,14,0.01,0.04,invalid_reference_chern,skipped_invalid_reference_chern,nan,nan,False,True,False,False,True,0.9999999999999988,-0.9999999999999983,-0.013528611118724727,25.63137384556772,25.631373845567705,0.7768867715718338,False,False
22,11,15,0.01,0.05,ok,ok,-0.06460599362875522,0.7391260631965669,False,True,False,True,False,1.000000000000001,-1.0000000000000009,0.003993875194980026,25.549539945863156,25.549539945863145,0.7393349297623899,False,False
22,11,16,0.01,0.06,invalid_reference_chern,skipped_invalid_reference_chern,nan,nan,False,True,False,False,True,0.999999999999999,-0.9999999999999993,2.0852676410480817,25.470982201050845,25.470982201050834,0.7041709475556848,False,False
22,11,17,0.01,0.07,invalid_reference_chern,skipped_invalid_reference_chern,nan,nan,False,True,False,False,True,0.9999999999999999,-0.9999999999999997,-2.060609505875537,25.395593047102622,25.395593047102622,0.6711782879751559,False,False
22,11,18,0.01,0.08,invalid_reference_chern,skipped_invalid_reference_chern,nan,nan,False,True,False,False,True,1.0000000000000004,-1.0000000000000004,2.06593793221918,25.323265075951653,25.32326507595165,0.6401653016646269,False,False
22,11,19,0.01,0.09,invalid_reference_chern,skipped_invalid_reference_chern,nan,nan,False,True,False,False,True,1.0000000000000007,-1.0000000000000002,3.011196668564857,25.253891357340276,25.253891357340272,0.6109618380016234,False,False
22,11,20,0.01,0.1,invalid_reference_chern,skipped_invalid_reference_chern,nan,nan,False,True,False,False,True,1.0000000000000007,-1.0,1.9812235960332731,25.187365742724747,25.18736574272475,0.583416377587367,False,False
22,12,0,0.02,-0.1,invalid_reference_chern,skipped_invalid_reference_chern,nan,nan,False,True,False,False,True,1.0000000000000007,-1.0000000000000013,1.0000000000000653,23.709963328601365,23.709963328601365,1.8668594567287877,False,False
22,12,1,0.02,-0.09,ok,ok,-0.05743490271026163,0.20749278623673742,False,True,False,True,False,0.999999999999999,-0.9999999999999994,-6.8647591041184e-17,23.995376729780197,23.995376729780197,0.2073731114959723,False,False
22,12,2,0.02,-0.08,ok,ok,-0.05752404586618053,0.16346035932736985,False,True,False,True,False,1.0000000000000007,-1.0000000000000004,8.417385351890342e-17,24.269495621163305,24.2694956211633,0.16326536535080788,False,False
22,12,3,0.02,-0.07,ok,ok,-0.06019560041970126,1.7261529953143233,False,True,False,True,False,0.9999999999999997,-1.0,3.930265547292881e-11,24.532868115608974,24.532868115608974,1.7299736349615462,False,False
22,12,4,0.02,-0.06,ok,ok,-0.0607757179610409,1.762150426790872,False,True,False,True,False,0.9999999999999981,-0.9999999999999988,-6.758752800616996e-11,24.785996537150094,24.78599653715009,1.7661010145600433,False,False
22,12,5,0.02,-0.05,invalid_reference_chern,skipped_invalid_reference_chern,nan,nan,False,False,True,False,True,0.9999999999999997,-0.9999999999999993,1.0448328045620958,25.029344319796046,25.029344319796035,1.89817826309967,False,False
22,12,6,0.02,-0.04,nonconverged_hf,skipped_nonconverged_hf,nan,nan,False,False,True,True,False,1.0000000000000002,-1.0000000000000007,-4.006473164237397e-08,25.263341589157186,25.263341589157182,1.944354559526937,False,False
22,12,7,0.02,-0.03,invalid_reference_chern,skipped_invalid_reference_chern,nan,nan,False,True,False,False,True,0.999999999999999,-0.999999999999999,-0.9970043466853499,25.48838970364047,25.48838970364046,0.9336441599577573,False,False
22,12,8,0.02,-0.02,ok,ok,-0.06472511354162618,0.951858604719525,False,True,False,True,False,1.0000000000000009,-1.0000000000000009,0.0006460911438195795,25.70486496828036,25.70486496828036,0.9607593298901949,False,False
22,12,9,0.02,-0.01,invalid_reference_chern,skipped_invalid_reference_chern,nan,nan,False,True,False,False,True,1.0000000000000009,-1.0000000000000007,1.9794404218579733,25.913121686679833,25.913121686679847,0.986099896574734,False,False
22,12,10,0.02,0.0,invalid_reference_chern,skipped_invalid_reference_chern,nan,nan,False,True,False,False,True,0.9999999999999989,-0.9999999999999989,-2.93688530435255,25.97027815587699,25.97027815587698,0.9489183704053766,False,False
22,12,11,0.02,0.01,invalid_reference_chern,skipped_invalid_reference_chern,nan,nan,False,True,False,False,True,0.9999999999999999,-1.0000000000000002,-2.9918871388077215,25.87590550383118,25.87590550383117,0.8997615069971396,False,False
22,12,12,0.02,0.02,invalid_reference_chern,skipped_invalid_reference_chern,nan,nan,False,True,False,False,True,1.0000000000000009,-1.0000000000000013,-1.0851591809870418,25.785183965277874,25.785183965277877,0.8541143270202459,False,False
22,12,13,0.02,0.03,invalid_reference_chern,skipped_invalid_reference_chern,nan,nan,False,True,False,False,True,1.0000000000000009,-1.0000000000000007,0.9811271162089745,25.69800834971213,25.698008349712126,0.8116236459816958,False,False
22,12,14,0.02,0.04,invalid_reference_chern,skipped_invalid_reference_chern,nan,nan,False,True,False,False,True,1.0000000000000009,-1.0000000000000007,0.016945125824884107,25.614272402028057,25.614272402028057,0.7719806956834157,False,False
22,12,15,0.02,0.05,invalid_reference_chern,skipped_invalid_reference_chern,nan,nan,False,True,False,False,True,0.9999999999999996,-0.9999999999999997,2.97326323261182,25.533869164088546,25.53386916408855,0.7349146125067241,False,False
22,12,16,0.02,0.06,invalid_reference_chern,skipped_invalid_reference_chern,nan,nan,False,True,False,False,True,1.0000000000000007,-1.0000000000000007,0.04949511983968203,25.456691327264586,25.456691327264586,0.7001869878485837,False,False
22,12,17,0.02,0.07,ok,ok,-0.06734311725137257,0.957725496338737,False,True,False,True,False,1.0000000000000002,-1.0000000000000002,-3.36693766642649e-05,25.382631573138806,25.382631573138816,3.444511601577641,False,False
22,12,18,0.02,0.08,invalid_reference_chern,skipped_invalid_reference_chern,nan,nan,False,True,False,False,True,1.0000000000000009,-1.0000000000000002,0.08159970445266625,25.311582899852223,25.311582899852226,0.6369290343914573,False,False
22,12,19,0.02,0.09,invalid_reference_chern,skipped_invalid_reference_chern,nan,nan,False,True,False,False,True,0.9999999999999996,-0.9999999999999994,-1.0082397239953496,25.243438931886416,25.243438931886416,0.608046490439615,False,False
22,12,20,0.02,0.1,invalid_reference_chern,skipped_invalid_reference_chern,nan,nan,False,True,False,False,True,1.0000000000000007,-1.0000000000000009,2.9534859680645162,25.178094211407405,25.178094211407405,0.580791969085969,False,False
22,13,0,0.03,-0.1,ok,ok,-0.05735096958422356,0.24611553318812074,False,True,False,True,False,1.0000000000000007,-1.0000000000000002,-9.18690749991752e-17,23.784725190602067,23.78472519060207,0.24604415665149518,False,False
22,13,1,0.03,-0.09,nonconverged_hf,skipped_nonconverged_hf,nan,nan,False,False,True,True,False,0.9999999999999996,-0.9999999999999999,-3.956154651556903e-09,24.066790558401397,24.06679055840139,1.8544892088739278,False,False
22,13,2,0.03,-0.08,ok,ok,-0.06099516435261937,1.706572169939792,False,True,False,True,False,1.0000000000000007,-1.0000000000000007,-4.245742379855277e-09,24.33771477721589,24.33771477721589,1.7433356390491104,False,False
22,13,3,0.03,-0.07,invalid_reference_chern,skipped_invalid_reference_chern,nan,nan,False,True,False,False,True,0.999999999999999,-0.9999999999999989,-1.0000000106448337,24.598034162646876,24.598034162646886,1.731816175827608,False,False
22,13,4,0.03,-0.06,ok,ok,-0.06329385035312342,1.7776200759662093,False,True,False,True,False,0.9999999999999991,-0.9999999999999993,-5.048739560634491e-08,24.848241139014075,24.848241139014068,1.781632397166155,False,False
22,13,5,0.03,-0.05,ok,ok,-0.054165937689188204,1.8219659048235493,False,True,False,True,False,0.9999999999999997,-0.9999999999999997,7.2266919357359155e-12,25.088790746805262,25.088790746805262,2.051491723483898,False,False
22,13,6,0.03,-0.04,invalid_reference_chern,skipped_invalid_reference_chern,nan,nan,False,False,True,False,True,1.0000000000000007,-1.0000000000000004,0.9999237561242449,25.320105918244245,25.32010591824424,1.9318607170216686,False,False
22,13,7,0.03,-0.03,invalid_reference_chern,skipped_invalid_reference_chern,nan,nan,False,True,False,False,True,0.9999999999999997,-0.9999999999999994,-1.0282231979583811,25.542581777837594,25.54258177783759,0.9385579229494397,False,False
22,13,8,0.03,-0.02,invalid_reference_chern,skipped_invalid_reference_chern,nan,nan,False,True,False,False,True,0.9999999999999991,-0.9999999999999991,-2.9554584148706886,25.756589166131583,25.75658916613158,0.9652565365378647,False,False
22,13,9,0.03,-0.01,invalid_reference_chern,skipped_invalid_reference_chern,nan,nan,False,True,False,False,True,1.0000000000000002,-1.0000000000000002,-2.9885378224102648,25.962477540977996,25.962477540977993,0.990225152339158,False,False
22,13,10,0.03,0.0,invalid_reference_chern,skipped_invalid_reference_chern,nan,nan,False,True,False,False,True,1.0000000000000004,-1.0000000000000007,2.917596281642672,25.94744861149613,25.947448611496128,0.9415654061381902,False,False
22,13,11,0.03,0.01,invalid_reference_chern,skipped_invalid_reference_chern,nan,nan,False,True,False,False,True,0.9999999999999996,-0.9999999999999996,-1.9170493871843532,25.854685138677993,25.854685138677997,0.8931576985673804,False,False
22,13,12,0.03,0.02,invalid_reference_chern,skipped_invalid_reference_chern,nan,nan,False,True,False,False,True,1.0000000000000007,-1.0000000000000007,2.947195076525638,25.765522671288995,25.76552267128898,0.8481763063945231,False,False
22,13,13,0.03,0.03,invalid_reference_chern,skipped_invalid_reference_chern,nan,nan,False,True,False,False,True,1.0000000000000009,-1.0000000000000002,-1.9911003188151721,25.67985561957323,25.67985561957324,0.8062791378933113,False,False
22,13,14,0.03,0.04,invalid_reference_chern,skipped_invalid_reference_chern,nan,nan,False,True,False,False,True,1.0,-0.9999999999999997,0.005384667100833409,25.597577523341254,25.59757752334125,0.7671668142670919,False,False
22,13,15,0.03,0.05,invalid_reference_chern,skipped_invalid_reference_chern,nan,nan,False,True,False,False,True,1.0,-0.9999999999999996,-2.017650775997887,25.518581404988588,25.51858140498859,0.7305764472578515,False,False
22,13,16,0.03,0.06,invalid_reference_chern,skipped_invalid_reference_chern,nan,nan,False,True,False,False,True,1.0000000000000002,-1.0000000000000007,-2.0022502792529155,25.442760112292223,25.44276011229223,0.6962764261890918,False,False
22,13,17,0.03,0.07,nonconverged_hf,skipped_nonconverged_hf,nan,nan,False,False,True,True,False,1.0000000000000002,-1.0000000000000002,1.126446449684996e-16,25.37000664837737,25.370006648377373,0.6683537357300738,False,False
22,13,18,0.03,0.08,nonconverged_hf,skipped_nonconverged_hf,nan,nan,False,False,True,True,False,0.9999999999999997,-0.9999999999999999,7.067899292141149e-16,25.30021448653378,25.300214486533793,0.6683609237913536,False,False
22,13,19,0.03,0.09,invalid_reference_chern,skipped_invalid_reference_chern,nan,nan,False,True,False,False,True,0.9999999999999989,-0.9999999999999993,-0.04125835302433785,25.233277867870463,25.233277867870463,0.6051842191860369,False,False
22,13,20,0.03,0.1,invalid_reference_chern,skipped_invalid_reference_chern,nan,nan,False,True,False,False,True,1.0000000000000007,-1.0000000000000002,2.943068907599366,25.16909208012718,25.169092080127186,0.578215388188045,False,False
22,14,0,0.04,-0.1,ok,ok,-0.05736170593731691,0.2362769977578306,False,True,False,True,False,0.9999999999999979,-0.999999999999999,7.559863036372286e-17,23.858593456151016,23.858593456151016,0.23619409692605195,False,False
22,14,1,0.04,-0.09,ok,ok,-0.05745332585751592,0.18979071886042664,False,True,False,True,False,0.9999999999999999,-0.9999999999999999,-8.55432217421385e-17,24.137344356167226,24.137344356167226,0.18964351154407127,False,False
22,14,2,0.04,-0.08,invalid_reference_chern,skipped_invalid_reference_chern,nan,nan,False,True,False,False,True,0.9999999999999999,-0.9999999999999991,1.0000000048970115,24.405105224309327,24.405105224309324,1.7383047924945967,False,False
22,14,3,0.04,-0.07,invalid_reference_chern,skipped_invalid_reference_chern,nan,nan,False,True,False,False,True,1.0000000000000009,-1.0000000000000004,-1.0000000131484938,24.662401024297193,24.662401024297193,1.735662367326443,False,False
22,14,4,0.04,-0.06,nonconverged_hf,skipped_nonconverged_hf,nan,nan,False,False,True,True,False,0.9999999999999996,-0.9999999999999999,1.17187869500469e-07,24.90971461818772,24.90971461818772,1.8002593384031331,False,False
22,14,5,0.04,-0.05,invalid_reference_chern,skipped_invalid_reference_chern,nan,nan,False,False,True,False,True,1.0,-0.9999999999999996,1.1285792073417968,25.147492907603958,25.147492907603958,2.008052238970031,False,False
22,14,6,0.04,-0.04,invalid_reference_chern,skipped_invalid_reference_chern,nan,nan,False,True,False,False,True,0.9999999999999986,-0.9999999999999988,2.998507078716834,25.37615182238146,25.376151822381452,0.9151970049122429,False,False
22,14,7,0.04,-0.03,ok,ok,-0.06469072267293233,0.93578518390187,False,True,False,True,False,0.9999999999999989,-0.9999999999999989,0.0013132184119955656,25.59608039514194,25.596080395141936,0.9433791545518835,False,False
22,14,8,0.04,-0.02,invalid_reference_chern,skipped_invalid_reference_chern,nan,nan,False,True,False,False,True,1.0000000000000002,-1.0000000000000002,-0.061479731167150366,25.80764410630471,25.80764410630471,0.9696708680034274,False,False
22,14,9,0.04,-0.01,invalid_reference_chern,skipped_invalid_reference_chern,nan,nan,False,True,False,False,True,1.0,-1.0000000000000002,-2.9951180060449274,26.011187643465593,26.01118764346559,0.9857619417913276,False,False
22,14,10,0.04,0.0,invalid_reference_chern,skipped_invalid_reference_chern,nan,nan,False,True,False,False,True,1.0000000000000002,-1.0000000000000002,-2.943507099539622,25.925112287695416,25.925112287695416,0.9343606833207853,False,False
22,14,11,0.04,0.01,invalid_reference_chern,skipped_invalid_reference_chern,nan,nan,False,True,False,False,True,0.9999999999999999,-1.0000000000000002,2.052108387543081,25.833934573597762,25.833934573597762,0.8866844654856695,False,False
22,14,12,0.04,0.02,invalid_reference_chern,skipped_invalid_reference_chern,nan,nan,False,True,False,False,True,0.9999999999999993,-0.9999999999999993,2.9390448730524943,25.74630761466766,25.746307614667664,0.8423536899459161,False,False
22,14,13,0.04,0.03,invalid_reference_chern,skipped_invalid_reference_chern,nan,nan,False,True,False,False,True,1.0000000000000007,-1.000000000000001,2.0458020627723004,25.662125519796277,25.662125519796277,0.8010369513851969,False,False
22,14,14,0.04,0.04,ok,ok,-0.06459964601539561,0.7622240391839376,False,True,False,True,False,1.0000000000000009,-1.0000000000000002,-0.0017376008240222332,25.581281715740364,25.581281715740364,0.7624439267451787,False,False
22,14,15,0.04,0.05,invalid_reference_chern,skipped_invalid_reference_chern,nan,nan,False,True,False,False,True,0.9999999999999994,-0.9999999999999993,2.08242423893871,25.503669291161817,25.503669291161813,0.7263194283132881,False,False
22,14,16,0.04,0.06,invalid_reference_chern,skipped_invalid_reference_chern,nan,nan,False,True,False,False,True,1.0000000000000002,-1.0000000000000004,2.976029034047875,25.429181329361896,25.42918132936189,0.6924384162695066,False,False
22,14,17,0.04,0.07,invalid_reference_chern,skipped_invalid_reference_chern,nan,nan,False,True,False,False,True,0.9999999999999994,-1.0,-1.9733059181510721,25.357711227297106,25.35771122729711,0.6606018037051041,False,False
22,14,18,0.04,0.08,ok,ok,-0.06439861701379035,0.6304800285212221,False,True,False,True,False,1.0000000000000002,-1.0000000000000007,-0.003666791220929916,25.28915299874975,25.28915299874975,0.6306329176468526,False,False
22,14,19,0.04,0.09,nonconverged_hf,skipped_nonconverged_hf,nan,nan,False,False,True,True,False,1.0000000000000002,-1.0,-1.822192786255138e-16,25.223401559832105,25.223401559832098,0.6676290507964822,False,False
22,14,20,0.04,0.1,invalid_reference_chern,skipped_invalid_reference_chern,nan,nan,False,True,False,False,True,1.0000000000000004,-1.0000000000000002,2.0081313636860934,25.160352995326377,25.160352995326377,0.5756861881235783,False,False
22,15,0,0.05,-0.1,ok,ok,-0.057372129812158154,0.22668633748386943,False,True,False,True,False,0.9999999999999996,-1.0000000000000002,-5.872259108942735e-17,23.93157033470265,23.93157033470265,0.22659153012161218,False,False
22,15,1,0.05,-0.09,ok,ok,-0.05746217288623542,0.1812554979570559,False,True,False,True,False,1.0,-1.0000000000000004,1.684358661188064e-17,24.20704036009007,24.207040360090062,0.18109352624462097,False,False
22,15,2,0.05,-0.08,ok,ok,-0.0613542771036862,1.7307612414832418,False,True,False,True,False,0.9999999999999988,-0.9999999999999993,5.73881135569689e-09,24.471669298072158,24.471669298072158,1.7346109770881972,False,False
22,15,3,0.05,-0.07,ok,ok,-0.06257786227975984,1.737845728069267,False,True,False,True,False,1.0000000000000002,-0.9999999999999997,1.6654447818949462e-08,24.725971179144697,24.725971179144697,1.7416935926953199,False,False
22,15,4,0.05,-0.06,invalid_reference_chern,skipped_invalid_reference_chern,nan,nan,False,False,True,False,True,1.0000000000000002,-1.0000000000000002,-1.000015176836757,24.97041962083088,24.97041962083087,1.822124390002736,False,False
22,15,5,0.05,-0.05,invalid_reference_chern,skipped_invalid_reference_chern,nan,nan,False,False,True,False,True,0.9999999999999993,-0.999999999999999,-0.9708396402480713,25.20545362608949,25.205453626089486,1.9848159019957523,False,False
22,15,6,0.05,-0.04,ok,ok,-0.06465442935603566,0.9184452998595387,False,True,False,True,False,0.9999999999999993,-0.9999999999999999,-0.0009834685317223048,25.431482302892356,25.431482302892356,0.9203739448379915,False,False
22,15,7,0.05,-0.03,invalid_reference_chern,skipped_invalid_reference_chern,nan,nan,False,True,False,False,True,0.9999999999999994,-0.9999999999999993,2.930470774797882,25.648888726544946,25.648888726544953,0.9481093254171317,False,False
22,15,8,0.05,-0.02,invalid_reference_chern,skipped_invalid_reference_chern,nan,nan,False,True,False,False,True,0.9999999999999999,-0.9999999999999996,-0.9999999999999963,25.85803311655653,25.85803311655654,0.9740035279620815,False,False
22,15,9,0.05,-0.01,invalid_reference_chern,skipped_invalid_reference_chern,nan,nan,False,True,False,False,True,0.9999999999999989,-0.999999999999999,0.2025403004985003,25.99648266838364,25.996482668383642,0.9778980689139357,False,False
22,15,10,0.05,0.0,invalid_reference_chern,skipped_invalid_reference_chern,nan,nan,False,True,False,False,True,0.9999999999999999,-0.9999999999999999,-2.6496271542811307,25.903261594600618,25.903261594600625,0.9273017056704008,False,False
22,15,11,0.05,0.01,invalid_reference_chern,skipped_invalid_reference_chern,nan,nan,False,True,False,False,True,1.0000000000000002,-0.9999999999999999,-2.3110807215916314,25.813646183778193,25.8136461837782,0.8803397450948599,False,False
22,15,12,0.05,0.02,invalid_reference_chern,skipped_invalid_reference_chern,nan,nan,False,True,False,False,True,0.9999999999999997,-0.9999999999999999,-0.049541297154696635,25.727531182275488,25.72753118227548,0.8366447669947519,False,False
22,15,13,0.05,0.03,ok,ok,-0.07130643397388954,0.48457483760590897,False,True,False,True,False,1.0,-1.0000000000000002,4.0672284458327966e-05,25.64481049213508,25.64481049213508,2.6972019275163066,False,False
22,15,14,0.05,0.04,invalid_reference_chern,skipped_invalid_reference_chern,nan,nan,False,True,False,False,True,1.0000000000000002,-0.9999999999999999,-1.9970415533999508,25.5653775155707,25.5653775155707,0.7578108424096954,False,False
22,15,15,0.05,0.05,invalid_reference_chern,skipped_invalid_reference_chern,nan,nan,False,True,False,False,True,0.9999999999999996,-0.9999999999999993,-0.01773126003856893,25.489125489652334,25.48912548965234,0.7221425559456015,False,False
22,15,16,0.05,0.06,invalid_reference_chern,skipped_invalid_reference_chern,nan,nan,False,True,False,False,True,1.0,-1.0000000000000002,2.9156214519292547,25.415947808708115,25.41594780870811,0.6886721148857665,False,False
22,15,17,0.05,0.07,nonconverged_hf,skipped_nonconverged_hf,nan,nan,False,False,True,True,False,1.0000000000000007,-1.0000000000000004,2.1203697876423444e-16,25.345738332220186,25.345738332220197,0.6678654840954832,False,False
22,15,18,0.05,0.08,ok,ok,-0.06438154833574034,0.6274207029733645,False,True,False,True,False,0.9999999999999997,-0.9999999999999994,-0.002116155833194274,25.27839167627435,25.27839167627435,0.6275718512145457,False,False
22,15,19,0.05,0.09,nonconverged_hf,skipped_nonconverged_hf,nan,nan,False,False,True,True,False,0.9999999999999999,-1.0000000000000007,1.7448876377473456e-16,25.21380348692612,25.213803486926125,0.6679441944489408,False,False
22,15,20,0.05,0.1,invalid_reference_chern,skipped_invalid_reference_chern,nan,nan,False,True,False,False,True,0.9999999999999997,-0.9999999999999994,3.0157708057084687,25.151870694160788,25.15187069416079,0.5732039198914252,False,False
22,16,0,0.06,-0.1,ok,ok,-0.057831949010294745,0.6504503130882062,False,True,False,True,False,0.9999999999999994,-0.9999999999999997,1.3216936302296285e-13,24.003658320363826,24.00365832036382,1.8817141676209566,False,False
22,16,1,0.06,-0.09,ok,ok,-0.05747079542523534,0.17292290970658578,False,True,False,True,False,1.0000000000000002,-1.0000000000000002,1.447717547279737e-17,24.27588108846511,24.27588108846511,0.17274540134862348,False,False
22,16,2,0.06,-0.08,ok,ok,-0.0615512836143253,1.728531291953873,False,True,False,True,False,0.9999999999999999,-1.0,-6.623392127762425e-09,24.537409606441564,24.537409606441553,1.7323620399357476,False,False
22,16,3,0.06,-0.07,ok,ok,-0.05348071195167581,1.5678323705145158,False,True,False,True,False,0.9999999999999997,-1.0,-7.13433588446591e-11,24.788747365318933,24.788747365318926,1.7585268145530244,False,False
22,16,4,0.06,-0.06,nonconverged_hf,skipped_nonconverged_hf,nan,nan,False,False,True,True,False,0.9999999999999997,-0.9999999999999991,-1.545928517576085e-08,25.030359037434966,25.030359037434966,1.8473448537064552,False,False
22,16,5,0.06,-0.05,nonconverged_hf,skipped_nonconverged_hf,nan,nan,False,False,True,True,False,0.9999999999999997,-0.9999999999999993,1.0634251929141338e-06,25.262675953819898,25.262675953819894,1.9610767987919087,False,False
22,16,6,0.06,-0.04,invalid_reference_chern,skipped_invalid_reference_chern,nan,nan,False,True,False,False,True,1.0,-1.0000000000000004,-2.015967800064532,25.486100571367817,25.486100571367825,0.9254504059614977,False,False
22,16,7,0.06,-0.03,invalid_reference_chern,skipped_invalid_reference_chern,nan,nan,False,True,False,False,True,0.9999999999999997,-1.0,0.9884707052346677,25.701010135729113,25.701010135729113,0.952749878002361,False,False
22,16,8,0.06,-0.02,invalid_reference_chern,skipped_invalid_reference_chern,nan,nan,False,True,False,False,True,1.0000000000000002,-1.0000000000000004,2.3507246079501822,25.907759699970228,25.907759699970235,0.9782557017213869,False,False
22,16,9,0.06,-0.01,invalid_reference_chern,skipped_invalid_reference_chern,nan,nan,False,True,False,False,True,1.0000000000000002,-1.0000000000000002,-2.073396756519457,25.97352105084354,25.973521050843544,0.9701970905674562,False,False
22,16,10,0.06,0.0,invalid_reference_chern,skipped_invalid_reference_chern,nan,nan,False,True,False,False,True,0.9999999999999994,-0.9999999999999994,-3.1442979477113635,25.881888906633872,25.88188890663387,0.9203860204854086,False,False
22,16,11,0.06,0.01,invalid_reference_chern,skipped_invalid_reference_chern,nan,nan,False,True,False,False,True,1.0000000000000002,-1.0000000000000007,2.9887969727673425,25.79381232938488,25.793812329384895,0.8741215063864772,False,False
22,16,12,0.06,0.02,invalid_reference_chern,skipped_invalid_reference_chern,nan,nan,False,True,False,False,True,1.0000000000000007,-1.0000000000000004,-0.0179704486848922,25.70918576486282,25.709185764862816,0.8310478494329814,False,False
22,16,13,0.06,0.03,invalid_reference_chern,skipped_invalid_reference_chern,nan,nan,False,True,False,False,True,0.9999999999999997,-0.9999999999999997,0.03641568926374741,25.62790299934661,25.627902999346603,0.7908538616385756,False,False
22,16,14,0.06,0.04,invalid_reference_chern,skipped_invalid_reference_chern,nan,nan,False,True,False,False,True,1.0000000000000009,-1.0000000000000007,-0.021775429832724787,25.54985749549627,25.549857495496276,0.7532663810785034,False,False
22,16,15,0.06,0.05,invalid_reference_chern,skipped_invalid_reference_chern,nan,nan,False,True,False,False,True,0.9999999999999996,-0.9999999999999994,0.3492952787872618,25.474942717358523,25.47494271735852,2.8566478304126854,False,False
22,16,16,0.06,0.06,invalid_reference_chern,skipped_invalid_reference_chern,nan,nan,False,True,False,False,True,0.9999999999999999,-0.9999999999999994,0.009749228098516157,25.403052442213557,25.40305244221355,0.6849766826123553,False,False
22,16,17,0.06,0.07,invalid_reference_chern,skipped_invalid_reference_chern,nan,nan,False,True,False,False,True,1.0,-1.0,2.001079068708661,25.334081057223752,25.334081057223763,0.653873544335972,False,False
22,16,18,0.06,0.08,invalid_reference_chern,skipped_invalid_reference_chern,nan,nan,False,True,False,False,True,0.9999999999999994,-0.9999999999999997,-1.9670015888775074,25.267923839125324,25.26792383912532,0.6245679679231599,False,False
22,16,19,0.06,0.09,invalid_reference_chern,skipped_invalid_reference_chern,nan,nan,False,False,True,False,True,1.0000000000000013,-1.0000000000000009,1.0,25.20447721550165,25.20447721550165,0.6676746108278667,False,False
22,16,20,0.06,0.1,invalid_reference_chern,skipped_invalid_reference_chern,nan,nan,False,True,False,False,True,1.0000000000000007,-1.0000000000000007,-2.9288689547894577,25.14363900648324,25.14363900648324,0.5707681328063439,False,False
22,17,0,0.07,-0.1,ok,ok,-0.057392093991346,0.2082178872500224,False,True,False,True,False,1.0000000000000002,-0.9999999999999997,3.50762539191025e-17,24.074860182512946,24.074860182512946,0.20809793875548302,False,False
22,17,1,0.07,-0.09,ok,ok,-0.05747920763436304,0.16478735428563215,False,True,False,True,False,0.9999999999999994,-0.9999999999999999,2.346982836542576e-17,24.3438693306114,24.3438693306114,0.16459344336445522,False,False
22,17,2,0.07,-0.08,ok,ok,-0.061756250712872385,1.7278638260306616,False,True,False,True,False,0.9999999999999994,-0.9999999999999994,-7.975137484832288e-09,24.60232901896234,24.60232901896234,1.7316827643986739,False,False
22,17,3,0.07,-0.07,ok,ok,-0.06075400652416875,1.7571299225172492,False,True,False,True,False,0.9999999999999997,-0.9999999999999997,5.551505891547728e-11,24.85073256966462,24.85073256966462,1.761048754641629,False,False
22,17,4,0.07,-0.06,invalid_reference_chern,skipped_invalid_reference_chern,nan,nan,False,False,True,False,True,0.9999999999999996,-0.9999999999999996,1.0004460317522168,25.08953599208976,25.08953599208977,1.8760131936988047,False,False
22,17,5,0.07,-0.05,invalid_reference_chern,skipped_invalid_reference_chern,nan,nan,False,False,True,False,True,0.9999999999999999,-1.0000000000000002,0.9989579317994931,25.31916315953861,25.319163159538622,1.9415775929575274,False,False
22,17,6,0.07,-0.04,invalid_reference_chern,skipped_invalid_reference_chern,nan,nan,False,True,False,False,True,0.9999999999999991,-0.999999999999999,-0.03597862293498358,25.54001003955921,25.54001003955921,0.9304281243696069,False,False
22,17,7,0.07,-0.03,invalid_reference_chern,skipped_invalid_reference_chern,nan,nan,False,True,False,False,True,0.9999999999999997,-0.9999999999999996,-2.0138184490033835,25.752448169405092,25.752448169405092,0.9573022271214251,False,False
22,17,8,0.07,-0.02,invalid_reference_chern,skipped_invalid_reference_chern,nan,nan,False,True,False,False,True,1.0000000000000004,-1.0000000000000004,-0.011359182762018182,25.956827525784472,25.956827525784476,0.9824285563499137,False,False
22,17,9,0.07,-0.01,invalid_reference_chern,skipped_invalid_reference_chern,nan,nan,False,True,False,False,True,0.9999999999999996,-0.9999999999999996,-2.9821425763722496,25.951053149323922,25.951053149323922,0.9626560930376936,False,False
22,17,10,0.07,0.0,invalid_reference_chern,skipped_invalid_reference_chern,nan,nan,False,True,False,False,True,0.9999999999999997,-1.0,0.06217248141262501,25.860986571695197,25.860986571695207,0.9136112186436276,False,False
22,17,11,0.07,0.01,invalid_reference_chern,skipped_invalid_reference_chern,nan,nan,False,True,False,False,True,1.0000000000000007,-1.0000000000000007,3.02266435560303,25.774425363906385,25.77442536390638,0.8680277502629916,False,False
22,17,12,0.07,0.02,invalid_reference_chern,skipped_invalid_reference_chern,nan,nan,False,True,False,False,True,1.0000000000000013,-1.0000000000000013,0.007906711967159889,25.691263764576796,25.691263764576796,0.82556127216657,False,False
22,17,13,0.07,0.03,invalid_reference_chern,skipped_invalid_reference_chern,nan,nan,False,True,False,False,True,1.0000000000000004,-1.0000000000000002,-2.051304372202086,25.611395531871523,25.61139553187152,0.7859101574693356,False,False
22,17,14,0.07,0.04,invalid_reference_chern,skipped_invalid_reference_chern,nan,nan,False,True,False,False,True,0.9999999999999984,-0.9999999999999989,-1.0706157370616776,25.534714270371083,25.53471427037109,0.7488093737083217,False,False
22,17,15,0.07,0.05,invalid_reference_chern,skipped_invalid_reference_chern,nan,nan,False,True,False,False,True,0.9999999999999988,-0.9999999999999999,2.043276990567611,25.461113746121733,25.461113746121733,0.7140252859339432,False,False
22,17,16,0.07,0.06,invalid_reference_chern,skipped_invalid_reference_chern,nan,nan,False,True,False,False,True,1.0,-0.9999999999999997,-0.030400206250007774,25.390488187748257,25.39048818774825,0.681351284441579,False,False
22,17,17,0.07,0.07,invalid_reference_chern,skipped_invalid_reference_chern,nan,nan,False,True,False,False,True,1.0000000000000002,-1.0,2.0164219316355956,25.32273257176824,25.32273257176824,0.650604095613192,False,False
22,17,18,0.07,0.08,invalid_reference_chern,skipped_invalid_reference_chern,nan,nan,False,True,False,False,True,1.0000000000000007,-1.0000000000000009,-2.0718806316495195,25.25774289052427,25.257742890524263,0.621620659932423,False,False
22,17,19,0.07,0.09,ok,ok,-0.06428816807603877,0.5941228204832534,False,True,False,True,False,0.9999999999999993,-0.9999999999999996,-0.004455624844066627,25.1954164014406,25.1954164014406,0.5942554820847232,False,False
22,17,20,0.07,0.1,nonconverged_hf,skipped_nonconverged_hf,nan,nan,False,False,True,True,False,0.9999999999999999,-1.0,1.3804490804963186e-16,25.135651856608487,25.135651856608487,0.6673750040743269,False,False
22,18,0,0.08,-0.1,ok,ok,-0.057401661489570724,0.19932561484741004,False,True,False,True,False,0.9999999999999986,-0.9999999999999984,5.383845436252596e-17,24.145178956286458,24.145178956286458,0.19919232843208978,False,False
22,18,1,0.08,-0.09,ok,ok,-0.059178302843239015,1.6829945080818878,False,True,False,True,False,0.9999999999999996,-0.9999999999999996,-1.9222388938331787e-11,24.411008136584545,24.411008136584538,1.747035990740585,False,False
22,18,2,0.08,-0.08,ok,ok,-0.05625645032781958,0.5475478776755244,False,True,False,True,False,1.0000000000000004,-1.0000000000000002,-7.1570729896634174e-12,24.666430656131478,24.666430656131467,1.7174172232575118,False,False
22,18,3,0.08,-0.07,invalid_reference_chern,skipped_invalid_reference_chern,nan,nan,False,True,False,False,True,1.0000000000000007,-1.0000000000000007,-1.0000000170051841,24.911930017011112,24.91193001701112,1.7747279371096492,False,False
22,18,4,0.08,-0.06,nonconverged_hf,skipped_nonconverged_hf,nan,nan,False,False,True,True,False,1.0000000000000004,-1.0000000000000002,4.56765958581606e-05,25.147953831888014,25.147953831888014,1.9166000500983982,False,False
22,18,5,0.08,-0.05,invalid_reference_chern,skipped_invalid_reference_chern,nan,nan,False,False,True,False,True,1.0000000000000007,-1.0000000000000009,-1.0001074784509618,25.374918718861185,25.374918718861185,1.9256767502929364,False,False
22,18,6,0.08,-0.04,invalid_reference_chern,skipped_invalid_reference_chern,nan,nan,False,True,False,False,True,0.9999999999999991,-0.999999999999999,-2.976229663162658,25.593214309450474,25.59321430945048,0.935308796371597,False,False
22,18,7,0.08,-0.03,invalid_reference_chern,skipped_invalid_reference_chern,nan,nan,False,True,False,False,True,1.0000000000000002,-1.0,0.01530912723307322,25.803206547838077,25.803206547838084,0.9617677604708402,False,False
22,18,8,0.08,-0.02,invalid_reference_chern,skipped_invalid_reference_chern,nan,nan,False,True,False,False,True,0.9999999999999994,-0.9999999999999997,-2.0542208633025503,26.005240420416804,26.005240420416794,0.9865232408011572,False,False
22,18,9,0.08,-0.01,invalid_reference_chern,skipped_invalid_reference_chern,nan,nan,False,True,False,False,True,0.9999999999999996,-0.9999999999999996,2.9717921025494394,25.92907131406067,25.92907131406067,0.9552722209972921,False,False
22,18,10,0.08,0.0,invalid_reference_chern,skipped_invalid_reference_chern,nan,nan,False,True,False,False,True,1.0,-1.0000000000000002,0.0561754544311347,25.8405469199832,25.84054691998321,0.9069749345485145,False,False
22,18,11,0.08,0.01,invalid_reference_chern,skipped_invalid_reference_chern,nan,nan,False,True,False,False,True,0.9999999999999997,-0.9999999999999999,2.0170284435769634,25.755477642140153,25.755477642140168,0.8620565097566523,False,False
22,18,12,0.08,0.02,ok,ok,-0.0646107202638234,0.8199363249370347,False,True,False,True,False,0.9999999999999997,-0.9999999999999997,0.004707642150250097,25.673757602116773,25.673757602116762,0.8201833935133295,False,False
22,18,13,0.08,0.03,invalid_reference_chern,skipped_invalid_reference_chern,nan,nan,False,True,False,False,True,1.0,-1.0,0.9737478349343583,25.595280614171983,25.595280614171983,0.7810631740806029,False,False
22,18,14,0.08,0.04,invalid_reference_chern,skipped_invalid_reference_chern,nan,nan,False,True,False,False,True,0.9999999999999994,-0.9999999999999997,-0.058551142490753855,25.519940502781573,25.519940502781584,0.7444386629662915,False,False
22,18,15,0.08,0.05,invalid_reference_chern,skipped_invalid_reference_chern,nan,nan,False,True,False,False,True,1.0000000000000009,-1.0000000000000007,-1.0209009931336872,25.44763140750246,25.447631407502456,0.7100829246135817,False,False
22,18,16,0.08,0.06,invalid_reference_chern,skipped_invalid_reference_chern,nan,nan,False,True,False,False,True,0.9999999999999999,-0.9999999999999994,-0.008231850077818697,25.378248073214433,25.37824807321443,0.6777950903855396,False,False
22,18,17,0.08,0.07,ok,ok,-0.0643879806719739,0.6472353489072207,False,True,False,True,False,1.0000000000000004,-1.0000000000000007,-0.0036912858882600743,25.31168612405119,25.31168612405119,0.6473968228748317,False,False
22,18,18,0.08,0.08,invalid_reference_chern,skipped_invalid_reference_chern,nan,nan,False,True,False,False,True,1.0000000000000002,-1.0000000000000004,2.034940305851327,25.2478423196037,25.24784231960368,0.6187293207065762,False,False
22,18,19,0.08,0.09,invalid_reference_chern,skipped_invalid_reference_chern,nan,nan,False,True,False,False,True,1.0000000000000007,-1.0000000000000004,0.012241383995697247,25.186614792264578,25.186614792264574,0.5916507736707276,False,False
22,18,20,0.08,0.1,invalid_reference_chern,skipped_invalid_reference_chern,nan,nan,False,False,True,False,True,0.9999999999999983,-0.999999999999999,-1.0000000000000004,25.127903264868348,25.127903264868333,0.667355572172434,False,False
22,19,0,0.09,-0.1,ok,ok,-0.05741097081340148,0.19065221456568232,False,True,False,True,False,0.9999999999999999,-1.0,-1.0119975114463862e-16,24.214617932962046,24.21461793296205,0.1905049997439297,False,False
22,19,1,0.09,-0.09,ok,ok,-0.059385668898379124,1.7124906992101194,False,True,False,True,False,0.9999999999999996,-0.9999999999999997,3.0539592180875936e-11,24.477300806882766,24.47730080688277,1.741677734984158,False,False
22,19,2,0.09,-0.08,ok,ok,-0.06218541202497215,1.7317877959434234,False,True,False,True,False,0.9999999999999996,-0.9999999999999996,1.1432194669794456e-08,24.729717878806376,24.729717878806373,1.7356073756471633,False,False
22,19,3,0.09,-0.07,ok,ok,-0.06330173086492946,1.7574332679343176,False,True,False,True,False,0.999999999999999,-0.9999999999999988,4.994228076356284e-08,24.972343159554708,24.972343159554704,1.7912895783559888,False,False
22,19,4,0.09,-0.06,invalid_reference_chern,skipped_invalid_reference_chern,nan,nan,False,False,True,False,True,1.0000000000000002,-1.0000000000000002,1.1256306492258776,25.20561611647618,25.205616116476186,1.9698388781907605,False,False
22,19,5,0.09,-0.05,nonconverged_hf,skipped_nonconverged_hf,nan,nan,False,False,True,True,False,1.0000000000000007,-1.0000000000000004,1.0292149168217523e-09,25.429946304132415,25.429946304132415,1.9133597708802905,False,False
22,19,6,0.09,-0.04,invalid_reference_chern,skipped_invalid_reference_chern,nan,nan,False,True,False,False,True,0.9999999999999991,-0.9999999999999991,-0.014518738917811238,25.64571716351618,25.64571716351618,0.9400940795819377,False,False
22,19,7,0.09,-0.03,invalid_reference_chern,skipped_invalid_reference_chern,nan,nan,False,True,False,False,True,0.9999999999999996,-0.9999999999999994,-2.001066010586433,25.853289155567847,25.853289155567854,0.9661478391314389,False,False
22,19,8,0.09,-0.02,invalid_reference_chern,skipped_invalid_reference_chern,nan,nan,False,True,False,False,True,1.0000000000000009,-1.0000000000000007,-2.2439310779696946,25.998083757969518,25.998083757969514,0.9905408860327778,False,False
22,19,9,0.09,-0.01,invalid_reference_chern,skipped_invalid_reference_chern,nan,nan,False,True,False,False,True,0.9999999999999996,-0.9999999999999996,0.020820782715613592,25.907567866128012,25.907567866128005,0.9480426770234073,False,False
22,19,10,0.09,0.0,invalid_reference_chern,skipped_invalid_reference_chern,nan,nan,False,True,False,False,True,0.999999999999999,-0.9999999999999991,0.01176607498285969,25.82056227245493,25.82056227245492,0.9004748460391694,False,False
22,19,11,0.09,0.01,invalid_reference_chern,skipped_invalid_reference_chern,nan,nan,False,True,False,False,True,0.9999999999999988,-0.9999999999999989,1.9992916748325076,25.73696152782255,25.736961527822544,0.8562058502081259,False,False
22,19,12,0.09,0.02,invalid_reference_chern,skipped_invalid_reference_chern,nan,nan,False,True,False,False,True,1.0000000000000002,-1.0000000000000004,1.9729085298522657,25.656659723541225,25.656659723541225,0.8149125955597587,False,False
22,19,13,0.09,0.03,invalid_reference_chern,skipped_invalid_reference_chern,nan,nan,False,True,False,False,True,0.9999999999999997,-1.0000000000000002,-2.9944914219090255,25.57955081073294,25.57955081073294,0.7763115531277176,False,False
22,19,14,0.09,0.04,invalid_reference_chern,skipped_invalid_reference_chern,nan,nan,False,True,False,False,True,0.9999999999999979,-0.9999999999999984,2.0263521936796365,25.505528908266854,25.505528908266854,0.7401531037629921,False,False
22,19,15,0.09,0.05,invalid_reference_chern,skipped_invalid_reference_chern,nan,nan,False,True,False,False,True,0.9999999999999997,-0.9999999999999999,-2.9880936523534625,25.43448859725087,25.43448859725087,0.7062167836799015,False,False
22,19,16,0.09,0.06,invalid_reference_chern,skipped_invalid_reference_chern,nan,nan,False,True,False,False,True,1.0000000000000004,-1.0000000000000002,1.0311395733554647,25.366325200305184,25.366325200305194,0.674307276046283,False,False
22,19,17,0.09,0.07,invalid_reference_chern,skipped_invalid_reference_chern,nan,nan,False,True,False,False,True,0.999999999999999,-0.9999999999999991,0.05482733421731653,25.300935044095464,25.30093504409547,0.644251021789422,False,False
22,19,18,0.09,0.08,invalid_reference_chern,skipped_invalid_reference_chern,nan,nan,False,False,True,False,True,1.0000000000000009,-1.0000000000000002,-0.9999999999999981,25.23821570386932,25.23821570386931,0.6675216798990818,False,False
22,19,19,0.09,0.09,invalid_reference_chern,skipped_invalid_reference_chern,nan,nan,False,True,False,False,True,1.0000000000000002,-0.9999999999999994,-2.006724734545111,25.17806622901893,25.178066229018935,0.5890960112987507,False,False
22,19,20,0.09,0.1,nonconverged_hf,skipped_nonconverged_hf,nan,nan,False,False,True,True,False,0.9999999999999993,-0.9999999999999996,-1.1374900423289665e-16,25.120387348966304,25.120387348966304,0.6674716921181569,False,False
22,20,0,0.1,-0.1,ok,ok,-0.05742003566069111,0.182191257013042,False,True,False,True,False,0.9999999999999981,-0.9999999999999979,-2.7084811996149194e-17,24.28318065026628,24.28318065026628,0.18202945507888846,False,False
22,20,1,0.1,-0.09,ok,ok,-0.059618779782266346,1.7337345809508453,False,True,False,True,False,1.0000000000000007,-1.0000000000000004,-3.1494074846199006e-11,24.54275088216851,24.542750882168512,1.7375883157845062,False,False
22,20,2,0.1,-0.08,ok,ok,-0.06241000384047135,1.7366936932269292,False,True,False,True,False,1.0000000000000007,-1.0000000000000009,1.3728139526720604e-08,24.792194277691976,24.792194277691983,1.7405271915778184,False,False
22,20,3,0.1,-0.07,nonconverged_hf,skipped_nonconverged_hf,nan,nan,False,False,True,True,False,1.0000000000000007,-1.0000000000000009,-2.1775842521807953e-07,25.0319756663656,25.0319756663656,1.8108701560606393,False,False
22,20,4,0.1,-0.06,invalid_reference_chern,skipped_invalid_reference_chern,nan,nan,False,False,True,False,True,1.0000000000000002,-1.0000000000000002,1.122526588000662,25.262526607761707,25.2625266077617,2.0118402726379196,False,False
22,20,5,0.1,-0.05,nonconverged_hf,skipped_nonconverged_hf,nan,nan,False,False,True,True,False,1.0,-1.0000000000000002,-0.00010965129201024275,25.484249774460718,25.484249774460718,1.9479679736709872,False,False
22,20,6,0.1,-0.04,invalid_reference_chern,skipped_invalid_reference_chern,nan,nan,False,True,False,False,True,1.0000000000000004,-1.0000000000000004,-2.9819765039325805,25.697522555168423,25.69752255516842,0.9447855939493731,False,False
22,20,7,0.1,-0.03,invalid_reference_chern,skipped_invalid_reference_chern,nan,nan,False,True,False,False,True,0.9999999999999993,-0.9999999999999994,0.030397083141160845,25.90270003232612,25.90270003232612,0.9704437980466896,False,False
22,20,8,0.1,-0.02,invalid_reference_chern,skipped_invalid_reference_chern,nan,nan,False,True,False,False,True,1.0000000000000002,-1.0000000000000002,0.17637961577518627,25.975505439316674,25.975505439316674,0.9913995279786995,False,False
22,20,9,0.1,-0.01,invalid_reference_chern,skipped_invalid_reference_chern,nan,nan,False,True,False,False,True,1.0000000000000007,-1.0000000000000002,-3.043894357275405,25.88653510636614,25.88653510636614,0.9409647211026922,False,False
22,20,10,0.1,0.0,invalid_reference_chern,skipped_invalid_reference_chern,nan,nan,False,True,False,False,True,0.9999999999999989,-0.999999999999999,3.0295958352786996,25.801024948927186,25.80102494892718,0.8941086742672304,False,False
22,20,11,0.1,0.01,invalid_reference_chern,skipped_invalid_reference_chern,nan,nan,False,True,False,False,True,0.9999999999999996,-0.9999999999999997,0.017365065490853263,25.71886940090493,25.718869400904918,0.8504738694083468,False,False
22,20,12,0.1,0.02,invalid_reference_chern,skipped_invalid_reference_chern,nan,nan,False,True,False,False,True,0.999999999999999,-0.999999999999999,-2.9702867440189333,25.639962606731007,25.639962606731032,0.809747284479449,False,False
22,20,13,0.1,0.03,invalid_reference_chern,skipped_invalid_reference_chern,nan,nan,False,True,False,False,True,0.9999999999999993,-0.9999999999999993,-2.034170006978297,25.564198731732503,25.564198731732493,0.7716539539280654,False,False
22,20,14,0.1,0.04,invalid_reference_chern,skipped_invalid_reference_chern,nan,nan,False,True,False,False,True,1.0000000000000002,-0.9999999999999997,2.020393746390174,25.491472260223784,25.491472260223777,0.7359515637486952,False,False
22,20,15,0.1,0.05,invalid_reference_chern,skipped_invalid_reference_chern,nan,nan,False,True,False,False,True,0.9999999999999999,-1.0000000000000002,-0.018162920437994952,25.421678279480776,25.421678279480794,0.7024259026756502,False,False
22,20,16,0.1,0.06,invalid_reference_chern,skipped_invalid_reference_chern,nan,nan,False,True,False,False,True,1.0000000000000002,-1.0000000000000002,-1.997347917251399,25.35471274798567,25.354712747985666,0.6708870231528729,False,False
22,20,17,0.1,0.07,invalid_reference_chern,skipped_invalid_reference_chern,nan,nan,False,True,False,False,True,0.9999999999999983,-0.9999999999999984,-0.07375655149364801,25.290472746580527,25.29047274658053,0.641165991995904,False,False
22,20,18,0.1,0.08,invalid_reference_chern,skipped_invalid_reference_chern,nan,nan,False,True,False,False,True,1.000000000000001,-1.0000000000000009,-0.9812803591411753,25.228856711427653,25.22885671142764,0.6131121321313546,False,False
22,20,19,0.1,0.09,invalid_reference_chern,skipped_invalid_reference_chern,nan,nan,False,True,False,False,True,0.9999999999999997,-0.9999999999999996,0.025416717818661085,25.169764647943904,25.169764647943893,0.5865906743188607,False,False
22,20,20,0.1,0.1,invalid_reference_chern,skipped_invalid_reference_chern,nan,nan,False,True,False,False,True,0.9999999999999999,-0.9999999999999997,-2.9417813264402577,25.11309832514084,25.113098325140843,0.5614807520454983,False,False
24,0,0,-0.1,-0.1,ok,ok,-0.053027116706663206,-1.722952888222137,True,True,False,True,False,0.9999999999999991,-0.9999999999999993,1.357585392600648e-17,22.7420271564839,22.742027156483907,1.436127167151407,False,False
24,0,1,-0.1,-0.09,ok,ok,-0.048595494653741994,-2.010994891919812,True,True,False,True,False,0.9999999999999994,-0.9999999999999988,-1.4878307633454254e-14,23.070108724216155,23.070108724216144,1.630483908519642,False,False
24,0,2,-0.1,-0.08,ok,ok,-0.059139717310211046,1.2817412545538356,False,True,False,True,False,0.9999999999999991,-0.999999999999999,1.5364360259399957e-09,23.38485012733422,23.38485012733422,1.5736267316126944,False,False
24,0,3,-0.1,-0.07,invalid_reference_chern,skipped_invalid_reference_chern,nan,nan,False,True,False,False,True,0.9999999999999994,-0.9999999999999994,-0.007936924249556063,23.686989051601493,23.686989051601483,0.7611636088955976,False,False
24,0,4,-0.1,-0.06,invalid_reference_chern,skipped_invalid_reference_chern,nan,nan,False,True,False,False,True,0.9999999999999991,-0.9999999999999983,1.4134889272081452,23.977182533647365,23.977182533647362,0.8049503498915215,False,False
24,0,5,-0.1,-0.05,ok,ok,-0.0569784817037238,1.496414092363235,False,True,False,True,False,1.0000000000000004,-1.0000000000000004,-4.1851903042723524e-14,24.256021468715524,24.256021468715524,1.4991935361374085,False,False
24,0,6,-0.1,-0.04,invalid_reference_chern,skipped_invalid_reference_chern,nan,nan,False,True,False,False,True,1.0,-1.0000000000000007,2.3632381934988547,24.524042054054565,24.52404205405456,0.8812286778192852,False,False
24,0,7,-0.1,-0.03,invalid_reference_chern,skipped_invalid_reference_chern,nan,nan,False,True,False,False,True,1.0,-1.0,0.00606163000565694,24.781734877425162,24.781734877425173,0.914783424666728,False,False
24,0,8,-0.1,-0.02,invalid_reference_chern,skipped_invalid_reference_chern,nan,nan,False,True,False,False,True,0.9999999999999991,-0.9999999999999993,-0.03450726792132023,25.029552178781046,25.029552178781046,0.8469624722645414,False,False
24,0,9,-0.1,-0.01,invalid_reference_chern,skipped_invalid_reference_chern,nan,nan,False,True,False,False,True,0.9999999999999993,-0.9999999999999999,-2.9776283028406634,25.267913683058527,25.267913683058527,0.7829241465963221,False,False
24,0,10,-0.1,0.0,invalid_reference_chern,skipped_invalid_reference_chern,nan,nan,False,True,False,False,True,0.9999999999999997,-0.9999999999999994,-0.23001365826426717,25.497211307290257,25.497211307290257,0.7243008954268967,False,False
24,0,11,-0.1,0.01,invalid_reference_chern,skipped_invalid_reference_chern,nan,nan,False,True,False,False,True,0.9999999999999999,-0.9999999999999996,0.0133747650257675,25.717812975366098,25.7178129753661,0.6704475695369658,False,False
24,0,12,-0.1,0.02,invalid_reference_chern,skipped_invalid_reference_chern,nan,nan,False,True,False,False,True,0.9999999999999988,-0.9999999999999988,-2.988116922128661,25.93006572155365,25.93006572155365,0.6208144853181742,False,False
24,0,13,-0.1,0.03,invalid_reference_chern,skipped_invalid_reference_chern,nan,nan,False,True,False,False,True,0.9999999999999993,-0.9999999999999991,3.004685501035384,25.949702052157313,25.949702052157313,0.5749311552392626,False,False
24,0,14,-0.1,0.04,invalid_reference_chern,skipped_invalid_reference_chern,nan,nan,False,True,False,False,True,1.0000000000000009,-1.0000000000000009,2.985105150379591,25.845573377514505,25.845573377514505,0.5323930672857786,False,False
24,0,15,-0.1,0.05,invalid_reference_chern,skipped_invalid_reference_chern,nan,nan,False,True,False,False,True,1.0000000000000007,-1.0000000000000013,2.9756531594199704,25.74534519216056,25.745345192160563,0.4928509043508341,False,False
24,0,16,-0.1,0.06,invalid_reference_chern,skipped_invalid_reference_chern,nan,nan,False,True,False,False,True,1.0,-1.0000000000000002,-2.0224114867694722,25.648916826977942,25.648916826977942,0.4560017208900286,False,False
24,0,17,-0.1,0.07,ok,ok,-0.0643418840881693,0.4215437477472437,False,True,False,True,False,1.0000000000000002,-0.9999999999999991,-0.002300161600200989,25.556185185249696,25.556185185249696,0.4215816937819251,False,False
24,0,18,-0.1,0.08,invalid_reference_chern,skipped_invalid_reference_chern,nan,nan,False,True,False,False,True,0.999999999999999,-0.9999999999999994,-2.9713536775232785,25.46704516411869,25.46704516411869,0.3893601433258163,False,False
24,0,19,-0.1,0.09,invalid_reference_chern,skipped_invalid_reference_chern,nan,nan,False,True,False,False,True,0.999999999999999,-0.9999999999999993,-0.09059121011310768,25.381390076482024,25.381390076482006,0.3591345824880278,False,False
24,0,20,-0.1,0.1,invalid_reference_chern,skipped_invalid_reference_chern,nan,nan,False,True,False,False,True,1.0000000000000002,-1.0000000000000007,-2.9817659011035995,25.299112068885687,25.299112068885687,0.3307266015114049,False,False
24,1,0,-0.09,-0.1,ok,ok,-0.0574344214512516,0.14630950105874133,False,True,False,True,False,1.0000000000000007,-1.0000000000000004,2.7392228387507104e-17,22.827573974436707,22.82757397443671,0.1461092456848015,False,False
24,1,1,-0.09,-0.09,ok,ok,-0.058201874460130636,1.1849203408180906,False,True,False,True,False,1.0,-0.9999999999999994,-2.915470647507909e-11,23.15190781547741,23.151907815477415,1.6150282697486698,False,False
24,1,2,-0.09,-0.08,ok,ok,-0.058813970011083544,1.3036170419247144,False,True,False,True,False,0.9999999999999983,-0.9999999999999983,-2.91171172607519e-11,23.46309014269706,23.46309014269707,1.5635063547162062,False,False
24,1,3,-0.09,-0.07,ok,ok,-0.057475930890677665,1.490662919317598,False,True,False,True,False,0.999999999999999,-0.9999999999999989,2.761495299754193e-09,23.761838484914854,23.761838484914854,1.5720574268880603,False,False
24,1,4,-0.09,-0.06,invalid_reference_chern,skipped_invalid_reference_chern,nan,nan,False,True,False,False,True,0.9999999999999991,-0.9999999999999997,0.9878128793391049,24.04879371447147,24.048793714471465,0.8128869887986948,False,False
24,1,5,-0.09,-0.05,invalid_reference_chern,skipped_invalid_reference_chern,nan,nan,False,True,False,False,True,1.0,-1.0000000000000007,2.02825503466179,24.324533656696808,24.324533656696808,0.8519288313788084,False,False
24,1,6,-0.09,-0.04,invalid_reference_chern,skipped_invalid_reference_chern,nan,nan,False,True,False,False,True,0.9999999999999993,-0.9999999999999993,-0.04613602721599056,24.589583848245518,24.589583848245518,0.8877113687484531,False,False
24,1,7,-0.09,-0.03,invalid_reference_chern,skipped_invalid_reference_chern,nan,nan,False,True,False,False,True,0.9999999999999994,-0.9999999999999991,0.557437085598766,24.844426098735898,24.844426098735898,0.905100155510127,False,False
24,1,8,-0.09,-0.02,invalid_reference_chern,skipped_invalid_reference_chern,nan,nan,False,True,False,False,True,1.0000000000000007,-1.0000000000000007,-1.897041124671143,25.089505344377695,25.089505344377695,0.8362345898342345,False,False
24,1,9,-0.09,-0.01,invalid_reference_chern,skipped_invalid_reference_chern,nan,nan,False,True,False,False,True,1.0000000000000007,-1.0000000000000004,-0.04239683504300762,25.325235162923992,25.325235162923992,0.7733658797868987,False,False
24,1,10,-0.09,0.0,invalid_reference_chern,skipped_invalid_reference_chern,nan,nan,False,True,False,False,True,0.9999999999999997,-1.0,-0.09322602467483881,25.552002232098648,25.552002232098648,0.7157619336121398,False,False
24,1,11,-0.09,0.01,invalid_reference_chern,skipped_invalid_reference_chern,nan,nan,False,True,False,False,True,0.9999999999999999,-1.0000000000000002,-2.9331776875020314,25.770169949110844,25.770169949110848,0.6628010157468609,False,False
24,1,12,-0.09,0.02,invalid_reference_chern,skipped_invalid_reference_chern,nan,nan,False,True,False,False,True,1.0,-1.0000000000000002,-0.14734305769952738,25.980081380521046,25.980081380521053,0.6139526870535534,False,False
24,1,13,-0.09,0.03,invalid_reference_chern,skipped_invalid_reference_chern,nan,nan,False,True,False,False,True,1.0000000000000002,-1.0,-2.0726812989532872,25.925624443715588,25.925624443715588,0.5687623468282541,False,False
24,1,14,-0.09,0.04,invalid_reference_chern,skipped_invalid_reference_chern,nan,nan,False,True,False,False,True,0.9999999999999993,-0.9999999999999993,1.0004325183832354,25.823237498614823,25.823237498614823,0.5268386560381397,False,False
24,1,15,-0.09,0.05,invalid_reference_chern,skipped_invalid_reference_chern,nan,nan,False,True,False,False,True,1.0000000000000004,-1.0,-2.0172383488619516,25.72470305073429,25.724703050734295,0.4878432686808985,False,False
24,1,16,-0.09,0.06,invalid_reference_chern,skipped_invalid_reference_chern,nan,nan,False,True,False,False,True,1.0000000000000009,-1.0000000000000009,2.0734178393153924,25.629919368340804,25.6299193683408,0.45148241677550593,False,False
24,1,17,-0.09,0.07,invalid_reference_chern,skipped_invalid_reference_chern,nan,nan,False,True,False,False,True,1.0000000000000018,-1.0000000000000018,2.0160864367741134,25.538782527320244,25.53878252732025,0.4174999879752349,False,False
24,1,18,-0.09,0.08,invalid_reference_chern,skipped_invalid_reference_chern,nan,nan,False,True,False,False,True,0.9999999999999993,-0.9999999999999986,0.07016778508061262,25.45118682705165,25.451186827051657,0.3856718089479512,False,False
24,1,19,-0.09,0.09,invalid_reference_chern,skipped_invalid_reference_chern,nan,nan,False,True,False,False,True,1.0000000000000007,-1.0000000000000004,2.954270833364192,25.36702520470819,25.367025204708195,0.35580090608577963,False,False
24,1,20,-0.09,0.1,invalid_reference_chern,skipped_invalid_reference_chern,nan,nan,False,True,False,False,True,0.9999999999999986,-0.9999999999999986,2.062187950325097,25.286189643782304,25.286189643782294,0.3277135611824818,False,False
24,2,0,-0.08,-0.1,ok,ok,-0.05971504140109186,1.1023231253970645,False,True,False,True,False,0.9999999999999999,-1.0000000000000009,9.176905223643062e-10,22.912226235915355,22.912226235915355,1.5018831125411154,False,False
24,2,1,-0.08,-0.09,ok,ok,-0.05142951594315835,-0.5625520702301214,True,True,False,True,False,0.9999999999999989,-0.999999999999999,7.499275825305469e-14,23.232845819082062,23.232845819082065,1.6954954304017313,False,False
24,2,2,-0.08,-0.08,ok,ok,-0.06061128926228637,1.3264650159250677,False,True,False,True,False,1.0000000000000002,-0.9999999999999993,-1.8365292462275153e-09,23.54049878561925,23.54049878561925,1.5545048777328379,False,False
24,2,3,-0.08,-0.07,ok,ok,-0.06406745086345295,0.7137348527620584,False,True,False,True,False,0.9999999999999994,-0.9999999999999999,-0.0017974497593413847,23.83588347827771,23.83588347827771,0.778694189471705,False,False
24,2,4,-0.08,-0.06,invalid_reference_chern,skipped_invalid_reference_chern,nan,nan,False,True,False,False,True,0.9999999999999989,-0.9999999999999989,-1.0000000000323277,24.119625329124826,24.119625329124826,1.503963024715356,False,False
24,2,5,-0.08,-0.05,invalid_reference_chern,skipped_invalid_reference_chern,nan,nan,False,True,False,False,True,0.9999999999999993,-0.999999999999999,2.0304195657246207,24.39228963195042,24.39228963195042,0.8589443413697774,False,False
24,2,6,-0.08,-0.04,ok,ok,-0.05875633033147967,1.510839561082461,False,True,False,True,False,1.0000000000000002,-0.9999999999999997,-8.050655349216915e-10,24.654391660706768,24.654391660706768,1.7460752480922148,False,False
24,2,7,-0.08,-0.03,ok,ok,-0.06078699211123208,1.358041890558151,False,True,False,True,False,0.9999999999999991,-0.9999999999999994,-2.9115999521070655e-08,24.906404738000514,24.906404738000518,1.5571290409460286,False,False
24,2,8,-0.08,-0.02,invalid_reference_chern,skipped_invalid_reference_chern,nan,nan,False,True,False,False,True,0.999999999999999,-0.999999999999999,1.963257427102339,25.148766706109615,25.148766706109615,0.8257252766474926,False,False
24,2,9,-0.08,-0.01,invalid_reference_chern,skipped_invalid_reference_chern,nan,nan,False,True,False,False,True,0.9999999999999984,-0.999999999999999,0.0305687627566714,25.38188514346147,25.38188514346147,0.7639958110260924,False,False
24,2,10,-0.08,0.0,invalid_reference_chern,skipped_invalid_reference_chern,nan,nan,False,True,False,False,True,0.9999999999999991,-0.9999999999999991,2.085619702186454,25.606141589216076,25.606141589216072,0.707385894834623,False,False
24,2,11,-0.08,0.01,invalid_reference_chern,skipped_invalid_reference_chern,nan,nan,False,True,False,False,True,0.9999999999999986,-0.9999999999999989,1.934088730853905,25.821894978975507,25.821894978975504,0.6552962384965214,False,False
24,2,12,-0.08,0.02,invalid_reference_chern,skipped_invalid_reference_chern,nan,nan,False,True,False,False,True,0.9999999999999996,-0.9999999999999997,0.049591521331386015,26.006634230582236,26.006634230582232,0.6072148781129818,False,False
24,2,13,-0.08,0.03,invalid_reference_chern,skipped_invalid_reference_chern,nan,nan,False,True,False,False,True,1.0000000000000002,-1.0000000000000002,-0.011071258413692992,25.902061739944422,25.902061739944422,0.5627024861717386,False,False
24,2,14,-0.08,0.04,invalid_reference_chern,skipped_invalid_reference_chern,nan,nan,False,True,False,False,True,0.9999999999999991,-0.9999999999999991,-2.9957346054601364,25.80139360539722,25.80139360539722,0.5213804052860893,False,False
24,2,15,-0.08,0.05,invalid_reference_chern,skipped_invalid_reference_chern,nan,nan,False,True,False,False,True,0.9999999999999999,-1.0000000000000002,2.023121291113299,25.70452952365811,25.7045295236581,0.4829208656328149,False,False
24,2,16,-0.08,0.06,invalid_reference_chern,skipped_invalid_reference_chern,nan,nan,False,True,False,False,True,1.0000000000000002,-1.0000000000000007,2.0971580308650224,25.611366820416237,25.61136682041624,0.44703895811516525,False,False
24,2,17,-0.08,0.07,invalid_reference_chern,skipped_invalid_reference_chern,nan,nan,False,True,False,False,True,1.0000000000000007,-1.000000000000001,-0.014432438502437289,25.521800859074165,25.52180085907417,0.41348602298790327,False,False
24,2,18,-0.08,0.08,nonconverged_hf,skipped_nonconverged_hf,nan,nan,False,False,True,True,False,0.9999999999999996,-0.9999999999999999,4.4672782464635874e-07,25.43572545024832,25.43572545024833,0.5691979300454076,False,False
24,2,19,-0.08,0.09,invalid_reference_chern,skipped_invalid_reference_chern,nan,nan,False,True,False,False,True,0.9999999999999984,-0.9999999999999989,2.9421019268603286,25.353033257825476,25.353033257825476,0.3525218074078881,False,False
24,2,20,-0.08,0.1,ok,ok,-0.06414779373937055,0.3247903002483831,False,True,False,True,False,0.9999999999999997,-0.999999999999999,-0.004724887078932556,25.27361619759971,25.273616197599704,0.32474972807723546,False,False
24,3,0,-0.07,-0.1,invalid_reference_chern,skipped_invalid_reference_chern,nan,nan,False,True,False,False,True,0.9999999999999997,-1.0,-1.0000000000001983,22.995982101443097,22.995982101443097,1.5213954374726797,False,False
24,3,1,-0.07,-0.09,ok,ok,-0.06025221972085678,1.2224669210073174,False,True,False,True,False,0.9999999999999989,-1.0,1.3413048772654939e-09,23.31292084336672,23.31292084336672,1.601020275932136,False,False
24,3,2,-0.07,-0.08,ok,ok,-0.06391799767853451,0.6900215388823305,False,True,False,True,False,1.0000000000000007,-1.0000000000000002,-0.003789149291764917,23.61707429925287,23.617074299252877,0.7418823075472201,False,False
24,3,3,-0.07,-0.07,ok,ok,-0.05827236552165036,0.8566349082026822,False,True,False,True,False,0.9999999999999989,-0.9999999999999984,-1.3496977114650495e-13,23.909122534466903,23.9091225344669,1.5592219480821703,False,False
24,3,4,-0.07,-0.06,invalid_reference_chern,skipped_invalid_reference_chern,nan,nan,False,True,False,False,True,1.0000000000000002,-1.0000000000000002,1.8161357783448284,24.18967621921239,24.18967621921239,0.8282790729550764,False,False
24,3,5,-0.07,-0.05,invalid_reference_chern,skipped_invalid_reference_chern,nan,nan,False,True,False,False,True,1.0000000000000002,-0.9999999999999994,-0.8099995109861994,24.45928862063263,24.45928862063263,0.8658246311687249,False,False
24,3,6,-0.07,-0.04,invalid_reference_chern,skipped_invalid_reference_chern,nan,nan,False,True,False,False,True,0.9999999999999999,-0.9999999999999997,-0.8931660282562398,24.718465123358683,24.718465123358683,0.9003208306425955,False,False
24,3,7,-0.07,-0.03,invalid_reference_chern,skipped_invalid_reference_chern,nan,nan,False,True,False,False,True,0.9999999999999997,-0.9999999999999997,2.0195289601061353,24.967670836303782,24.967670836303775,0.8817078137864869,False,False
24,3,8,-0.07,-0.02,invalid_reference_chern,skipped_invalid_reference_chern,nan,nan,False,True,False,False,True,0.9999999999999993,-0.9999999999999993,0.0233255782504497,25.20733670485162,25.207336704851627,1.8892033341403538,False,False
24,3,9,-0.07,-0.01,invalid_reference_chern,skipped_invalid_reference_chern,nan,nan,False,True,False,False,True,0.9999999999999993,-0.9999999999999993,-2.010187490515021,25.437864446994585,25.437864446994585,0.7548106433074111,False,False
24,3,10,-0.07,0.0,invalid_reference_chern,skipped_invalid_reference_chern,nan,nan,False,True,False,False,True,0.9999999999999988,-0.9999999999999984,0.028878729086910426,25.6596305579935,25.659630557993506,0.6991701617841413,False,False
24,3,11,-0.07,0.01,invalid_reference_chern,skipped_invalid_reference_chern,nan,nan,False,True,False,False,True,0.9999999999999993,-0.9999999999999993,-2.983683947984965,25.872989573026196,25.872989573026192,0.6479311526951834,False,False
24,3,12,-0.07,0.02,invalid_reference_chern,skipped_invalid_reference_chern,nan,nan,False,True,False,False,True,1.0000000000000009,-1.0000000000000009,-0.03277191408689451,25.981835831567583,25.981835831567594,0.600599390985686,False,False
24,3,13,-0.07,0.03,invalid_reference_chern,skipped_invalid_reference_chern,nan,nan,False,True,False,False,True,0.9999999999999997,-0.9999999999999997,2.0092038084172734,25.87900685410188,25.879006854101885,0.5567502340810072,False,False
24,3,14,-0.07,0.04,invalid_reference_chern,skipped_invalid_reference_chern,nan,nan,False,True,False,False,True,1.0000000000000002,-0.9999999999999999,0.058208844346055576,25.780034449148356,25.780034449148356,0.5160172344731281,False,False
24,3,15,-0.07,0.05,invalid_reference_chern,skipped_invalid_reference_chern,nan,nan,False,True,False,False,True,1.0000000000000009,-1.0000000000000007,-2.9463531563357765,25.684817257807847,25.68481725780785,0.4780828187536629,False,False
24,3,16,-0.07,0.06,invalid_reference_chern,skipped_invalid_reference_chern,nan,nan,False,True,False,False,True,0.9999999999999999,-1.0,-0.9910878232914823,25.593251779988012,25.593251779988,0.4426706298015858,False,False
24,3,17,-0.07,0.07,invalid_reference_chern,skipped_invalid_reference_chern,nan,nan,False,True,False,False,True,0.9999999999999996,-0.9999999999999993,-0.02303268530201788,25.505232778005645,25.50523277800564,0.4095392114600402,False,False
24,3,18,-0.07,0.08,invalid_reference_chern,skipped_invalid_reference_chern,nan,nan,False,True,False,False,True,0.999999999999998,-0.9999999999999981,-2.003253677216545,25.420653678994057,25.42065367899405,0.37847678032474114,False,False
24,3,19,-0.07,0.09,invalid_reference_chern,skipped_invalid_reference_chern,nan,nan,False,True,False,False,True,1.0000000000000002,-1.0000000000000002,-3.015527647978905,25.33940697212631,25.3394069721263,0.34929688082439025,False,False
24,3,20,-0.07,0.1,invalid_reference_chern,skipped_invalid_reference_chern,nan,nan,False,True,False,False,True,0.9999999999999986,-0.9999999999999989,2.105439828626625,25.261384596908457,25.261384596908467,0.32183476052022014,False,False
24,4,0,-0.06,-0.1,ok,ok,-0.055076161354792694,-1.644232298683105,True,True,False,True,False,0.9999999999999991,-0.9999999999999994,1.553899056337979e-14,23.078840104218774,23.078840104218777,1.549670043620099,False,False
24,4,1,-0.06,-0.09,ok,ok,-0.05903379432197977,1.242451244327005,False,True,False,True,False,0.9999999999999993,-1.0000000000000002,1.3003517115759411e-09,23.392131387904357,23.392131387904364,1.5883797129683186,False,False
24,4,2,-0.06,-0.08,ok,ok,-0.06394285053716484,0.6928603436160475,False,True,False,True,False,0.9999999999999996,-1.0000000000000002,-0.00021941108590200977,23.69281532255323,23.692815322553233,0.7511750415688223,False,False
24,4,3,-0.06,-0.07,invalid_reference_chern,skipped_invalid_reference_chern,nan,nan,False,True,False,False,True,0.9999999999999997,-1.0000000000000007,-1.9933067639819666,23.98155454681517,23.981554546815165,0.7954769340924056,False,False
24,4,4,-0.06,-0.06,invalid_reference_chern,skipped_invalid_reference_chern,nan,nan,False,True,False,False,True,1.0000000000000002,-1.0000000000000004,0.13279942123395505,24.258945604849867,24.25894560484986,0.8357418506052332,False,False
24,4,5,-0.06,-0.05,invalid_reference_chern,skipped_invalid_reference_chern,nan,nan,False,True,False,False,True,1.0000000000000022,-1.000000000000001,-1.6164521737133544,24.525530210769393,24.52553021076939,0.8725724007166337,False,False
24,4,6,-0.06,-0.04,invalid_reference_chern,skipped_invalid_reference_chern,nan,nan,False,False,True,False,True,1.0000000000000002,-0.9999999999999994,-1.0578161883872887,24.781804210374187,24.781804210374187,1.9029645469474754,False,False
24,4,7,-0.06,-0.03,invalid_reference_chern,skipped_invalid_reference_chern,nan,nan,False,True,False,False,True,1.0000000000000002,-1.0000000000000002,-1.0443726411818504,25.028224755587026,25.028224755587026,0.8703814393303865,False,False
24,4,8,-0.06,-0.02,invalid_reference_chern,skipped_invalid_reference_chern,nan,nan,False,True,False,False,True,1.0,-0.9999999999999999,-1.977539022876941,25.265216080046052,25.26521608004606,0.8053457695380939,False,False
24,4,9,-0.06,-0.01,ok,ok,-0.06447790893810276,0.7455885623630697,False,True,False,True,False,1.0000000000000013,-1.0000000000000007,-0.0006072073165691687,25.49317417188622,25.49317417188622,0.7458071318082902,False,False
24,4,10,-0.06,0.0,invalid_reference_chern,skipped_invalid_reference_chern,nan,nan,False,True,False,False,True,1.000000000000001,-1.0000000000000013,-2.8845381612372782,25.71247057153225,25.712470571532243,0.6911121497708638,False,False
24,4,11,-0.06,0.01,invalid_reference_chern,skipped_invalid_reference_chern,nan,nan,False,True,False,False,True,0.9999999999999989,-0.9999999999999988,-1.0452353011664608,25.92345547137646,25.92345547137646,0.6407036917661594,False,False
24,4,12,-0.06,0.02,invalid_reference_chern,skipped_invalid_reference_chern,nan,nan,False,True,False,False,True,1.0000000000000002,-1.0,2.9435568074255944,25.957560833980644,25.957560833980644,0.5941045667063417,False,False
24,4,13,-0.06,0.03,invalid_reference_chern,skipped_invalid_reference_chern,nan,nan,False,True,False,False,True,0.9999999999999997,-0.9999999999999991,0.046369122364764655,25.856452609411825,25.85645260941183,0.5509042529048886,False,False
24,4,14,-0.06,0.04,invalid_reference_chern,skipped_invalid_reference_chern,nan,nan,False,True,False,False,True,0.9999999999999999,-0.9999999999999999,0.026080489924244905,25.759152716484532,25.759152716484532,0.5107480597753279,False,False
24,4,15,-0.06,0.05,invalid_reference_chern,skipped_invalid_reference_chern,nan,nan,False,True,False,False,True,1.0,-0.9999999999999999,0.00916178759176788,25.665558859006197,25.665558859006193,0.47332824513399585,False,False
24,4,16,-0.06,0.06,invalid_reference_chern,skipped_invalid_reference_chern,nan,nan,False,True,False,False,True,1.0000000000000002,-0.9999999999999999,2.9219687435943515,25.575566824569158,25.575566824569155,0.43837670825689146,False,False
24,4,17,-0.06,0.07,invalid_reference_chern,skipped_invalid_reference_chern,nan,nan,False,True,False,False,True,1.0,-0.9999999999999999,0.014518240050728649,25.489070882229242,25.489070882229242,0.405658956398701,False,False
24,4,18,-0.06,0.08,nonconverged_hf,skipped_nonconverged_hf,nan,nan,False,False,True,True,False,1.0000000000000002,-1.0000000000000007,-4.581155591739534e-07,25.405964177164787,25.405964177164783,0.5651528692522312,False,False
24,4,19,-0.06,0.09,nonconverged_hf,skipped_nonconverged_hf,nan,nan,False,False,True,True,False,1.0000000000000007,-1.0000000000000009,-2.2846276928460882e-07,25.32613911854156,25.326139118541565,0.5641563568080763,False,False
24,4,20,-0.06,0.1,invalid_reference_chern,skipped_invalid_reference_chern,nan,nan,False,True,False,False,True,1.0000000000000002,-1.0000000000000002,2.1112335904051376,25.24948775706435,25.249487757064355,0.2509376152452226,False,False
24,5,0,-0.05,-0.1,ok,ok,-0.059968665292024076,1.1511171153006472,False,True,False,True,False,1.0,-1.0000000000000002,-1.046165921400165e-09,23.160799145438283,23.16079914543829,1.583414678385218,False,False
24,5,1,-0.05,-0.09,ok,ok,-0.06012598638235196,1.0158011899871373,False,True,False,True,False,0.9999999999999997,-1.0,3.5114483260584843e-15,23.47047633600643,23.47047633600643,1.636983281240978,False,False
24,5,2,-0.05,-0.08,ok,ok,-0.06396599779465739,0.6956047086606184,False,True,False,True,False,0.9999999999999996,-1.0000000000000002,-8.078793208708272e-06,23.76772088093354,23.76772088093354,0.7602562570058129,False,False
24,5,3,-0.05,-0.07,invalid_reference_chern,skipped_invalid_reference_chern,nan,nan,False,True,False,False,True,1.0,-0.9999999999999996,-0.16349095569776056,24.053178788710667,24.053178788710667,0.803599886910759,False,False
24,5,4,-0.05,-0.06,invalid_reference_chern,skipped_invalid_reference_chern,nan,nan,False,True,False,False,True,0.9999999999999997,-1.0000000000000002,-0.60915311204827,24.327433073507596,24.3274330735076,0.8430537951584902,False,False
24,5,5,-0.05,-0.05,ok,ok,-0.05422987560112531,1.5468397939904228,False,True,False,True,False,1.0000000000000016,-1.0000000000000009,1.9427223375702557e-10,24.591014340807142,24.591014340807142,1.7072906707170041,False,False
24,5,6,-0.05,-0.04,invalid_reference_chern,skipped_invalid_reference_chern,nan,nan,False,True,False,False,True,1.0000000000000009,-0.9999999999999997,-1.0000000046635962,24.844409226700208,24.844409226700208,1.6526167097021423,False,False
24,5,7,-0.05,-0.03,invalid_reference_chern,skipped_invalid_reference_chern,nan,nan,False,True,False,False,True,0.9999999999999986,-0.999999999999998,-0.023458356325586235,25.088067167331683,25.088067167331683,0.8592948217040975,False,False
24,5,8,-0.05,-0.02,invalid_reference_chern,skipped_invalid_reference_chern,nan,nan,False,True,False,False,True,0.9999999999999993,-0.9999999999999993,0.028229838940438387,25.32240585868565,25.322405858685656,0.7954674787943024,False,False
24,5,9,-0.05,-0.01,invalid_reference_chern,skipped_invalid_reference_chern,nan,nan,False,True,False,False,True,1.0000000000000004,-1.0000000000000002,0.07058871143910145,25.54781568191682,25.54781568191682,0.7369820841482514,False,False
24,5,10,-0.05,0.0,invalid_reference_chern,skipped_invalid_reference_chern,nan,nan,False,True,False,False,True,0.999999999999999,-0.9999999999999989,0.014440129700292265,25.76466330652377,25.76466330652377,0.6832093074598468,False,False
24,5,11,-0.05,0.01,invalid_reference_chern,skipped_invalid_reference_chern,nan,nan,False,True,False,False,True,0.9999999999999994,-0.9999999999999994,2.5352587778911655,25.9732946365297,25.973294636529697,0.6336118087411886,False,False
24,5,12,-0.05,0.02,invalid_reference_chern,skipped_invalid_reference_chern,nan,nan,False,True,False,False,True,1.0000000000000007,-1.0000000000000002,2.9679105144949496,25.9338021511858,25.933802151185805,0.5877287560290623,False,False
24,5,13,-0.05,0.03,invalid_reference_chern,skipped_invalid_reference_chern,nan,nan,False,True,False,False,True,1.0000000000000002,-1.0,-2.15165507828934,25.834391750012188,25.834391750012195,0.5451632077664399,False,False
24,5,14,-0.05,0.04,ok,ok,-0.06438351558931059,0.5054799881633363,False,True,False,True,False,1.0,-1.0,0.004775586205814993,25.738741039481322,25.738741039481326,0.5055717953433575,False,False
24,5,15,-0.05,0.05,invalid_reference_chern,skipped_invalid_reference_chern,nan,nan,False,True,False,False,True,0.999999999999999,-0.9999999999999984,2.0899350863449158,25.646746901305775,25.64674690130578,0.4686562566133325,False,False
24,5,16,-0.05,0.06,invalid_reference_chern,skipped_invalid_reference_chern,nan,nan,False,True,False,False,True,0.9999999999999996,-0.9999999999999996,0.022688343926089573,25.558304520824816,25.55830452082482,2.6987222966978632,False,False
24,5,17,-0.05,0.07,invalid_reference_chern,skipped_invalid_reference_chern,nan,nan,False,True,False,False,True,0.9999999999999991,-0.9999999999999994,2.95892898414329,25.47330777804005,25.47330777804005,0.4018446522533786,False,False
24,5,18,-0.05,0.08,invalid_reference_chern,skipped_invalid_reference_chern,nan,nan,False,True,False,False,True,1.0000000000000004,-1.0000000000000007,-0.03947211497836753,25.391649633934442,25.391649633934442,0.37152064818612196,False,False
24,5,19,-0.05,0.09,invalid_reference_chern,skipped_invalid_reference_chern,nan,nan,False,True,False,False,True,1.0000000000000002,-1.0000000000000002,2.974134396707188,25.313222508513775,25.313222508513775,0.3430078707919379,False,False
24,5,20,-0.05,0.1,invalid_reference_chern,skipped_invalid_reference_chern,nan,nan,False,True,False,False,True,0.9999999999999997,-0.999999999999999,1.0236937803130293,25.237918647274757,25.237918647274764,0.31615000551334793,False,False
24,6,0,-0.04,-0.1,ok,ok,-0.04351286457251223,-2.3294698396035924,True,True,False,True,False,1.0000000000000002,-0.9999999999999994,2.4420972072037826e-13,23.241858488963107,23.24185848896311,1.6384375124676798,False,False
24,6,1,-0.04,-0.09,ok,ok,-0.041642575401318896,-1.4547287512415659,True,True,False,True,False,0.9999999999999988,-0.9999999999999983,8.620648908924317e-14,23.547954946789755,23.54795494678974,1.5417678596651994,False,False
24,6,2,-0.04,-0.08,ok,ok,-0.05604735368443765,0.27616476166685167,False,True,False,True,False,1.0000000000000009,-1.0000000000000007,2.9326467333425856e-14,23.841790376641317,23.841790376641317,1.505164168452123,False,False
24,6,3,-0.04,-0.07,invalid_reference_chern,skipped_invalid_reference_chern,nan,nan,False,True,False,False,True,1.0000000000000002,-1.0000000000000004,-2.9624649538941936,24.123994902934218,24.123994902934218,0.8115499273045583,False,False
24,6,4,-0.04,-0.06,invalid_reference_chern,skipped_invalid_reference_chern,nan,nan,False,True,False,False,True,0.9999999999999996,-1.0000000000000002,1.984421597824604,24.395138568778478,24.39513856877847,0.8502182642950953,False,False
24,6,5,-0.04,-0.05,invalid_reference_chern,skipped_invalid_reference_chern,nan,nan,False,True,False,False,True,1.0,-1.0000000000000002,-2.9569518930917718,24.65574128815257,24.65574128815257,0.885680786404211,False,False
24,6,6,-0.04,-0.04,invalid_reference_chern,skipped_invalid_reference_chern,nan,nan,False,False,True,False,True,1.0000000000000002,-0.9999999999999999,1.0962180673735757,24.906280796617395,24.90628079661739,1.7442678349362486,False,False
24,6,7,-0.04,-0.03,invalid_reference_chern,skipped_invalid_reference_chern,nan,nan,False,True,False,False,True,1.0000000000000002,-0.9999999999999997,2.0972247422192534,25.14719904131783,25.14719904131783,0.8484430217685808,False,False
24,6,8,-0.04,-0.02,invalid_reference_chern,skipped_invalid_reference_chern,nan,nan,False,True,False,False,True,0.9999999999999993,-0.9999999999999996,1.4901103660581363,25.378907344398634,25.378907344398627,0.785791562596904,False,False
24,6,9,-0.04,-0.01,invalid_reference_chern,skipped_invalid_reference_chern,nan,nan,False,True,False,False,True,1.0000000000000004,-1.0000000000000002,0.0891744526250887,25.601790595785463,25.601790595785463,0.7283323605627712,False,False
24,6,10,-0.04,0.0,invalid_reference_chern,skipped_invalid_reference_chern,nan,nan,False,True,False,False,True,0.9999999999999996,-0.9999999999999993,-2.8560385157089985,25.816210673225193,25.816210673225196,0.6754591175183021,False,False
24,6,11,-0.04,0.01,invalid_reference_chern,skipped_invalid_reference_chern,nan,nan,False,True,False,False,True,0.9999999999999996,-1.0,-2.0361251756747287,26.01210091873638,26.012100918736365,0.6266534771460152,False,False
24,6,12,-0.04,0.02,invalid_reference_chern,skipped_invalid_reference_chern,nan,nan,False,True,False,False,True,1.0000000000000002,-1.0,-2.013781397241087,25.910552602649624,25.910552602649624,0.5814703205200914,False,False
24,6,13,-0.04,0.03,ok,ok,-0.06440091014504225,0.5394141026901442,False,True,False,True,False,1.0,-0.9999999999999999,0.00021226860663564566,25.812816951562766,25.812816951562766,0.5395257677259331,False,False
24,6,14,-0.04,0.04,invalid_reference_chern,skipped_invalid_reference_chern,nan,nan,False,True,False,False,True,1.0000000000000007,-1.0000000000000002,-2.0580046959039997,25.71879200545177,25.71879200545178,0.5004873544751572,False,False
24,6,15,-0.04,0.05,ok,ok,-0.064328896986973,0.46400020868269937,False,True,False,True,False,0.9999999999999999,-0.9999999999999999,-0.0013759439186424467,25.62837393591649,25.62837393591649,0.46406596092652247,False,False
24,6,16,-0.04,0.06,invalid_reference_chern,skipped_invalid_reference_chern,nan,nan,False,True,False,False,True,1.0000000000000002,-1.0,0.013282324404273802,25.541457432639568,25.541457432639564,0.4300091556441029,False,False
24,6,17,-0.04,0.07,invalid_reference_chern,skipped_invalid_reference_chern,nan,nan,False,True,False,False,True,0.9999999999999999,-0.9999999999999996,-0.025534108030604914,25.45793608712401,25.457936087124004,0.3980956859428537,False,False
24,6,18,-0.04,0.08,ok,ok,-0.06418750021314959,0.36813433435942655,False,True,False,True,False,0.9999999999999999,-1.0,-0.00470206939371035,25.37770277014141,25.377702770141404,0.3681308999074537,False,False
24,6,19,-0.04,0.09,invalid_reference_chern,skipped_invalid_reference_chern,nan,nan,False,True,False,False,True,0.9999999999999991,-0.9999999999999991,-1.9996330756025895,25.300649999542433,25.30064999954244,0.3399429281613848,False,False
24,6,20,-0.04,0.1,nonconverged_hf,skipped_nonconverged_hf,nan,nan,False,False,True,True,False,0.9999999999999997,-0.9999999999999994,1.0759371759318335e-07,25.22667029535328,25.226670295353273,0.5638383099394153,False,False
24,7,0,-0.03,-0.1,ok,ok,-0.058896022019400994,1.187102833931345,False,True,False,True,False,0.9999999999999999,-0.9999999999999997,-1.1441654091304847e-09,23.322017755391443,23.322017755391443,1.6175706658273283,False,False
24,7,1,-0.03,-0.09,ok,ok,-0.050261147429275344,-0.8336689791047888,True,True,False,True,False,0.999999999999999,-0.9999999999999997,3.937661979661827e-15,23.624566846851945,23.624566846851945,1.603693399426005,False,False
24,7,2,-0.03,-0.08,ok,ok,-0.06400749417893774,0.7008210371470631,False,True,False,True,False,1.0000000000000002,-1.0000000000000002,-0.0008915474204451585,23.91502357889249,23.91502357889249,0.7778080422389464,False,False
24,7,3,-0.03,-0.07,invalid_reference_chern,skipped_invalid_reference_chern,nan,nan,False,True,False,False,True,1.0000000000000009,-1.0000000000000004,1.8041795928157236,24.19400289086337,24.19400289086336,0.8193313626087775,False,False
24,7,4,-0.03,-0.06,invalid_reference_chern,skipped_invalid_reference_chern,nan,nan,False,True,False,False,True,0.999999999999999,-0.999999999999999,0.46979204693938165,24.46206237909432,24.462062379094323,0.8572385027155744,False,False
24,7,5,-0.03,-0.05,invalid_reference_chern,skipped_invalid_reference_chern,nan,nan,False,True,False,False,True,0.999999999999999,-0.9999999999999993,-3.037799004036763,24.719711657722343,24.719711657722343,0.8920464198868717,False,False
24,7,6,-0.03,-0.04,invalid_reference_chern,skipped_invalid_reference_chern,nan,nan,False,True,False,False,True,0.9999999999999997,-1.0,-0.03317899791899945,24.967419852355498,24.96741985235549,0.905061478814264,False,False
24,7,7,-0.03,-0.03,invalid_reference_chern,skipped_invalid_reference_chern,nan,nan,False,True,False,False,True,0.9999999999999999,-0.9999999999999999,-1.5491176003213372,25.205621634472465,25.20562163447246,0.8378212114843407,False,False
24,7,8,-0.03,-0.02,invalid_reference_chern,skipped_invalid_reference_chern,nan,nan,False,True,False,False,True,0.9999999999999986,-0.9999999999999989,2.0845601192705057,25.43472210664856,25.434722106648557,0.7763141674524989,False,False
24,7,9,-0.03,-0.01,invalid_reference_chern,skipped_invalid_reference_chern,nan,nan,False,True,False,False,True,0.9999999999999997,-0.9999999999999996,0.033455127222773634,25.655100776742717,25.65510077674272,0.7198548740000837,False,False
24,7,10,-0.03,0.0,invalid_reference_chern,skipped_invalid_reference_chern,nan,nan,False,True,False,False,True,0.9999999999999994,-0.9999999999999994,2.088723573489176,25.86711480557995,25.867114805579945,0.6678590971823514,False,False
24,7,11,-0.03,0.01,invalid_reference_chern,skipped_invalid_reference_chern,nan,nan,False,True,False,False,True,0.9999999999999994,-0.9999999999999994,2.9494998335396327,25.987653223420683,25.987653223420683,0.6198266918675752,False,False
24,7,12,-0.03,0.02,invalid_reference_chern,skipped_invalid_reference_chern,nan,nan,False,True,False,False,True,0.9999999999999997,-1.0,-0.018151339315278823,25.887804925010077,25.887804925010077,0.5753276335749642,False,False
24,7,13,-0.03,0.03,invalid_reference_chern,skipped_invalid_reference_chern,nan,nan,False,True,False,False,True,1.0000000000000009,-1.0000000000000007,0.006290494700561839,25.791720831506858,25.79172083150685,0.5339906068737604,False,False
24,7,14,-0.03,0.04,invalid_reference_chern,skipped_invalid_reference_chern,nan,nan,False,True,False,False,True,1.0000000000000009,-1.0000000000000004,-2.999856017169936,25.699298166370774,25.69929816637078,0.49549365072554624,False,False
24,7,15,-0.03,0.05,invalid_reference_chern,skipped_invalid_reference_chern,nan,nan,False,True,False,False,True,0.9999999999999991,-0.9999999999999991,-1.9834831850411916,25.610432499776433,25.610432499776444,0.45955646279143963,False,False
24,7,16,-0.03,0.06,invalid_reference_chern,skipped_invalid_reference_chern,nan,nan,False,True,False,False,True,1.0000000000000002,-1.0000000000000007,-2.0027023339897623,25.52501812883137,25.525018128831356,0.42593404512930383,False,False
24,7,17,-0.03,0.07,invalid_reference_chern,skipped_invalid_reference_chern,nan,nan,False,True,False,False,True,0.999999999999999,-0.9999999999999988,0.0239832288871341,25.442948453421984,25.442948453421984,0.3944114378359587,False,False
24,7,18,-0.03,0.08,invalid_reference_chern,skipped_invalid_reference_chern,nan,nan,False,True,False,False,True,0.9999999999999999,-0.9999999999999993,-1.0000000000000033,25.364116344319857,25.36411634431985,1.0573087906632845,False,False
24,7,19,-0.03,0.09,invalid_reference_chern,skipped_invalid_reference_chern,nan,nan,False,True,False,False,True,0.9999999999999984,-0.999999999999999,-2.941959968511656,25.288414500408194,25.288414500408184,0.33693044097492614,False,False
24,7,20,-0.03,0.1,invalid_reference_chern,skipped_invalid_reference_chern,nan,nan,False,True,False,False,True,0.999999999999999,-0.9999999999999991,1.9794021806609263,25.215735792170015,25.215735792170012,0.310656374857733,False,False
24,8,0,-0.02,-0.1,ok,ok,-0.060196091596068715,1.2062186093501008,False,True,False,True,False,0.9999999999999994,-0.9999999999999991,-1.261573947984092e-09,23.401276915584383,23.401276915584383,1.603626211500424,False,False
24,8,1,-0.02,-0.09,invalid_reference_chern,skipped_invalid_reference_chern,nan,nan,False,True,False,False,True,1.0000000000000002,-1.0,2.0002293411575565,23.700312021596677,23.700312021596687,0.7415294948817449,False,False
24,8,2,-0.02,-0.08,ok,ok,-0.05332142710624259,-0.37818229419848914,True,True,False,True,False,1.0000000000000009,-1.0000000000000004,3.930711418541425e-14,23.98742061379591,23.987420613795916,1.5217776551464566,False,False
24,8,3,-0.02,-0.07,invalid_reference_chern,skipped_invalid_reference_chern,nan,nan,False,True,False,False,True,0.9999999999999996,-0.9999999999999993,2.016626124313156,24.263203101571268,24.263203101571268,0.8269483364306316,False,False
24,8,4,-0.02,-0.06,ok,ok,-0.059024187186269346,1.6112900441850377,False,True,False,True,False,0.9999999999999991,-0.9999999999999994,-2.245139413846512e-11,24.528205126414267,24.52820512641426,1.7048101173287424,False,False
24,8,5,-0.02,-0.05,invalid_reference_chern,skipped_invalid_reference_chern,nan,nan,False,True,False,False,True,1.0000000000000002,-1.0,-1.9791034200337057,24.782926370521796,24.782926370521796,0.8982895739688398,False,False
24,8,6,-0.02,-0.04,invalid_reference_chern,skipped_invalid_reference_chern,nan,nan,False,True,False,False,True,0.9999999999999994,-0.9999999999999996,1.945478054176244,25.027827622780304,25.027827622780304,0.8933858467238026,False,False
24,8,7,-0.02,-0.03,invalid_reference_chern,skipped_invalid_reference_chern,nan,nan,False,True,False,False,True,0.9999999999999996,-1.0000000000000002,2.957604612670788,25.263336479821124,25.263336479821124,0.8274246721582623,False,False
24,8,8,-0.02,-0.02,invalid_reference_chern,skipped_invalid_reference_chern,nan,nan,False,True,False,False,True,0.9999999999999996,-0.9999999999999993,-2.970501800488811,25.489851970060094,25.489851970060098,0.7670315166548868,False,False
24,8,9,-0.02,-0.01,invalid_reference_chern,skipped_invalid_reference_chern,nan,nan,False,True,False,False,True,1.0000000000000002,-1.0,-1.9766040806389156,25.707748322365696,25.707748322365696,0.7115465901474257,False,False
24,8,10,-0.02,0.0,invalid_reference_chern,skipped_invalid_reference_chern,nan,nan,False,True,False,False,True,0.9999999999999991,-0.9999999999999991,2.93859506896325,25.917378051490683,25.917378051490687,0.6604067987482498,False,False
24,8,11,-0.02,0.01,invalid_reference_chern,skipped_invalid_reference_chern,nan,nan,False,True,False,False,True,1.0000000000000002,-1.0000000000000002,2.0543226159031507,25.963723002002244,25.963723002002244,0.6131294699340916,False,False
24,8,12,-0.02,0.02,invalid_reference_chern,skipped_invalid_reference_chern,nan,nan,False,True,False,False,True,1.0000000000000004,-1.0000000000000004,-2.943764438278231,25.865551782806925,25.865551782806932,0.5692990813638455,False,False
24,8,13,-0.02,0.03,invalid_reference_chern,skipped_invalid_reference_chern,nan,nan,False,True,False,False,True,0.9999999999999993,-0.9999999999999993,-0.02474487597545335,25.771095958982237,25.771095958982244,0.5285564053554249,False,False
24,8,14,-0.02,0.04,invalid_reference_chern,skipped_invalid_reference_chern,nan,nan,False,True,False,False,True,0.9999999999999999,-0.9999999999999996,0.08392279007589272,25.680252047943547,25.680252047943544,0.4905895989545752,False,False
24,8,15,-0.02,0.05,invalid_reference_chern,skipped_invalid_reference_chern,nan,nan,False,True,False,False,True,1.0000000000000002,-1.0000000000000002,2.9323253444346444,25.592915123767074,25.59291512376708,0.4551268649405675,False,False
24,8,16,-0.02,0.06,invalid_reference_chern,skipped_invalid_reference_chern,nan,nan,False,True,False,False,True,1.0000000000000009,-1.0000000000000009,3.035563186401352,25.50897919051393,25.508979190513934,0.4219303845239031,False,False
24,8,17,-0.02,0.07,invalid_reference_chern,skipped_invalid_reference_chern,nan,nan,False,True,False,False,True,1.0000000000000013,-1.0000000000000009,-0.005308813194875807,25.42833754965121,25.428337549651214,0.3907912826917416,False,False
24,8,18,-0.02,0.08,invalid_reference_chern,skipped_invalid_reference_chern,nan,nan,False,True,False,False,True,0.9999999999999994,-0.9999999999999994,0.05496811250407968,25.350883158400656,25.35088315840065,0.36152543480081506,False,False
24,8,19,-0.02,0.09,invalid_reference_chern,skipped_invalid_reference_chern,nan,nan,False,True,False,False,True,0.9999999999999991,-0.9999999999999988,1.9780785091147473,25.2765089760823,25.276508976082297,0.33396996084003283,False,False
24,8,20,-0.02,0.1,invalid_reference_chern,skipped_invalid_reference_chern,nan,nan,False,True,False,False,True,1.0000000000000013,-1.0000000000000013,-2.0362721391853347,25.205108295805033,25.20510829580504,0.30798028372858377,False,False
24,9,0,-0.01,-0.1,ok,ok,-0.060269010252949506,1.2261266053519304,False,True,False,True,False,1.0,-1.0000000000000007,1.3792749702803968e-09,23.479636283698134,23.479636283698138,1.5909124789314648,False,False
24,9,1,-0.01,-0.09,ok,ok,-0.06412668300181183,1.2899593610658378,False,True,False,True,False,0.999999999999999,-0.9999999999999989,-4.397006411196872e-15,23.775190806248528,23.775190806248535,1.4501049011749574,False,False
24,9,2,-0.01,-0.08,invalid_reference_chern,skipped_invalid_reference_chern,nan,nan,False,True,False,False,True,0.9999999999999991,-0.9999999999999991,2.046996558462221,24.058981954101267,24.058981954101267,0.843172773099396,False,False
24,9,3,-0.01,-0.07,invalid_reference_chern,skipped_invalid_reference_chern,nan,nan,False,True,False,False,True,0.9999999999999996,-1.0000000000000002,-0.4224279676502305,24.33159622084648,24.331596220846475,0.834404836971639,False,False
24,9,4,-0.01,-0.06,invalid_reference_chern,skipped_invalid_reference_chern,nan,nan,False,True,False,False,True,0.999999999999999,-0.9999999999999996,-1.1497227773603345,24.593567754906225,24.593567754906225,0.8708587326664496,False,False
24,9,5,-0.01,-0.05,invalid_reference_chern,skipped_invalid_reference_chern,nan,nan,False,True,False,False,True,0.9999999999999996,-0.9999999999999997,0.012280521105543014,24.845386652271117,24.845386652271117,0.904412584564485,False,False
24,9,6,-0.01,-0.04,invalid_reference_chern,skipped_invalid_reference_chern,nan,nan,False,True,False,False,True,1.0000000000000002,-0.9999999999999997,0.06989976334669723,25.087505622168113,25.087505622168116,0.8819663901821029,False,False
24,9,7,-0.01,-0.03,ok,ok,-0.06440671329042441,0.8029772564774347,False,True,False,True,False,0.9999999999999991,-0.9999999999999994,0.0025103829529405488,25.32034537555536,25.32034537555536,0.8172487926637255,False,False
24,9,8,-0.01,-0.02,invalid_reference_chern,skipped_invalid_reference_chern,nan,nan,False,True,False,False,True,0.9999999999999991,-0.9999999999999993,-0.8666749673601049,25.544299003881456,25.544299003881463,0.757939909545293,False,False
24,9,9,-0.01,-0.01,invalid_reference_chern,skipped_invalid_reference_chern,nan,nan,False,True,False,False,True,1.0000000000000002,-1.0,-0.026497168669542742,25.759735554483786,25.759735554483786,0.7034045273929972,False,False
24,9,10,-0.01,0.0,invalid_reference_chern,skipped_invalid_reference_chern,nan,nan,False,True,False,False,True,0.9999999999999997,-0.9999999999999997,3.0415850097283856,25.967002963251474,25.96700296325148,0.6530998099939269,False,False
24,9,11,-0.01,0.01,invalid_reference_chern,skipped_invalid_reference_chern,nan,nan,False,True,False,False,True,1.0000000000000007,-1.0000000000000007,-2.9617617598338724,25.940302983127125,25.940302983127125,0.6065598512241938,False,False
24,9,12,-0.01,0.02,invalid_reference_chern,skipped_invalid_reference_chern,nan,nan,False,True,False,False,True,1.0000000000000007,-1.0000000000000007,0.006364910639548158,25.843785778866877,25.84378577886687,0.5633830637084334,False,False
24,9,13,-0.01,0.03,invalid_reference_chern,skipped_invalid_reference_chern,nan,nan,False,True,False,False,True,0.9999999999999981,-0.9999999999999981,2.0228724569806915,25.750934864378817,25.750934864378827,0.5232218503326959,False,False
24,9,14,-0.01,0.04,invalid_reference_chern,skipped_invalid_reference_chern,nan,nan,False,True,False,False,True,0.9999999999999993,-0.9999999999999988,-2.9116855956657264,25.661646158317467,25.661646158317474,0.4857741163151791,False,False
24,9,15,-0.01,0.05,invalid_reference_chern,skipped_invalid_reference_chern,nan,nan,False,True,False,False,True,1.0000000000000004,-1.0000000000000004,2.925453853405925,25.57581434057358,25.575814340573586,0.45077626909950913,False,False
24,9,16,-0.01,0.06,invalid_reference_chern,skipped_invalid_reference_chern,nan,nan,False,True,False,False,True,0.9999999999999997,-0.9999999999999997,0.01037161617804892,25.49333321811134,25.49333321811134,0.4179974240633136,False,False
24,9,17,-0.01,0.07,nonconverged_hf,skipped_nonconverged_hf,nan,nan,False,False,True,True,False,0.999999999999999,-0.9999999999999999,2.3470961810035583e-07,25.414096083488825,25.414096083488825,0.5657314020661138,False,False
24,9,18,-0.01,0.08,invalid_reference_chern,skipped_invalid_reference_chern,nan,nan,False,True,False,False,True,1.0000000000000009,-1.000000000000001,-2.0848801405866335,25.337996063088653,25.337996063088656,0.3583086574587995,False,False
24,9,19,-0.01,0.09,invalid_reference_chern,skipped_invalid_reference_chern,nan,nan,False,True,False,False,True,0.9999999999999989,-0.9999999999999989,0.08757877797965996,25.26492645232882,25.264926452328815,0.33106103326575864,False,False
24,9,20,-0.01,0.1,ok,ok,-0.0640282891861915,0.30541171557782276,False,True,False,True,False,1.0000000000000004,-1.0000000000000002,-0.00021150946950389992,25.194781035412834,25.194781035412834,0.3053508233546214,False,False
24,10,0,0.0,-0.1,ok,ok,-0.05858480379199674,1.2468617519927137,False,True,False,True,False,1.0000000000000007,-0.9999999999999999,-2.8717789785620172e-11,23.55709650977108,23.557096509771082,1.57938693415654,False,False
24,10,1,0.0,-0.09,invalid_reference_chern,skipped_invalid_reference_chern,nan,nan,False,True,False,False,True,0.9999999999999993,-0.9999999999999989,-0.992624346893773,23.849203876595986,23.849203876595986,0.7598749737236024,False,False
24,10,2,0.0,-0.08,invalid_reference_chern,skipped_invalid_reference_chern,nan,nan,False,True,False,False,True,0.9999999999999988,-0.999999999999999,0.03817149018537867,24.129708408800607,24.12970840880061,0.8026922128037339,False,False
24,10,3,0.0,-0.07,invalid_reference_chern,skipped_invalid_reference_chern,nan,nan,False,True,False,False,True,0.9999999999999996,-0.9999999999999996,2.059204315865498,24.399183260158743,24.399183260158747,0.8417047048455549,False,False
24,10,4,0.0,-0.06,invalid_reference_chern,skipped_invalid_reference_chern,nan,nan,False,True,False,False,True,1.0000000000000002,-1.0,-0.48052694028931936,24.658151519643425,24.658151519643432,0.8774646946818255,False,False
24,10,5,0.0,-0.05,invalid_reference_chern,skipped_invalid_reference_chern,nan,nan,False,True,False,False,True,0.9999999999999997,-1.0000000000000002,0.9862765559369034,24.90709402209618,24.90709402209618,0.9104177234528774,False,False
24,10,6,0.0,-0.04,invalid_reference_chern,skipped_invalid_reference_chern,nan,nan,False,True,False,False,True,0.9999999999999994,-0.9999999999999996,-2.9436066547158863,25.146455639080923,25.14645563908092,0.8707974889288765,False,False
24,10,7,0.0,-0.03,invalid_reference_chern,skipped_invalid_reference_chern,nan,nan,False,True,False,False,True,0.9999999999999997,-0.9999999999999996,-1.0039997909766119,25.37665037422782,25.37665037422782,0.8072890676411145,False,False
24,10,8,0.0,-0.02,invalid_reference_chern,skipped_invalid_reference_chern,nan,nan,False,True,False,False,True,0.9999999999999993,-0.999999999999999,0.0400036804637359,25.59806551159252,25.59806551159252,0.7490357207278994,False,False
24,10,9,0.0,-0.01,invalid_reference_chern,skipped_invalid_reference_chern,nan,nan,False,True,False,False,True,0.9999999999999997,-0.9999999999999997,3.0242946623077382,25.811065009262666,25.811065009262673,0.6954257567293471,False,False
24,10,10,0.0,0.0,invalid_reference_chern,skipped_invalid_reference_chern,nan,nan,False,True,False,False,True,0.9999999999999959,-0.9999999999999959,2.931469115647767,26.015992288146602,26.015992288146602,0.6459357545486234,False,False
24,10,11,0.0,0.01,invalid_reference_chern,skipped_invalid_reference_chern,nan,nan,False,True,False,False,True,0.9999999999999994,-0.9999999999999994,-2.9878258284440853,25.917385819914447,25.917385819914447,0.6001158991107138,False,False
24,10,12,0.0,0.02,invalid_reference_chern,skipped_invalid_reference_chern,nan,nan,False,True,False,False,True,0.999999999999999,-0.999999999999999,1.9987297418806322,25.82249946433905,25.82249946433905,0.5575779948949183,False,False
24,10,13,0.0,0.03,invalid_reference_chern,skipped_invalid_reference_chern,nan,nan,False,True,False,False,True,0.9999999999999984,-0.9999999999999986,0.01613364418988697,25.731230048540404,25.73123004854039,0.5179856368847059,False,False
24,10,14,0.0,0.04,invalid_reference_chern,skipped_invalid_reference_chern,nan,nan,False,True,False,False,True,0.9999999999999999,-0.999999999999999,-2.0538126722418473,25.643472996437584,25.64347299643759,0.48104612318699497,False,False
24,10,15,0.0,0.05,invalid_reference_chern,skipped_invalid_reference_chern,nan,nan,False,True,False,False,True,0.9999999999999997,-0.9999999999999996,2.9067423860917176,25.559122692192968,25.559122692192968,0.44650377691466475,False,False
24,10,16,0.0,0.06,invalid_reference_chern,skipped_invalid_reference_chern,nan,nan,False,True,False,False,True,1.0000000000000009,-1.0000000000000009,0.025190715262722232,25.478072838028154,25.478072838028144,0.41413441162688286,False,False
24,10,17,0.0,0.07,invalid_reference_chern,skipped_invalid_reference_chern,nan,nan,False,True,False,False,True,1.0000000000000007,-1.0000000000000004,0.010226359156594889,25.400216803423625,25.400216803423625,0.3837407275702539,False,False
24,10,18,0.0,0.08,invalid_reference_chern,skipped_invalid_reference_chern,nan,nan,False,True,False,False,True,0.9999999999999996,-0.9999999999999999,2.0752154696400074,25.325447962922343,25.325447962922343,0.3551484680177529,False,False
24,10,19,0.0,0.09,invalid_reference_chern,skipped_invalid_reference_chern,nan,nan,False,True,False,False,True,1.0000000000000004,-1.0000000000000007,-2.9652395282105357,25.253660020006315,25.25366002000632,0.32820319840513223,False,False
24,10,20,0.0,0.1,invalid_reference_chern,skipped_invalid_reference_chern,nan,nan,False,True,False,False,True,0.9999999999999994,-0.9999999999999997,-1.9870911376724305,25.18474731480624,25.184747314806234,0.3027675975368209,False,False
24,11,0,0.01,-0.1,ok,ok,-0.059064753048464015,1.2684604448324792,False,True,False,True,False,0.9999999999999996,-0.9999999999999996,-1.5701018841574355e-09,23.633658571911173,23.63365857191118,1.5690120531734608,False,False
24,11,1,0.01,-0.09,invalid_reference_chern,skipped_invalid_reference_chern,nan,nan,False,True,False,False,True,1.0000000000000002,-0.9999999999999996,2.0258871553130824,23.922352239498654,23.92235223949865,0.7687265259590716,False,False
24,11,2,0.01,-0.08,ok,ok,-0.05890830849354796,1.0459526163749329,False,True,False,True,False,1.0000000000000013,-1.000000000000001,-1.2025885698424712e-14,24.19960111261303,24.19960111261303,1.5719480510770099,False,False
24,11,3,0.01,-0.07,ok,ok,-0.05749437178375154,0.7887833376787168,False,True,False,True,False,1.0000000000000002,-0.9999999999999999,-4.298557111864191e-10,24.465965545595147,24.46596554559515,0.8949588384480771,False,False
24,11,4,0.01,-0.06,invalid_reference_chern,skipped_invalid_reference_chern,nan,nan,False,True,False,False,True,1.0,-1.0000000000000002,-2.042336839918877,24.72195797533374,24.72195797533374,0.8839383760491963,False,False
24,11,5,0.01,-0.05,nonconverged_hf,skipped_nonconverged_hf,nan,nan,False,False,True,True,False,0.999999999999999,-0.9999999999999997,0.00016497964636483123,24.968050281299337,24.968050281299337,1.844195317322528,False,False
24,11,6,0.01,-0.04,invalid_reference_chern,skipped_invalid_reference_chern,nan,nan,False,True,False,False,True,0.9999999999999999,-1.0000000000000002,2.0400759485442648,25.20467972535634,25.20467972535634,0.859873666167865,False,False
24,11,7,0.01,-0.03,invalid_reference_chern,skipped_invalid_reference_chern,nan,nan,False,True,False,False,True,0.9999999999999991,-0.9999999999999984,-0.9906120659086606,25.43225377208566,25.432253772085655,0.7975410956851653,False,False
24,11,8,0.01,-0.02,invalid_reference_chern,skipped_invalid_reference_chern,nan,nan,False,True,False,False,True,1.0,-1.0000000000000002,1.9415340677806476,25.65115402066821,25.65115402066821,0.7403153992466899,False,False
24,11,9,0.01,-0.01,invalid_reference_chern,skipped_invalid_reference_chern,nan,nan,False,True,False,False,True,0.9999999999999997,-0.9999999999999999,2.019600156966064,25.86173942745359,25.86173942745359,0.6876074016036954,False,False
24,11,10,0.01,0.0,invalid_reference_chern,skipped_invalid_reference_chern,nan,nan,False,True,False,False,True,1.0000000000000002,-1.0000000000000002,-0.029793844234659413,25.991914015144012,25.991914015144033,0.6389122921383985,False,False
24,11,11,0.01,0.01,invalid_reference_chern,skipped_invalid_reference_chern,nan,nan,False,True,False,False,True,1.0000000000000009,-1.0000000000000009,2.065550059111239,25.89496410045659,25.894964100456594,0.5937957010419225,False,False
24,11,12,0.01,0.02,invalid_reference_chern,skipped_invalid_reference_chern,nan,nan,False,True,False,False,True,0.9999999999999993,-0.999999999999999,-2.9978421390775214,25.801685348377912,25.80168534837792,0.5518823044258682,False,False
24,11,13,0.01,0.03,invalid_reference_chern,skipped_invalid_reference_chern,nan,nan,False,True,False,False,True,0.9999999999999996,-0.9999999999999994,-2.0612480209747073,25.711973991609938,25.711973991609927,0.5128464688509218,False,False
24,11,14,0.01,0.04,invalid_reference_chern,skipped_invalid_reference_chern,nan,nan,False,True,False,False,True,1.0000000000000007,-1.0000000000000007,-0.013157759999004679,25.62572506004669,25.62572506004669,0.47640454405484123,False,False
24,11,15,0.01,0.05,invalid_reference_chern,skipped_invalid_reference_chern,nan,nan,False,True,False,False,True,0.9999999999999997,-1.0000000000000002,-2.9619217920807244,25.54283273709272,25.54283273709272,0.44230849083049023,False,False
24,11,16,0.01,0.06,invalid_reference_chern,skipped_invalid_reference_chern,nan,nan,False,True,False,False,True,1.0000000000000002,-1.0,2.9302671893272083,25.46319070898024,25.46319070898023,0.4103405935934372,False,False
24,11,17,0.01,0.07,invalid_reference_chern,skipped_invalid_reference_chern,nan,nan,False,True,False,False,True,1.0000000000000007,-1.0000000000000009,-3.0018267760777237,25.386692504281,25.386692504281,0.3803090568807942,False,False
24,11,18,0.01,0.08,invalid_reference_chern,skipped_invalid_reference_chern,nan,nan,False,True,False,False,True,0.9999999999999999,-0.9999999999999997,-3.008753117028689,25.313231821023283,25.313231821023294,0.3520443245421013,False,False
24,11,19,0.01,0.09,invalid_reference_chern,skipped_invalid_reference_chern,nan,nan,False,True,False,False,True,0.9999999999999991,-0.999999999999999,-0.06460051576700825,25.242702839077893,25.242702839077886,0.3253959917695106,False,False
24,11,20,0.01,0.1,invalid_reference_chern,skipped_invalid_reference_chern,nan,nan,False,True,False,False,True,1.0000000000000007,-1.0000000000000002,-0.056159888239351134,25.175000515767824,25.17500051576783,0.30023020512740267,False,False
24,12,0,0.02,-0.1,ok,ok,-0.060488600961950724,1.2909603394646558,False,True,False,True,False,0.9999999999999997,-0.9999999999999991,-1.6403853494278372e-09,23.709323768128993,23.709323768128993,1.559756537903967,False,False
24,12,1,0.02,-0.09,invalid_reference_chern,skipped_invalid_reference_chern,nan,nan,False,True,False,False,True,0.9999999999999988,-0.9999999999999989,-0.029904703698789222,23.99463722319343,23.99463722319343,0.7773723179917585,False,False
24,12,2,0.02,-0.08,invalid_reference_chern,skipped_invalid_reference_chern,nan,nan,False,True,False,False,True,1.0000000000000007,-1.0000000000000009,1.8350028054450882,24.268661515379716,24.268661515379716,0.8183786919787286,False,False
24,12,3,0.02,-0.07,invalid_reference_chern,skipped_invalid_reference_chern,nan,nan,False,True,False,False,True,0.9999999999999986,-0.9999999999999986,2.019173964666417,24.531944706787876,24.531944706787876,0.8558492107362519,False,False
24,12,4,0.02,-0.06,invalid_reference_chern,skipped_invalid_reference_chern,nan,nan,False,True,False,False,True,1.0,-1.0000000000000007,2.9945924301341527,24.78498896510153,24.784988965101537,0.8902825298799751,False,False
24,12,5,0.02,-0.05,ok,ok,-0.06432474833757107,0.7724376299468966,False,True,False,True,False,1.0000000000000002,-0.9999999999999997,0.0042487374936541564,25.028257502225994,25.028257502225994,0.9160069449219795,False,False
24,12,6,0.02,-0.04,invalid_reference_chern,skipped_invalid_reference_chern,nan,nan,False,True,False,False,True,0.9999999999999997,-0.9999999999999996,-2.050772920531951,25.2621801852233,25.262180185223297,0.8491895853632302,False,False
24,12,7,0.02,-0.03,invalid_reference_chern,skipped_invalid_reference_chern,nan,nan,False,True,False,False,True,0.9999999999999996,-0.9999999999999993,2.0429503648683816,25.487158098552136,25.48715809855215,0.7880005775250658,False,False
24,12,8,0.02,-0.02,invalid_reference_chern,skipped_invalid_reference_chern,nan,nan,False,True,False,False,True,0.9999999999999988,-0.9999999999999988,-2.0717847083935186,25.703567272504205,25.703567272504205,0.7317754677290772,False,False
24,12,9,0.02,-0.01,invalid_reference_chern,skipped_invalid_reference_chern,nan,nan,False,True,False,False,True,0.9999999999999988,-0.9999999999999986,2.0661594273128285,25.911761744814598,25.911761744814605,0.6799466377200934,False,False
24,12,10,0.02,0.0,invalid_reference_chern,skipped_invalid_reference_chern,nan,nan,False,True,False,False,True,1.0000000000000007,-1.0000000000000007,0.012832353288232408,25.96834677203408,25.968346772034078,0.6320271189036184,False,False
24,12,11,0.02,0.01,invalid_reference_chern,skipped_invalid_reference_chern,nan,nan,False,True,False,False,True,0.9999999999999994,-0.9999999999999993,2.9770126151804366,25.87303035797103,25.87303035797103,0.5875973690649235,False,False
24,12,12,0.02,0.02,invalid_reference_chern,skipped_invalid_reference_chern,nan,nan,False,True,False,False,True,1.0000000000000009,-1.0000000000000009,-2.0478576386915197,25.781335907470442,25.781335907470442,0.5462944377151779,False,False
24,12,13,0.02,0.03,invalid_reference_chern,skipped_invalid_reference_chern,nan,nan,False,True,False,False,True,1.0000000000000002,-0.9999999999999999,2.9497471268759803,25.693159161518054,25.693159161518054,0.5078030596188807,False,False
24,12,14,0.02,0.04,invalid_reference_chern,skipped_invalid_reference_chern,nan,nan,False,True,False,False,True,0.9999999999999996,-1.0000000000000002,-2.0810314260460774,25.60839485333223,25.608394853332243,0.4718483083369189,False,False
24,12,15,0.02,0.05,invalid_reference_chern,skipped_invalid_reference_chern,nan,nan,False,True,False,False,True,0.9999999999999999,-1.0,-2.955861117628212,25.526937057023787,25.526937057023797,0.4381895149220721,False,False
24,12,16,0.02,0.06,ok,ok,-0.0641863536584352,0.4065898666117316,False,True,False,True,False,0.9999999999999993,-0.9999999999999993,-0.003612998060617657,25.448679527991086,25.44867952799108,0.40661521564812136,False,False
24,12,17,0.02,0.07,ok,ok,-0.06413802316548287,0.3769362618101751,False,True,False,True,False,0.9999999999999989,-0.9999999999999988,-0.0012781898329136186,25.373516032428103,25.373516032428107,0.3769389393125236,False,False
24,12,18,0.02,0.08,nonconverged_hf,skipped_nonconverged_hf,nan,nan,False,False,True,True,False,0.9999999999999983,-0.9999999999999983,1.4602571507201854e-07,25.301340663542415,25.301340663542415,0.5646483057547269,False,False
24,12,19,0.02,0.09,invalid_reference_chern,skipped_invalid_reference_chern,nan,nan,False,True,False,False,True,0.999999999999999,-0.9999999999999986,0.015771582780611554,25.23204814233683,25.232048142336833,0.32263894489305656,False,False
24,12,20,0.02,0.1,invalid_reference_chern,skipped_invalid_reference_chern,nan,nan,False,True,False,False,True,0.9999999999999996,-0.9999999999999991,2.954184527602704,25.165534101097705,25.165534101097695,0.2977382406672925,False,False
24,13,0,0.03,-0.1,ok,ok,-0.06380699996694408,0.6649637531720369,False,True,False,True,False,1.0,-1.0000000000000007,-0.004176085437244056,23.784093707857103,23.784093707857092,0.741671415594914,False,False
24,13,1,0.03,-0.09,invalid_reference_chern,skipped_invalid_reference_chern,nan,nan,False,True,False,False,True,1.0000000000000007,-1.0000000000000002,1.0000000000000002,24.06606046743235,24.066060467432347,0.7858182761003812,False,False
24,13,2,0.03,-0.08,invalid_reference_chern,skipped_invalid_reference_chern,nan,nan,False,True,False,False,True,0.9999999999999988,-0.9999999999999974,-1.710291639927756,24.33689137139577,24.33689137139577,0.8259650820955723,False,False
24,13,3,0.03,-0.07,invalid_reference_chern,skipped_invalid_reference_chern,nan,nan,False,True,False,False,True,0.9999999999999994,-0.9999999999999996,-0.008815437236347137,24.59712266585542,24.597122665855412,0.8627008559596935,False,False
24,13,4,0.03,-0.06,invalid_reference_chern,skipped_invalid_reference_chern,nan,nan,False,True,False,False,True,1.0000000000000004,-1.0000000000000004,-1.9935540513970766,24.84724660933798,24.847246609337976,0.8964998237302954,False,False
24,13,5,0.03,-0.05,invalid_reference_chern,skipped_invalid_reference_chern,nan,nan,False,False,True,False,True,0.9999999999999999,-1.0,1.074889064402245,25.087718017239617,25.08771801723961,1.8261896692447936,False,False
24,13,6,0.03,-0.04,invalid_reference_chern,skipped_invalid_reference_chern,nan,nan,False,True,False,False,True,1.0000000000000002,-1.0000000000000004,2.011274136051919,25.31895956455597,25.318959564555975,0.838740047075597,False,False
24,13,7,0.03,-0.03,invalid_reference_chern,skipped_invalid_reference_chern,nan,nan,False,True,False,False,True,1.0000000000000009,-1.0000000000000009,2.0320056129146598,25.54136610586515,25.541366105865155,0.7786633142026498,False,False
24,13,8,0.03,-0.02,invalid_reference_chern,skipped_invalid_reference_chern,nan,nan,False,True,False,False,True,1.0000000000000002,-1.0000000000000004,0.005451327805209434,25.75530821251264,25.75530821251264,0.7234125215014545,False,False
24,13,9,0.03,-0.01,invalid_reference_chern,skipped_invalid_reference_chern,nan,nan,False,True,False,False,True,0.9999999999999997,-0.9999999999999999,0.10999636413578737,25.961135082708864,25.961135082708864,0.6724406927982818,False,False
24,13,10,0.03,0.0,invalid_reference_chern,skipped_invalid_reference_chern,nan,nan,False,True,False,False,True,0.9999999999999997,-0.9999999999999997,-0.8626984916074644,25.945283131942247,25.945283131942244,0.6252779675384915,False,False
24,13,11,0.03,0.01,ok,ok,-0.06435373303978521,0.581384629485373,False,True,False,True,False,0.9999999999999981,-0.999999999999998,-0.00231414803566997,25.8515770806001,25.851577080600112,0.5815190402953769,False,False
24,13,12,0.03,0.02,invalid_reference_chern,skipped_invalid_reference_chern,nan,nan,False,True,False,False,True,0.9999999999999991,-0.9999999999999993,-0.022024633001557832,25.76144359440727,25.76144359440727,0.5408128567288943,False,False
24,13,13,0.03,0.03,invalid_reference_chern,skipped_invalid_reference_chern,nan,nan,False,True,False,False,True,1.0000000000000009,-1.000000000000001,2.0337411296748553,25.674778022115873,25.67477802211588,0.5028541328618045,False,False
24,13,14,0.03,0.04,invalid_reference_chern,skipped_invalid_reference_chern,nan,nan,False,True,False,False,True,0.999999999999999,-0.9999999999999991,-3.005723107724281,25.59147489422271,25.59147489422271,0.4673763511641248,False,False
24,13,15,0.03,0.05,invalid_reference_chern,skipped_invalid_reference_chern,nan,nan,False,True,False,False,True,0.9999999999999994,-0.9999999999999988,-2.0940283061120724,25.511428263492373,25.51142826349236,0.4341459556789307,False,False
24,13,16,0.03,0.06,invalid_reference_chern,skipped_invalid_reference_chern,nan,nan,False,True,False,False,True,0.9999999999999996,-0.9999999999999999,-2.0740958753014525,25.434532036059554,25.434532036059558,0.4029575235546818,False,False
24,13,17,0.03,0.07,invalid_reference_chern,skipped_invalid_reference_chern,nan,nan,False,True,False,False,True,1.0000000000000007,-0.9999999999999994,-0.03890014626220521,25.360680290665833,25.360680290665833,0.3736297341578647,False,False
24,13,18,0.03,0.08,invalid_reference_chern,skipped_invalid_reference_chern,nan,nan,False,True,False,False,True,0.9999999999999996,-0.9999999999999999,0.08627440111318153,25.28976758381089,25.28976758381089,0.34600199181105123,False,False
24,13,19,0.03,0.09,nonconverged_hf,skipped_nonconverged_hf,nan,nan,False,False,True,True,False,0.9999999999999999,-0.9999999999999997,2.9041972739902625e-07,25.221689238856356,25.221689238856378,0.5630107678686277,False,False
24,13,20,0.03,0.1,invalid_reference_chern,skipped_invalid_reference_chern,nan,nan,False,True,False,False,True,0.9999999999999996,-0.9999999999999999,-2.0820957159680176,25.156341617406177,25.15634161740618,0.29529129497404893,False,False
24,14,0,0.04,-0.1,invalid_reference_chern,skipped_invalid_reference_chern,nan,nan,False,True,False,False,True,1.0000000000000002,-1.0,0.030396424553011305,23.85797030319695,23.85797030319695,0.7509030666230957,False,False
24,14,1,0.04,-0.09,invalid_reference_chern,skipped_invalid_reference_chern,nan,nan,False,True,False,False,True,0.9999999999999993,-0.9999999999999996,2.0327835899888913,24.136623913483216,24.136623913483216,0.7940700676480188,False,False
24,14,2,0.04,-0.08,invalid_reference_chern,skipped_invalid_reference_chern,nan,nan,False,True,False,False,True,1.0000000000000007,-1.0000000000000002,-0.5926764047853886,24.40429272870324,24.40429272870324,0.8333860478920424,False,False
24,14,3,0.04,-0.07,invalid_reference_chern,skipped_invalid_reference_chern,nan,nan,False,True,False,False,True,1.0,-1.0000000000000002,2.065864272677818,24.661501626376307,24.661501626376307,0.8694098955118852,False,False
24,14,4,0.04,-0.06,invalid_reference_chern,skipped_invalid_reference_chern,nan,nan,False,True,False,False,True,1.0000000000000002,-1.0000000000000002,0.027607508513801587,24.908733294635823,24.90873329463583,0.9025928432941477,False,False
24,14,5,0.04,-0.05,invalid_reference_chern,skipped_invalid_reference_chern,nan,nan,False,True,False,False,True,1.0000000000000002,-0.9999999999999999,-2.9909200408337413,25.14643440781886,25.146434407818855,0.8928231021199519,False,False
24,14,6,0.04,-0.04,invalid_reference_chern,skipped_invalid_reference_chern,nan,nan,False,True,False,False,True,1.0,-1.0,2.9036631250167453,25.375020640274418,25.375020640274418,0.8285199858424815,False,False
24,14,7,0.04,-0.03,invalid_reference_chern,skipped_invalid_reference_chern,nan,nan,False,True,False,False,True,0.9999999999999994,-0.9999999999999994,1.8778782109436971,25.59488075888073,25.59488075888073,0.7695252052532822,False,False
24,14,8,0.04,-0.02,invalid_reference_chern,skipped_invalid_reference_chern,nan,nan,False,True,False,False,True,0.9999999999999996,-0.9999999999999993,-2.9191849400850436,25.806379980393782,25.806379980393782,0.7152232276812794,False,False
24,14,9,0.04,-0.01,invalid_reference_chern,skipped_invalid_reference_chern,nan,nan,False,True,False,False,True,0.9999999999999989,-0.9999999999999989,-2.9396754946040247,26.00986273888548,26.009862738885477,0.6650868462935391,False,False
24,14,10,0.04,0.0,ok,ok,-0.0643608423755486,0.6185083767934596,False,True,False,True,False,0.999999999999999,-0.9999999999999989,-0.004683543041482313,25.92271561009891,25.922715610098905,0.6186626074463191,False,False
24,14,11,0.04,0.01,invalid_reference_chern,skipped_invalid_reference_chern,nan,nan,False,True,False,False,True,0.9999999999999999,-0.9999999999999999,-2.0143552801416953,25.830596720856228,25.830596720856228,0.5755588773357458,False,False
24,14,12,0.04,0.02,invalid_reference_chern,skipped_invalid_reference_chern,nan,nan,False,True,False,False,True,1.0000000000000002,-1.0000000000000004,0.03492273882150132,25.742000846896868,25.74200084689687,0.5354360405748013,False,False
24,14,13,0.04,0.03,invalid_reference_chern,skipped_invalid_reference_chern,nan,nan,False,True,False,False,True,0.9999999999999988,-0.9999999999999989,2.002536647471211,25.656823040953917,25.656823040953917,0.49799842322419,False,False
24,14,14,0.04,0.04,invalid_reference_chern,skipped_invalid_reference_chern,nan,nan,False,True,False,False,True,0.9999999999999997,-1.0000000000000002,-2.9377821280832555,25.57495772133709,25.57495772133709,0.4629876141129541,False,False
24,14,15,0.04,0.05,invalid_reference_chern,skipped_invalid_reference_chern,nan,nan,False,True,False,False,True,1.0,-1.0000000000000002,-0.006035436480950835,25.49629900389539,25.496299003895384,0.4301769227512645,False,False
24,14,16,0.04,0.06,invalid_reference_chern,skipped_invalid_reference_chern,nan,nan,False,True,False,False,True,1.0000000000000009,-1.000000000000001,-2.061244311189155,25.420741023505236,25.420741023505236,0.3993667638840878,False,False
24,14,17,0.04,0.07,invalid_reference_chern,skipped_invalid_reference_chern,nan,nan,False,True,False,False,True,0.9999999999999996,-0.9999999999999999,-2.0997794718020573,25.348178242815006,25.348178242815003,0.37038079986249545,False,False
24,14,18,0.04,0.08,invalid_reference_chern,skipped_invalid_reference_chern,nan,nan,False,True,False,False,True,0.9999999999999988,-0.9999999999999988,2.934578880173383,25.27850574620406,25.27850574620405,0.34306270479965545,False,False
24,14,19,0.04,0.09,invalid_reference_chern,skipped_invalid_reference_chern,nan,nan,False,True,False,False,True,1.000000000000001,-1.0000000000000009,-0.01857483923239718,25.211619517172355,25.21161951717236,0.18995801110884714,False,False
24,14,20,0.04,0.1,invalid_reference_chern,skipped_invalid_reference_chern,nan,nan,False,True,False,False,True,0.9999999999999993,-0.9999999999999991,-2.959131953793509,25.14741669766033,25.147416697660326,0.2928889557147719,False,False
24,15,0,0.05,-0.1,ok,ok,-0.06277271293943187,1.3399643645485217,False,True,False,True,False,1.0,-1.0000000000000002,2.5152472471183165e-15,23.930955759929528,23.930955759929525,1.5052072533043506,False,False
24,15,1,0.05,-0.09,invalid_reference_chern,skipped_invalid_reference_chern,nan,nan,False,True,False,False,True,0.9999999999999993,-0.999999999999999,-0.019793508320074513,24.20632979402227,24.20632979402227,0.8021331155563517,False,False
24,15,2,0.05,-0.08,invalid_reference_chern,skipped_invalid_reference_chern,nan,nan,False,True,False,False,True,0.9999999999999997,-1.0000000000000002,-2.01087798618268,24.470867918368523,24.470867918368523,0.8406457337618486,False,False
24,15,3,0.05,-0.07,invalid_reference_chern,skipped_invalid_reference_chern,nan,nan,False,True,False,False,True,1.0000000000000002,-1.0000000000000009,-2.8980975990916797,24.725084062414385,24.725084062414385,0.8759795337833731,False,False
24,15,4,0.05,-0.06,invalid_reference_chern,skipped_invalid_reference_chern,nan,nan,False,True,False,False,True,0.9999999999999997,-1.0000000000000002,2.017575729863961,24.96945166282378,24.96945166282378,0.9085640958837342,False,False
24,15,5,0.05,-0.05,invalid_reference_chern,skipped_invalid_reference_chern,nan,nan,False,True,False,False,True,0.9999999999999994,-0.9999999999999996,1.578033555940357,25.20440949378746,25.20440949378747,0.8816236401042359,False,False
24,15,6,0.05,-0.04,invalid_reference_chern,skipped_invalid_reference_chern,nan,nan,False,True,False,False,True,1.0000000000000009,-1.0000000000000007,-2.0228755761707577,25.43036640990243,25.43036640990243,0.818524467106999,False,False
24,15,7,0.05,-0.03,invalid_reference_chern,skipped_invalid_reference_chern,nan,nan,False,True,False,False,True,1.0000000000000007,-1.0000000000000007,2.050169022505276,25.647705225049034,25.647705225049034,0.7605822468939668,False,False
24,15,8,0.05,-0.02,invalid_reference_chern,skipped_invalid_reference_chern,nan,nan,False,True,False,False,True,1.0,-1.0000000000000002,2.955995149633742,25.85678590058939,25.856785900589387,0.7072043242500666,False,False
24,15,9,0.05,-0.01,invalid_reference_chern,skipped_invalid_reference_chern,nan,nan,False,True,False,False,True,1.0000000000000002,-1.0000000000000002,-0.0815284027920318,25.99476936475329,25.99476936475328,0.6578824290816059,False,False
24,15,10,0.05,0.0,invalid_reference_chern,skipped_invalid_reference_chern,nan,nan,False,True,False,False,True,1.0000000000000013,-1.0000000000000013,2.928030394711432,25.900636673748327,25.90063667374835,0.6121788448388227,False,False
24,15,11,0.05,0.01,invalid_reference_chern,skipped_invalid_reference_chern,nan,nan,False,True,False,False,True,0.9999999999999999,-1.0,-3.0357133907694727,25.810081704710804,25.810081704710804,0.569715068646853,False,False
24,15,12,0.05,0.02,invalid_reference_chern,skipped_invalid_reference_chern,nan,nan,False,True,False,False,True,0.9999999999999981,-0.9999999999999981,2.9630866828218596,25.723000095823814,25.723000095823817,0.530162486044878,False,False
24,15,13,0.05,0.03,invalid_reference_chern,skipped_invalid_reference_chern,nan,nan,False,True,False,False,True,1.0000000000000016,-1.0000000000000016,2.9730801018405275,25.639286696709334,25.639286696709334,0.49323467696380113,False,False
24,15,14,0.05,0.04,invalid_reference_chern,skipped_invalid_reference_chern,nan,nan,False,True,False,False,True,1.0000000000000002,-1.0,1.9561040539986023,25.558835900591465,25.558835900591465,0.45868104589425057,False,False
24,15,15,0.05,0.05,invalid_reference_chern,skipped_invalid_reference_chern,nan,nan,False,True,False,False,True,0.9999999999999991,-0.9999999999999999,0.017402857476076446,25.481541967325406,25.48154196732541,0.4262815296507996,False,False
24,15,16,0.05,0.06,invalid_reference_chern,skipped_invalid_reference_chern,nan,nan,False,True,False,False,True,1.0,-0.9999999999999999,-3.000303220606984,25.407299334998356,25.407299334998346,0.39584218470595617,False,False
24,15,17,0.05,0.07,nonconverged_hf,skipped_nonconverged_hf,nan,nan,False,False,True,True,False,1.0000000000000002,-1.0000000000000002,-2.165940853553249e-07,25.336002918004414,25.336002918004407,0.5631090035795886,False,False
24,15,18,0.05,0.08,invalid_reference_chern,skipped_invalid_reference_chern,nan,nan,False,True,False,False,True,0.9999999999999999,-1.0,-0.01445749793958714,25.267548389725693,25.267548389725704,0.3401772695423796,False,False
24,15,19,0.05,0.09,nonconverged_hf,skipped_nonconverged_hf,nan,nan,False,False,True,True,False,1.0000000000000002,-1.0000000000000007,2.8377218618703975e-07,25.20183244820725,25.201832448207238,0.5631068689055243,False,False
24,15,20,0.05,0.1,nonconverged_hf,skipped_nonconverged_hf,nan,nan,False,False,True,True,False,0.9999999999999991,-0.9999999999999986,1.5730177847821953e-07,25.138753063493237,25.13875306349323,0.5631858923059679,False,False
24,16,0,0.06,-0.1,invalid_reference_chern,skipped_invalid_reference_chern,nan,nan,False,True,False,False,True,1.0000000000000002,-0.9999999999999999,-0.9999999999999996,24.003052568326787,24.003052568326787,0.7687023021429876,False,False
24,16,1,0.06,-0.09,ok,ok,-0.06401977949789564,0.698086956847358,False,True,False,True,False,0.9999999999999999,-0.9999999999999997,0.003972511495290796,24.275180622946635,24.275180622946635,0.8100126118302385,False,False
24,16,2,0.06,-0.08,ok,ok,-0.06412848248474634,0.7202844987740629,False,True,False,True,False,0.9999999999999996,-1.0,0.003220592457142692,24.536619543765788,24.53661954376578,0.847748124853453,False,False
24,16,3,0.06,-0.07,invalid_reference_chern,skipped_invalid_reference_chern,nan,nan,False,True,False,False,True,1.0000000000000004,-1.0000000000000002,1.94020285054169,24.78787270761192,24.78787270761192,0.882412865524911,False,False
24,16,4,0.06,-0.06,invalid_reference_chern,skipped_invalid_reference_chern,nan,nan,False,True,False,False,True,0.9999999999999984,-0.9999999999999988,2.9803530637940145,25.029404600112958,25.029404600112965,0.9144160137096891,False,False
24,16,5,0.06,-0.05,invalid_reference_chern,skipped_invalid_reference_chern,nan,nan,False,True,False,False,True,0.9999999999999991,-0.9999999999999993,0.07957695013228347,25.261646322688236,25.261646322688236,0.8706778480140218,False,False
24,16,6,0.06,-0.04,invalid_reference_chern,skipped_invalid_reference_chern,nan,nan,False,True,False,False,True,1.0000000000000002,-1.0000000000000009,0.20519472588226412,25.485000081290583,25.485000081290583,0.8087486841983499,False,False
24,16,7,0.06,-0.03,invalid_reference_chern,skipped_invalid_reference_chern,nan,nan,False,True,False,False,True,1.0,-1.0,0.03348153964577013,25.69984286456881,25.699842864568815,0.7518305302224088,False,False
24,16,8,0.06,-0.02,invalid_reference_chern,skipped_invalid_reference_chern,nan,nan,False,True,False,False,True,1.0,-1.0000000000000002,1.9537888890998845,25.906529472922713,25.90652947292271,0.6993526191112588,False,False
24,16,9,0.06,-0.01,invalid_reference_chern,skipped_invalid_reference_chern,nan,nan,False,True,False,False,True,0.9999999999999999,-1.0,2.0120808372288432,25.971581362989046,25.971581362989046,0.6508248231253521,False,False
24,16,10,0.06,0.0,invalid_reference_chern,skipped_invalid_reference_chern,nan,nan,False,True,False,False,True,0.9999999999999997,-1.0000000000000002,-0.11316416455468782,25.87903875170355,25.87903875170354,0.6058245227955635,False,False
24,16,11,0.06,0.01,invalid_reference_chern,skipped_invalid_reference_chern,nan,nan,False,True,False,False,True,1.0000000000000004,-1.0000000000000009,-2.0379313310686706,25.790024440326807,25.79002444032681,0.5639858288756247,False,False
24,16,12,0.06,0.02,invalid_reference_chern,skipped_invalid_reference_chern,nan,nan,False,True,False,False,True,1.0,-0.9999999999999999,0.027345459180385393,25.704433773152655,25.704433773152658,0.5249907081118347,False,False
24,16,13,0.06,0.03,invalid_reference_chern,skipped_invalid_reference_chern,nan,nan,False,True,False,False,True,0.9999999999999991,-0.9999999999999991,0.061952150376689705,25.622161486265533,25.622161486265536,0.48856165254745193,False,False
24,16,14,0.06,0.04,invalid_reference_chern,skipped_invalid_reference_chern,nan,nan,False,True,False,False,True,0.9999999999999997,-0.9999999999999999,-2.967216615065253,25.543102031467935,25.543102031467935,0.454455603001085,False,False
24,16,15,0.06,0.05,invalid_reference_chern,skipped_invalid_reference_chern,nan,nan,False,True,False,False,True,0.9999999999999997,-0.9999999999999994,-2.037785997110903,25.46714989005111,25.4671498900511,0.42245889441466855,False,False
24,16,16,0.06,0.06,invalid_reference_chern,skipped_invalid_reference_chern,nan,nan,False,True,False,False,True,0.9999999999999994,-0.9999999999999996,3.008508535221268,25.394199874280986,25.39419987428099,0.392383036247112,False,False
24,16,17,0.06,0.07,invalid_reference_chern,skipped_invalid_reference_chern,nan,nan,False,True,False,False,True,1.0000000000000007,-1.0000000000000002,2.929906659228763,25.324147414668165,25.32414741466815,0.36406117740187854,False,False
24,16,18,0.06,0.08,invalid_reference_chern,skipped_invalid_reference_chern,nan,nan,False,True,False,False,True,1.0000000000000002,-1.000000000000001,0.009556987538124784,25.256888831322232,25.256888831322225,0.33734513410762446,False,False
24,16,19,0.06,0.09,nonconverged_hf,skipped_nonconverged_hf,nan,nan,False,False,True,True,False,0.9999999999999997,-0.9999999999999994,1.0396163176492245e-06,25.192321587944203,25.1923215879442,0.5648713342011707,False,False
24,16,20,0.06,0.1,nonconverged_hf,skipped_nonconverged_hf,nan,nan,False,False,True,True,False,1.0000000000000007,-1.0000000000000002,-2.271493369782831e-07,25.130344527284766,25.130344527284773,0.5626402330888572,False,False
24,17,0,0.07,-0.1,invalid_reference_chern,skipped_invalid_reference_chern,nan,nan,False,True,False,False,True,1.0000000000000004,-1.0000000000000004,0.9999999996382615,24.07426349379644,24.07426349379644,1.6727629296656121,False,False
24,17,1,0.07,-0.09,invalid_reference_chern,skipped_invalid_reference_chern,nan,nan,False,True,False,False,True,1.0,-0.9999999999999999,1.116507913094597,24.343179185132392,24.343179185132392,0.8177135301988201,False,False
24,17,2,0.07,-0.08,invalid_reference_chern,skipped_invalid_reference_chern,nan,nan,False,True,False,False,True,1.0000000000000004,-1.0000000000000004,0.9999077107400584,24.60155046988655,24.601550469886547,0.8546970551346371,False,False
24,17,3,0.07,-0.07,ok,ok,-0.05713566875724661,0.1941313206314011,False,True,False,True,False,0.9999999999999996,-0.9999999999999994,2.512129309607144e-11,24.849870544366862,24.849870544366873,1.7073143451369615,False,False
24,17,4,0.07,-0.06,invalid_reference_chern,skipped_invalid_reference_chern,nan,nan,False,True,False,False,True,0.9999999999999994,-0.9999999999999993,-0.6643220410165919,25.088595226368938,25.088595226368945,0.920150956972725,False,False
24,17,5,0.07,-0.05,invalid_reference_chern,skipped_invalid_reference_chern,nan,nan,False,True,False,False,True,1.0,-0.9999999999999999,-0.03586635102004381,25.318148159310567,25.318148159310578,0.8599799583380051,False,False
24,17,6,0.07,-0.04,invalid_reference_chern,skipped_invalid_reference_chern,nan,nan,False,True,False,False,True,1.0000000000000007,-1.0000000000000007,2.0055230366731847,25.538925062511215,25.53892506251122,0.7991879553669359,False,False
24,17,7,0.07,-0.03,invalid_reference_chern,skipped_invalid_reference_chern,nan,nan,False,True,False,False,True,1.0,-1.0000000000000002,-2.218301258559749,25.751297220726375,25.751297220726375,0.743266239430485,False,False
24,17,8,0.07,-0.02,invalid_reference_chern,skipped_invalid_reference_chern,nan,nan,False,True,False,False,True,1.0000000000000002,-1.0,2.0669594290068427,25.95561436342917,25.955614363429174,0.6916649891364699,False,False
24,17,9,0.07,-0.01,invalid_reference_chern,skipped_invalid_reference_chern,nan,nan,False,True,False,False,True,1.0000000000000009,-1.0000000000000009,2.992176568793846,25.94888992856534,25.94888992856535,0.6439114610507528,False,False
24,17,10,0.07,0.0,ok,ok,-0.05917797756582488,0.725731332026199,False,True,False,True,False,1.0000000000000007,-1.0000000000000007,3.8727851540658465e-05,25.857914243545693,25.857914243545693,2.4686987895654573,False,False
24,17,11,0.07,0.01,invalid_reference_chern,skipped_invalid_reference_chern,nan,nan,False,True,False,False,True,0.9999999999999984,-0.9999999999999986,2.022063292459594,25.770417326435616,25.770417326435616,0.558369399140837,False,False
24,17,12,0.07,0.02,invalid_reference_chern,skipped_invalid_reference_chern,nan,nan,False,True,False,False,True,1.0000000000000007,-1.0000000000000002,-2.0244071564129658,25.68629431947977,25.68629431947977,0.5199192403840881,False,False
24,17,13,0.07,0.03,invalid_reference_chern,skipped_invalid_reference_chern,nan,nan,False,True,False,False,True,1.0000000000000007,-1.0000000000000018,2.0568991226564632,25.60543993144765,25.605439931447645,0.48397812120649164,False,False
24,17,14,0.07,0.04,ok,ok,-0.0716769833895367,1.3462242343393414,False,True,False,True,False,0.999999999999999,-0.9999999999999986,4.3143096928050686e-05,25.527748752951098,25.5277487529511,2.9558955904465716,False,False
24,17,15,0.07,0.05,invalid_reference_chern,skipped_invalid_reference_chern,nan,nan,False,True,False,False,True,0.9999999999999996,-0.9999999999999999,0.03141621745185528,25.453115560679823,25.45311556067982,0.41870814023095576,False,False
24,17,16,0.07,0.06,invalid_reference_chern,skipped_invalid_reference_chern,nan,nan,False,True,False,False,True,0.9999999999999994,-0.9999999999999988,2.954687252520009,25.381435608587616,25.3814356085876,0.3889885715139929,False,False
24,17,17,0.07,0.07,invalid_reference_chern,skipped_invalid_reference_chern,nan,nan,False,True,False,False,True,1.0000000000000002,-0.9999999999999997,0.1061647975344506,25.312604904261242,25.31260490426124,0.360989207760059,False,False
24,17,18,0.07,0.08,invalid_reference_chern,skipped_invalid_reference_chern,nan,nan,False,True,False,False,True,1.0000000000000007,-1.0000000000000007,-0.026677849748488594,25.246520468934392,25.246520468934385,0.33456574640977377,False,False
24,17,19,0.07,0.09,nonconverged_hf,skipped_nonconverged_hf,nan,nan,False,False,True,True,False,0.9999999999999999,-1.0000000000000002,-8.525802289999519e-08,25.183080579860313,25.183080579860324,0.5631170238911124,False,False
24,17,20,0.07,0.1,invalid_reference_chern,skipped_invalid_reference_chern,nan,nan,False,True,False,False,True,0.9999999999999994,-0.9999999999999994,3.088222853816101,25.122184994023172,25.12218499402316,0.17894442593306356,False,False
24,18,0,0.08,-0.1,ok,ok,-0.057470666067663004,0.5729226934725086,False,True,False,True,False,0.9999999999999981,-0.9999999999999979,2.5668950239037355e-14,24.144591567392116,24.144591567392116,1.5365518755663399,False,False
24,18,1,0.08,-0.09,ok,ok,-0.06404608274151835,0.7024569018818988,False,True,False,True,False,0.9999999999999993,-0.9999999999999993,-0.002281671219996756,24.410328526162495,24.410328526162495,0.8252406379343334,False,False
24,18,2,0.08,-0.08,invalid_reference_chern,skipped_invalid_reference_chern,nan,nan,False,True,False,False,True,1.0000000000000009,-1.0000000000000007,-2.9632940125792477,24.66566381269433,24.66566381269434,0.8614962149559027,False,False
24,18,3,0.08,-0.07,invalid_reference_chern,skipped_invalid_reference_chern,nan,nan,False,True,False,False,True,1.0000000000000007,-1.0000000000000004,-0.03209308885175389,24.911080793108685,24.91108079310869,0.8948824703161238,False,False
24,18,4,0.08,-0.06,invalid_reference_chern,skipped_invalid_reference_chern,nan,nan,False,True,False,False,True,1.0000000000000004,-1.0000000000000002,0.6425586546340305,25.14702688451967,25.147026884519665,0.9093376814703529,False,False
24,18,5,0.08,-0.05,invalid_reference_chern,skipped_invalid_reference_chern,nan,nan,False,True,False,False,True,1.0,-0.9999999999999997,-0.9829130417332386,25.373918475380037,25.37391847538003,0.8495243659354765,False,False
24,18,6,0.08,-0.04,invalid_reference_chern,skipped_invalid_reference_chern,nan,nan,False,True,False,False,True,1.0000000000000002,-1.0000000000000004,-0.017303044148069602,25.59214495193314,25.592144951933125,0.7898377208767607,False,False
24,18,7,0.08,-0.03,invalid_reference_chern,skipped_invalid_reference_chern,nan,nan,False,True,False,False,True,0.9999999999999988,-0.999999999999999,0.23637341000282405,25.80207201042368,25.802072010423682,0.7348856500354182,False,False
24,18,8,0.08,-0.02,invalid_reference_chern,skipped_invalid_reference_chern,nan,nan,False,True,False,False,True,0.9999999999999984,-0.9999999999999988,-0.008384257062773435,26.004044395381495,26.004044395381484,0.6841383792036693,False,False
24,18,9,0.08,-0.01,invalid_reference_chern,skipped_invalid_reference_chern,nan,nan,False,True,False,False,True,1.0000000000000007,-1.0000000000000007,-2.0444239958486703,25.926687466779274,25.92668746677927,0.637139825824216,False,False
24,18,10,0.08,0.0,invalid_reference_chern,skipped_invalid_reference_chern,nan,nan,False,True,False,False,True,0.9999999999999994,-0.9999999999999996,0.055074393885561915,25.83725552846785,25.837255528467853,0.5934957571628033,False,False
24,18,11,0.08,0.01,invalid_reference_chern,skipped_invalid_reference_chern,nan,nan,False,True,False,False,True,1.0000000000000007,-1.0000000000000007,-2.9387392888317176,25.751252760358536,25.751252760358543,0.5528640472824582,False,False
24,18,12,0.08,0.02,invalid_reference_chern,skipped_invalid_reference_chern,nan,nan,False,True,False,False,True,0.999999999999998,-0.9999999999999984,0.035602971066586574,25.668574191236313,25.66857419123631,0.5149466355210425,False,False
24,18,13,0.08,0.03,invalid_reference_chern,skipped_invalid_reference_chern,nan,nan,False,True,False,False,True,0.9999999999999997,-1.0,3.0143810796008474,25.58911458541875,25.589114585418738,0.4794828674524696,False,False
24,18,14,0.08,0.04,invalid_reference_chern,skipped_invalid_reference_chern,nan,nan,False,True,False,False,True,0.9999999999999996,-0.9999999999999991,2.0614097578933683,25.512768749138136,25.51276874913812,0.44624396167684893,False,False
24,18,15,0.08,0.05,invalid_reference_chern,skipped_invalid_reference_chern,nan,nan,False,True,False,False,True,1.0000000000000002,-1.0000000000000004,0.04417578722519489,25.439431825009216,25.439431825009216,0.4150283960304182,False,False
24,18,16,0.08,0.06,invalid_reference_chern,skipped_invalid_reference_chern,nan,nan,False,True,False,False,True,1.0000000000000002,-1.0000000000000002,2.8986381154468446,25.368999572772193,25.368999572772204,0.3856580468797482,False,False
24,18,17,0.08,0.07,invalid_reference_chern,skipped_invalid_reference_chern,nan,nan,False,True,False,False,True,1.0000000000000002,-1.0000000000000004,2.9523203728083875,25.3013686347011,25.301368634701085,0.3579749472037122,False,False
24,18,18,0.08,0.08,invalid_reference_chern,skipped_invalid_reference_chern,nan,nan,False,True,False,False,True,0.9999999999999989,-0.9999999999999994,-2.9506211156897657,25.236436784296245,25.236436784296245,0.3318385547471602,False,False
24,18,19,0.08,0.09,invalid_reference_chern,skipped_invalid_reference_chern,nan,nan,False,True,False,False,True,0.9999999999999993,-0.9999999999999999,-2.911320835548546,25.174103157127846,25.17410315712785,0.3071234420328738,False,False
24,18,20,0.08,0.1,nonconverged_hf,skipped_nonconverged_hf,nan,nan,False,False,True,True,False,1.0000000000000004,-1.0000000000000004,-2.1835208380677988e-07,25.114268462955767,25.114268462955767,0.5622458487812025,False,False
24,19,0,0.09,-0.1,invalid_reference_chern,skipped_invalid_reference_chern,nan,nan,False,True,False,False,True,0.9999999999999996,-0.9999999999999991,0.012281081694933737,24.21404007621844,24.214040076218435,0.7938390085887174,False,False
24,19,1,0.09,-0.09,invalid_reference_chern,skipped_invalid_reference_chern,nan,nan,False,True,False,False,True,1.0000000000000007,-1.0000000000000007,0.012363249839605878,24.476631942047177,24.476631942047174,0.8325985069054438,False,False
24,19,2,0.09,-0.08,invalid_reference_chern,skipped_invalid_reference_chern,nan,nan,False,True,False,False,True,1.0000000000000002,-0.9999999999999997,1.4865851236620824,24.728962928541787,24.728962928541787,0.868149158145309,False,False
24,19,3,0.09,-0.07,invalid_reference_chern,skipped_invalid_reference_chern,nan,nan,False,True,False,False,True,1.0,-0.9999999999999996,0.25887842669660194,24.971506901686514,24.97150690168652,0.9009244287712651,False,False
24,19,4,0.09,-0.06,ok,ok,-0.059664460168845565,0.8598229844577837,False,True,False,True,False,0.9999999999999999,-0.9999999999999994,4.5877356062240715e-12,25.20470313011042,25.204703130110417,1.540744106120833,False,False
24,19,5,0.09,-0.05,invalid_reference_chern,skipped_invalid_reference_chern,nan,nan,False,True,False,False,True,1.0000000000000009,-1.0000000000000009,2.11427033156788,25.42896093941788,25.428960939417887,0.839305623656787,False,False
24,19,6,0.09,-0.04,invalid_reference_chern,skipped_invalid_reference_chern,nan,nan,False,True,False,False,True,0.9999999999999988,-0.9999999999999991,-0.01948409018254792,25.644663528480866,25.64466352848087,0.7806935401570737,False,False
24,19,7,0.09,-0.03,invalid_reference_chern,skipped_invalid_reference_chern,nan,nan,False,True,False,False,True,0.9999999999999994,-1.0,-0.16943490471290928,25.8521711149,25.852171114900003,0.726685127131136,False,False
24,19,8,0.09,-0.02,invalid_reference_chern,skipped_invalid_reference_chern,nan,nan,False,True,False,False,True,1.0000000000000007,-1.0000000000000007,2.9600896032320945,25.99636186796799,25.99636186796799,0.6767698012302167,False,False
24,19,9,0.09,-0.01,invalid_reference_chern,skipped_invalid_reference_chern,nan,nan,False,True,False,False,True,1.0000000000000002,-1.0000000000000002,-2.9843882024994373,25.904966351161086,25.90496635116109,0.6305074502841567,False,False
24,19,10,0.09,0.0,invalid_reference_chern,skipped_invalid_reference_chern,nan,nan,False,True,False,False,True,1.0,-1.0,0.9654533926141978,25.817054973762435,25.81705497376242,0.5875171841130796,False,False
24,19,11,0.09,0.01,invalid_reference_chern,skipped_invalid_reference_chern,nan,nan,False,True,False,False,True,0.999999999999998,-0.999999999999998,0.03567219854823103,25.732523145676485,25.732523145676474,0.5474680680739717,False,False
24,19,12,0.09,0.02,invalid_reference_chern,skipped_invalid_reference_chern,nan,nan,False,True,False,False,True,0.9999999999999994,-0.9999999999999999,-2.992471792653646,25.65126586754621,25.651265867546204,0.5100714656105338,False,False
24,19,13,0.09,0.03,invalid_reference_chern,skipped_invalid_reference_chern,nan,nan,False,True,False,False,True,0.9999999999999997,-0.9999999999999999,-0.01915805339182941,25.57317803874221,25.573178038742217,0.47507468955557025,False,False
24,19,14,0.09,0.04,invalid_reference_chern,skipped_invalid_reference_chern,nan,nan,False,True,False,False,True,1.0,-0.9999999999999999,-1.9998716062747284,25.498154754528926,25.498154754528915,0.44225572041862626,False,False
24,19,15,0.09,0.05,ok,ok,-0.06635969037800095,0.6473119646943223,False,True,False,True,False,1.0000000000000009,-1.000000000000001,1.7837423711394122e-05,25.426091590575574,25.426091590575574,2.6744750741980603,False,False
24,19,16,0.09,0.06,invalid_reference_chern,skipped_invalid_reference_chern,nan,nan,False,True,False,False,True,1.0000000000000009,-1.0000000000000007,-0.030816653750012017,25.356884873150495,25.356884873150495,0.38239072264460927,False,False
24,19,17,0.09,0.07,invalid_reference_chern,skipped_invalid_reference_chern,nan,nan,False,True,False,False,True,1.0000000000000004,-1.0000000000000002,-1.9994559788173876,25.290431933543847,25.290431933543857,0.28054582843131354,False,False
24,19,18,0.09,0.08,nonconverged_hf,skipped_nonconverged_hf,nan,nan,False,False,True,True,False,0.9999999999999983,-0.9999999999999989,-1.255582615655854e-07,25.22663134548875,25.22663134548875,0.5638538340115938,False,False
24,19,19,0.09,0.09,invalid_reference_chern,skipped_invalid_reference_chern,nan,nan,False,True,False,False,True,0.999999999999999,-0.9999999999999989,-2.087339177284389,25.16538314459204,25.16538314459205,0.30470419222783734,False,False
24,19,20,0.09,0.1,nonconverged_hf,skipped_nonconverged_hf,nan,nan,False,False,True,True,False,0.9999999999999999,-1.0000000000000002,-2.722969789851439e-07,25.10658902903875,25.10658902903876,0.5643100215276626,False,False
24,20,0,0.1,-0.1,invalid_reference_chern,skipped_invalid_reference_chern,nan,nan,False,True,False,False,True,0.9999999999999993,-0.9999999999999997,-0.025585884792798743,24.28261255375856,24.282612553758565,0.8018254410502168,False,False
24,20,1,0.1,-0.09,ok,ok,-0.05494137320219192,0.5226806055085026,False,True,False,True,False,0.9999999999999999,-1.0000000000000002,-6.341882468133883e-13,24.54209296895827,24.54209296895827,1.5916826652855385,False,False
24,20,2,0.1,-0.08,invalid_reference_chern,skipped_invalid_reference_chern,nan,nan,False,True,False,False,True,0.9999999999999994,-0.999999999999999,-2.0235469410095464,24.791451403666212,24.791451403666212,0.8746593086653269,False,False
24,20,3,0.1,-0.07,invalid_reference_chern,skipped_invalid_reference_chern,nan,nan,False,True,False,False,True,1.0000000000000002,-0.9999999999999996,-0.9999999972056107,25.031152534881212,25.031152534881215,1.845139290912404,False,False
24,20,4,0.1,-0.06,invalid_reference_chern,skipped_invalid_reference_chern,nan,nan,False,True,False,False,True,1.0000000000000002,-1.0000000000000004,0.8717636329012631,25.26162772101454,25.261627721014552,0.8919357854425227,False,False
24,20,5,0.1,-0.05,invalid_reference_chern,skipped_invalid_reference_chern,nan,nan,False,True,False,False,True,0.9999999999999993,-0.9999999999999996,2.906810603641998,25.48327940677797,25.483279406777964,0.8293184380811522,False,False
24,20,6,0.1,-0.04,invalid_reference_chern,skipped_invalid_reference_chern,nan,nan,False,True,False,False,True,1.0000000000000002,-0.9999999999999999,0.33883977708464685,25.69648474208414,25.69648474208414,0.7717510890149634,False,False
24,20,7,0.1,-0.03,invalid_reference_chern,skipped_invalid_reference_chern,nan,nan,False,True,False,False,True,0.999999999999999,-0.9999999999999991,0.025461956222734086,25.90159857065079,25.90159857065079,0.7186611236625674,False,False
24,20,8,0.1,-0.02,invalid_reference_chern,skipped_invalid_reference_chern,nan,nan,False,True,False,False,True,1.0000000000000002,-0.9999999999999997,2.8650171714908836,25.97356757011497,25.973567570114945,0.6695563332035996,False,False
24,20,9,0.1,-0.01,invalid_reference_chern,skipped_invalid_reference_chern,nan,nan,False,True,False,False,True,1.0000000000000002,-1.0000000000000002,2.0510323780851336,25.883718932421313,25.88371893242131,0.6240119167164657,False,False
24,20,10,0.1,0.0,invalid_reference_chern,skipped_invalid_reference_chern,nan,nan,False,True,False,False,True,1.0,-1.0,-2.097681075342043,25.797304942954487,25.797304942954483,0.5816597925978607,False,False
24,20,11,0.1,0.01,invalid_reference_chern,skipped_invalid_reference_chern,nan,nan,False,True,False,False,True,1.0000000000000002,-1.0,-0.02045155091445281,25.71422089955009,25.714220899550092,0.5421797834035972,False,False
24,20,12,0.1,0.02,invalid_reference_chern,skipped_invalid_reference_chern,nan,nan,False,True,False,False,True,0.9999999999999994,-0.9999999999999994,0.9662112565584717,25.634361856744214,25.63436185674421,0.5052923225123316,False,False
24,20,13,0.1,0.03,invalid_reference_chern,skipped_invalid_reference_chern,nan,nan,False,True,False,False,True,0.9999999999999997,-0.9999999999999999,0.04559272605752561,25.557622925115837,25.557622925115822,0.47075239998836566,False,False
24,20,14,0.1,0.04,invalid_reference_chern,skipped_invalid_reference_chern,nan,nan,False,True,False,False,True,0.9999999999999988,-0.9999999999999984,2.0271901986121517,25.48389955900323,25.48389955900323,0.4383445198656971,False,False
24,20,15,0.1,0.05,invalid_reference_chern,skipped_invalid_reference_chern,nan,nan,False,True,False,False,True,0.9999999999999989,-0.9999999999999991,-2.928903109091139,25.41308783090641,25.413087830906417,0.4078784853235615,False,False
24,20,16,0.1,0.06,invalid_reference_chern,skipped_invalid_reference_chern,nan,nan,False,True,False,False,True,0.9999999999999994,-0.9999999999999997,2.0572860512479196,25.345084691065214,25.3450846910652,0.3791858635635992,False,False
24,20,17,0.1,0.07,invalid_reference_chern,skipped_invalid_reference_chern,nan,nan,False,True,False,False,True,0.9999999999999993,-0.9999999999999996,-2.0987532623453617,25.27978821090423,25.27978821090424,0.35211701046926086,False,False
24,20,18,0.1,0.08,invalid_reference_chern,skipped_invalid_reference_chern,nan,nan,False,True,False,False,True,1.0000000000000004,-1.0000000000000004,-2.954193051775306,25.217097809259005,25.21709780925899,0.3265385577750297,False,False
24,20,19,0.1,0.09,invalid_reference_chern,skipped_invalid_reference_chern,nan,nan,False,True,False,False,True,0.999999999999999,-0.9999999999999989,2.0259203990744488,25.156914460535223,25.156914460535223,0.30233128360931677,False,False
24,20,20,0.1,0.1,invalid_reference_chern,skipped_invalid_reference_chern,nan,nan,False,True,False,False,True,0.9999999999999996,-0.9999999999999996,-0.03372498285816071,25.099140884193258,25.099140884193268,0.27938830187321434,False,False
