theta_deg,u_D_meV,fit_status,cG_inf,rmse_cG_fit,selected_cG_inf_lt_m0p02,percent_error
2.0,0.0,fit_ok_best5,-0.0708652916077459,5.711248998140196e-05,True,0.08059303600630255
2.0,0.5,fit_ok_best5,-0.064608992427832,9.260508147324013e-05,True,0.14333156731499824
2.0,1.0,fit_ok_best5,0.0098302623644972,8.75124243207348e-06,False,
2.0,1.5,fit_ok_best5,0.0067120547270673,1.0409537823381404e-05,False,
2.0,2.0,fit_ok_best5,0.0051034005940842,1.2728154781663132e-06,False,
2.0,2.5,fit_ok_best5,0.0041675540479403,1.0808002324012491e-06,False,
2.0,3.0,fit_ok_best5,0.0034962735355799,1.321588360359445e-06,False,
2.0,3.5,fit_ok_best5,0.0029318469056031,2.6806287370338513e-07,False,
2.0,4.0,fit_ok_best5,0.0025302178400333,2.2748768521769906e-07,False,
2.0,4.5,fit_ok_best5,0.0022222591371028,2.0702109810034878e-07,False,
2.0,5.0,fit_ok_best5,0.0019316886560339,1.7009097216481535e-06,False,
2.0,5.5,fit_ok_best5,0.0016071285865441,1.2178479967222458e-07,False,
2.0,6.0,fit_ok_best5,0.0014327381632839,1.122699141031715e-07,False,
2.0,6.5,fit_ok_best5,0.0012910318137528,2.89233429785911e-07,False,
2.0,7.0,fit_ok_best5,0.0011529729681784,6.585509728814727e-07,False,
2.0,7.5,fit_ok_best5,0.0009971705893283,2.958987635092967e-07,False,
2.0,8.0,fit_ok_best5,0.0008970996723512,3.029088759904716e-07,False,
2.0,8.5,fit_ok_best5,0.0008075259629891,4.008056589615079e-07,False,
2.0,9.0,fit_ok_best5,0.0007290442266363,3.2474702876080045e-07,False,
2.0,9.5,fit_ok_best5,0.0006618539403524,2.725607553505241e-07,False,
2.0,10.0,fit_ok_best5,0.0006029928970207,2.831172880831225e-07,False,
2.0,10.5,fit_ok_best5,0.0005512500907378,2.69570515658762e-07,False,
2.0,11.0,fit_ok_best5,0.0005112958702899,2.015341143826693e-07,False,
2.0,11.5,fit_ok_best5,0.0004715648714315,2.52498660267669e-07,False,
2.0,12.0,fit_ok_best5,0.0004335324935238,2.0033060112130754e-07,False,
2.0,12.5,fit_ok_best5,0.0004076652889833,2.0011097276977427e-07,False,
2.0,13.0,fit_ok_best5,0.0003851049677419,1.9276617817754399e-07,False,
2.0,13.5,fit_ok_best5,0.0003650419847855,1.8440573307497266e-07,False,
2.0,14.0,fit_ok_best5,0.0003469641279408,1.7649437718664737e-07,False,
2.0,14.5,fit_ok_best5,0.0003305278548335,1.6921055510193173e-07,False,
2.0,15.0,fit_ok_best5,0.0003154875755049,1.625163814275215e-07,False,
2.0,15.5,fit_ok_best5,0.0003016578863058,1.5634834903026646e-07,False,
2.0,16.0,fit_ok_best5,0.0002888927361293,1.506478187759476e-07,False,
2.0,16.5,fit_ok_best5,0.0002770733057488,1.453643111088231e-07,False,
2.0,17.0,fit_ok_best5,0.0002661005529039,1.404545791111992e-07,False,
2.0,17.5,fit_ok_best5,0.0002558903862167,1.358813230446743e-07,False,
2.0,18.0,fit_ok_best5,0.0002463703926535,1.3161215019403496e-07,False,
2.0,18.5,fit_ok_best5,0.0002374775264797,1.2761871984715525e-07,False,
2.0,19.0,fit_ok_best5,0.0002291564180468,1.2387611592263449e-07,False,
2.0,19.5,fit_ok_best5,0.0002213580972018,1.2036232569999133e-07,False,
2.0,20.0,fit_ok_best5,0.0002140390043934,1.170578159719704e-07,False,
2.05,0.0,fit_ok_best5,-0.0699334699087924,0.0001421044262225,True,0.2031994500027431
2.05,0.5,fit_ok_best5,-0.0672790545095457,8.365360773425824e-05,True,0.12433826299147721
2.05,1.0,fit_ok_best5,0.0110977689016444,7.236600555741212e-06,False,
2.05,1.5,fit_ok_best5,0.007952629578173,1.975183862712796e-06,False,
2.05,2.0,fit_ok_best5,0.0061733679934227,4.657540218382136e-07,False,
2.05,2.5,fit_ok_best5,0.0049994735301304,9.761915091605935e-07,False,
2.05,3.0,fit_ok_best5,0.0041726383086421,1.230318489934877e-06,False,
2.05,3.5,fit_ok_best5,0.0034314936995271,5.760384878429225e-07,False,
2.05,4.0,fit_ok_best5,0.0029819924455497,2.1827030900019187e-07,False,
2.05,4.5,fit_ok_best5,0.0026236107200068,1.907032313996377e-07,False,
2.05,5.0,fit_ok_best5,0.0022938786222374,2.2368496732522833e-06,False,
2.05,5.5,fit_ok_best5,0.0019037281740246,2.044955881042372e-07,False,
2.05,6.0,fit_ok_best5,0.0017080097278315,8.609490985009541e-08,False,
2.05,6.5,fit_ok_best5,0.0015408293501304,1.895936037319278e-07,False,
2.05,7.0,fit_ok_best5,0.0013853369076689,5.544363730000648e-07,False,
2.05,7.5,fit_ok_best5,0.0011995398337306,4.479526592194699e-07,False,
2.05,8.0,fit_ok_best5,0.0010830951466883,2.3621554510536433e-07,False,
2.05,8.5,fit_ok_best5,0.0009902074804211,3.620614546637989e-07,False,
2.05,9.0,fit_ok_best5,0.0008867040250232,4.469563133997183e-07,False,
2.05,9.5,fit_ok_best5,0.000806349658879,3.147993527709544e-07,False,
2.05,10.0,fit_ok_best5,0.0007370238602377,3.089188393366561e-07,False,
2.05,10.5,fit_ok_best5,0.0006754001991366,3.1443302985252264e-07,False,
2.05,11.0,fit_ok_best5,0.0006212181280005,3.044454718473684e-07,False,
2.05,11.5,fit_ok_best5,0.0005791581476669,1.8314951417123897e-07,False,
2.05,12.0,fit_ok_best5,0.0005374473252589,2.813813182289244e-07,False,
2.05,12.5,fit_ok_best5,0.000496515720024,2.230429472661243e-07,False,
2.05,13.0,fit_ok_best5,0.0004685602687986,2.232518670073694e-07,False,
2.05,13.5,fit_ok_best5,0.0004440037053609,2.1580830931072105e-07,False,
2.05,14.0,fit_ok_best5,0.0004220539438998,2.0699549227868717e-07,False,
2.05,14.5,fit_ok_best5,0.0004021982112497,1.985391789498282e-07,False,
2.05,15.0,fit_ok_best5,0.0003840862881702,1.907048533260201e-07,False,
2.05,15.5,fit_ok_best5,0.0003674646275196,1.8347741140244174e-07,False,
2.05,16.0,fit_ok_best5,0.0003521401624523,1.7679838516984028e-07,False,
2.05,16.5,fit_ok_best5,0.0003379598986517,1.706096178322766e-07,False,
2.05,17.0,fit_ok_best5,0.0003247988415291,1.6485992966005208e-07,False,
2.05,17.5,fit_ok_best5,0.0003125524738757,1.59505114070134e-07,False,
2.05,18.0,fit_ok_best5,0.0003011318366158,1.545068663928667e-07,False,
2.05,18.5,fit_ok_best5,0.0002904601659913,1.498317800948195e-07,False,
2.05,19.0,fit_ok_best5,0.0002804705040277,1.45450542892957e-07,False,
2.05,19.5,fit_ok_best5,0.0002711039432705,1.4133729759999365e-07,False,
2.05,20.0,fit_ok_best5,0.0002623082962488,1.3746912838749326e-07,False,
2.1,0.0,fit_ok_best5,-0.070907137013971,2.558056086568855e-05,True,0.03607614401445704
2.1,0.5,fit_ok_best5,-0.0669604211789626,0.0002641100151667,True,0.3944270518562347
2.1,1.0,fit_ok_best5,-0.0585698644507399,0.0002995367986004,True,0.5114179474537199
2.1,1.5,fit_ok_best5,0.009676533376232,1.4567684126333574e-06,False,
2.1,2.0,fit_ok_best5,0.0074306038722643,1.3469663264497351e-06,False,
2.1,2.5,fit_ok_best5,0.005977517870922,2.106902075944826e-06,False,
2.1,3.0,fit_ok_best5,0.0049004408322104,2.298933373937004e-06,False,
2.1,3.5,fit_ok_best5,0.0040210523831926,5.855291688927722e-07,False,
2.1,4.0,fit_ok_best5,0.0034881337898399,4.259359080540291e-07,False,
2.1,4.5,fit_ok_best5,0.0030763592282429,1.4195363851287158e-07,False,
2.1,5.0,fit_ok_best5,0.0026974295977245,2.9454120028786005e-06,False,
2.1,5.5,fit_ok_best5,0.002234334385353,4.057716000602836e-07,False,
2.1,6.0,fit_ok_best5,0.0020105213994142,1.8780672496567374e-07,False,
2.1,6.5,fit_ok_best5,0.0018196871610914,6.658695839062132e-08,False,
2.1,7.0,fit_ok_best5,0.0016465754802636,3.199678499031706e-07,False,
2.1,7.5,fit_ok_best5,0.0014294634881848,7.861002674391713e-07,False,
2.1,8.0,fit_ok_best5,0.0012922241481506,1.9174286561448946e-07,False,
2.1,8.5,fit_ok_best5,0.0011849311749857,3.032403877025939e-07,False,
2.1,9.0,fit_ok_best5,0.0010924951637084,4.335663619364047e-07,False,
2.1,9.5,fit_ok_best5,0.0009720065891579,4.4849090266887635e-07,False,
2.1,10.0,fit_ok_best5,0.0008901062741461,3.12750148363011e-07,False,
2.1,10.5,fit_ok_best5,0.0008183856873507,3.569358917852016e-07,False,
2.1,11.0,fit_ok_best5,0.0007539901901,3.4431661161799666e-07,False,
2.1,11.5,fit_ok_best5,0.0006973925219325,3.399528392695937e-07,False,
2.1,12.0,fit_ok_best5,0.0006533807738775,1.96967317667238e-07,False,
2.1,12.5,fit_ok_best5,0.0006094663285975,3.116569000271916e-07,False,
2.1,13.0,fit_ok_best5,0.0005653966053535,2.4662427129567517e-07,False,
2.1,13.5,fit_ok_best5,0.0005352657779823,2.47712759853071e-07,False,
2.1,14.0,fit_ok_best5,0.0005086442454255,2.404570066953868e-07,False,
2.1,14.5,fit_ok_best5,0.0004847475798448,2.312744154891924e-07,False,
2.1,15.0,fit_ok_best5,0.0004630580035446,2.2229067059292175e-07,False,
2.1,15.5,fit_ok_best5,0.000443216518966,2.1390390329585693e-07,False,
2.1,16.0,fit_ok_best5,0.0004249606040356,2.061352682642234e-07,False,
2.1,16.5,fit_ok_best5,0.0004080890286254,1.98935295915659e-07,False,
2.1,17.0,fit_ok_best5,0.0003924416153583,1.922474477533701e-07,False,
2.1,17.5,fit_ok_best5,0.0003778870894463,1.8602023197523206e-07,False,
2.1,18.0,fit_ok_best5,0.0003643154273352,1.8020861494711457e-07,False,
2.1,18.5,fit_ok_best5,0.000351632809754,1.747733275531183e-07,False,
2.1,19.0,fit_ok_best5,0.0003397581520091,1.6968002830381874e-07,False,
2.1,19.5,fit_ok_best5,0.0003286206260188,1.6489847628523398e-07,False,
2.1,20.0,fit_ok_best5,0.0003181578332238,1.6040190935847813e-07,False,
2.15,0.0,fit_ok_best5,-0.0701392834026701,9.250892065879072e-05,True,0.13189316481563745
2.15,0.5,fit_ok_best5,-0.0689482044250011,0.0001442804367364,True,0.20925916481747114
2.15,1.0,fit_ok_best5,-0.0624278043314402,0.0003852593101878,True,0.6171277595194452
2.15,1.5,fit_ok_best5,0.0119683350380481,3.271844405390698e-06,False,
2.15,2.0,fit_ok_best5,0.008934396065287,2.5324971966031432e-06,False,
2.15,2.5,fit_ok_best5,0.0068754349236571,3.4755606059940846e-06,False,
2.15,3.0,fit_ok_best5,0.0055911664265295,2.232954943866102e-06,False,
2.15,3.5,fit_ok_best5,0.0046953047311699,6.907095621668778e-07,False,
2.15,4.0,fit_ok_best5,0.0040591673275905,8.192542077662486e-07,False,
2.15,4.5,fit_ok_best5,0.0035709129111393,6.828652085578531e-07,False,
2.15,5.0,fit_ok_best5,0.0029800981053346,3.6815004678727594e-06,False,
2.15,5.5,fit_ok_best5,0.0026038489068864,7.25111418929266e-07,False,
2.15,6.0,fit_ok_best5,0.0023462957116072,3.517122628829747e-07,False,
2.15,6.5,fit_ok_best5,0.0021286005464171,3.343641940947788e-08,False,
2.15,7.0,fit_ok_best5,0.0019364378908572,9.396354910936897e-08,False,
2.15,7.5,fit_ok_best5,0.001750464268414,1.0274195321575803e-06,False,
2.15,8.0,fit_ok_best5,0.001526086948119,3.41054182595549e-07,False,
2.15,8.5,fit_ok_best5,0.001394322390738,1.912669630271796e-07,False,
2.15,9.0,fit_ok_best5,0.0012850189266589,3.6227804322852513e-07,False,
2.15,9.5,fit_ok_best5,0.0011908341186526,5.158610379764512e-07,False,
2.15,10.0,fit_ok_best5,0.0010638561098791,4.194643513308383e-07,False,
2.15,10.5,fit_ok_best5,0.0009803763641738,3.3223408996378745e-07,False,
2.15,11.0,fit_ok_best5,0.0009060426577307,4.1067169465794265e-07,False,
2.15,11.5,fit_ok_best5,0.0008389152647499,3.7367392490109025e-07,False,
2.15,12.0,fit_ok_best5,0.000779893223505,3.735059765489705e-07,False,
2.15,12.5,fit_ok_best5,0.0007341016970858,2.226591539159501e-07,False,
2.15,13.0,fit_ok_best5,0.000687764247187,3.42432518976291e-07,False,
2.15,13.5,fit_ok_best5,0.0006403342693955,2.711189571292745e-07,False,
2.15,14.0,fit_ok_best5,0.0006079518045525,2.733503334704318e-07,False,
2.15,14.5,fit_ok_best5,0.0005792044671699,2.666734035885429e-07,False,
2.15,15.0,fit_ok_best5,0.000553307434754,2.572550718224593e-07,False,
2.15,15.5,fit_ok_best5,0.0005297343306594,2.477814382855765e-07,False,
2.15,16.0,fit_ok_best5,0.0005081155456338,2.3884847732784143e-07,False,
2.15,16.5,fit_ok_best5,0.0004881786143231,2.305347665793248e-07,False,
2.15,17.0,fit_ok_best5,0.0004697136311114,2.2280643409371986e-07,False,
2.15,17.5,fit_ok_best5,0.0004525529669047,2.1561066496641267e-07,False,
2.15,18.0,fit_ok_best5,0.0004365589340625,2.0889634697241042e-07,False,
2.15,18.5,fit_ok_best5,0.0004216159461536,2.0261783678844665e-07,False,
2.15,19.0,fit_ok_best5,0.0004076253134516,1.9673504880842633e-07,False,
2.15,19.5,fit_ok_best5,0.0003945016462387,1.9121273612671266e-07,False,
2.15,20.0,fit_ok_best5,0.000382170277367,1.860197777777187e-07,False,
2.2,0.0,fit_ok_best5,-0.0694690449119058,0.0001502826699861,True,0.21633041043917411
2.2,0.5,fit_ok_best5,-0.0685604582503284,0.0002464807132687,True,0.35950855574615326
2.2,1.0,fit_ok_best5,-0.06555869848418,0.0003099988632532,True,0.4728569517407457
2.2,1.5,fit_ok_best5,-0.0558009198813978,0.0002255977087624,True,0.40429030424927975
2.2,2.0,fit_ok_best5,0.0106933584626136,4.24536233529101e-06,False,
2.2,2.5,fit_ok_best5,0.0080760457338114,3.781759798501085e-06,False,
2.2,3.0,fit_ok_best5,0.006532774675547,2.20319838842468e-06,False,
2.2,3.5,fit_ok_best5,0.0054641483197222,9.251623845471736e-07,False,
2.2,4.0,fit_ok_best5,0.0047069813393056,1.1299619214131035e-06,False,
2.2,4.5,fit_ok_best5,0.0041270570339413,1.3399463818555442e-06,False,
2.2,5.0,fit_ok_best5,0.0034630453928287,2.793373378253993e-06,False,
2.2,5.5,fit_ok_best5,0.0030256301918474,1.0047186083647945e-06,False,
2.2,6.0,fit_ok_best5,0.0027355454020335,3.942689569234977e-07,False,
2.2,6.5,fit_ok_best5,0.0024704870263022,8.125761162576788e-08,False,
2.2,7.0,fit_ok_best5,0.0022519757106801,1.2035285138497958e-07,False,
2.2,7.5,fit_ok_best5,0.0020529413381005,6.251698692509151e-07,False,
2.2,8.0,fit_ok_best5,0.0017884538806724,8.228236181367512e-07,False,
2.2,8.5,fit_ok_best5,0.0016353360147033,3.527690342983597e-08,False,
2.2,9.0,fit_ok_best5,0.0015111051170817,2.0550051187411255e-07,False,
2.2,9.5,fit_ok_best5,0.0014034253996288,3.847240635566587e-07,False,
2.2,10.0,fit_ok_best5,0.0012607032169889,6.574041166994889e-07,False,
2.2,10.5,fit_ok_best5,0.0011624481095045,3.791227901000101e-07,False,
2.2,11.0,fit_ok_best5,0.0010771790129801,3.742209734812252e-07,False,
2.2,11.5,fit_ok_best5,0.0010116277152827,4.596559691730946e-07,False,
2.2,12.0,fit_ok_best5,0.000930295351999,4.035680628580717e-07,False,
2.2,12.5,fit_ok_best5,0.0008688223326684,4.03318527064345e-07,False,
2.2,13.0,fit_ok_best5,0.0008214393085084,2.738938953520225e-07,False,
2.2,13.5,fit_ok_best5,0.0007724806580824,3.743746103443556e-07,False,
2.2,14.0,fit_ok_best5,0.0007214768517867,2.968842565857149e-07,False,
2.2,14.5,fit_ok_best5,0.0006867739639836,2.999436847904169e-07,False,
2.2,15.0,fit_ok_best5,0.0006558462459522,2.943706073660346e-07,False,
2.2,15.5,fit_ok_best5,0.0006279009838735,2.8492744763399765e-07,False,
2.2,16.0,fit_ok_best5,0.0006024001578142,2.750325101161092e-07,False,
2.2,16.5,fit_ok_best5,0.0005789618748981,2.6557218207808997e-07,False,
2.2,17.0,fit_ok_best5,0.0005573027677666,2.567152566607405e-07,False,
2.2,17.5,fit_ok_best5,0.0005372037042036,2.484543720774312e-07,False,
2.2,18.0,fit_ok_best5,0.0005184892916475,2.407441195872277e-07,False,
2.2,18.5,fit_ok_best5,0.0005010152575726,2.3353497658065146e-07,False,
2.2,19.0,fit_ok_best5,0.0004846603659416,2.2678118799806137e-07,False,
2.2,19.5,fit_ok_best5,0.0004693210210174,2.2044200658740166e-07,False,
2.2,20.0,fit_ok_best5,0.0004549075242637,2.1448139228008157e-07,False,
2.25,0.0,fit_ok_best5,-0.0704860762980565,3.1154369716007314e-05,True,0.044199324678349736
2.25,0.5,fit_ok_best5,-0.070237317072101,0.0001116123127359,True,0.15890742612125427
2.25,1.0,fit_ok_best5,-0.0682051962310797,0.0001924251404623,True,0.28212680425456477
2.25,1.5,fit_ok_best5,-0.0603339538171069,0.0004623646964939,True,0.766342444414446
2.25,2.0,fit_ok_best5,0.0129587619143275,5.942108542853466e-06,False,
2.25,2.5,fit_ok_best5,0.0095043111543434,4.117020621688574e-06,False,
2.25,3.0,fit_ok_best5,0.0076194331936242,2.3995883988843955e-06,False,
2.25,3.5,fit_ok_best5,0.0063383704294274,1.2549322428434929e-06,False,
2.25,4.0,fit_ok_best5,0.0054403555970419,1.3505432404374457e-06,False,
2.25,4.5,fit_ok_best5,0.0047570001418982,1.616691366088905e-06,False,
2.25,5.0,fit_ok_best5,0.0040851874463348,2.961907399033337e-06,False,
2.25,5.5,fit_ok_best5,0.0035635038048045,1.5502513803270403e-06,False,
2.25,6.0,fit_ok_best5,0.0031580705771405,1.808588217006693e-07,False,
2.25,6.5,fit_ok_best5,0.0028546540175722,1.507634095446836e-07,False,
2.25,7.0,fit_ok_best5,0.0026031097016505,1.8382682595782258e-07,False,
2.25,7.5,fit_ok_best5,0.002385425973914,1.5896497504367284e-07,False,
2.25,8.0,fit_ok_best5,0.0020838117109514,1.5913762553930846e-06,False,
2.25,8.5,fit_ok_best5,0.0019006191984259,2.106494397000789e-07,False,
2.25,9.0,fit_ok_best5,0.0017540225203201,1.0130653097437741e-07,False,
2.25,9.5,fit_ok_best5,0.0016273782060057,2.757004816922923e-07,False,
2.25,10.0,fit_ok_best5,0.001517774364318,4.3780202512183754e-07,False,
2.25,10.5,fit_ok_best5,0.0013671102228591,6.365398530610001e-07,False,
2.25,11.0,fit_ok_best5,0.0012678363586773,3.452313712078893e-07,False,
2.25,11.5,fit_ok_best5,0.0011805412912535,4.3304238277918146e-07,False,
2.25,12.0,fit_ok_best5,0.0011133859826401,5.147339462858572e-07,False,
2.25,12.5,fit_ok_best5,0.0010282267757969,4.351327359215325e-07,False,
2.25,13.0,fit_ok_best5,0.0009642684259057,4.2843206056859483e-07,False,
2.25,13.5,fit_ok_best5,0.0009155005346561,3.780498902499334e-07,False,
2.25,14.0,fit_ok_best5,0.0008637471136648,4.109034220172998e-07,False,
2.25,14.5,fit_ok_best5,0.0008089629560776,3.251088649978884e-07,False,
2.25,15.0,fit_ok_best5,0.0007718748321378,3.2720179083729514e-07,False,
2.25,15.5,fit_ok_best5,0.0007387168795082,3.233934872959177e-07,False,
2.25,16.0,fit_ok_best5,0.0007086800610016,3.142476436028268e-07,False,
2.25,16.5,fit_ok_best5,0.0006812119476008,3.040481429415866e-07,False,
2.25,17.0,fit_ok_best5,0.0006559167904224,2.94099068862883e-07,False,
2.25,17.5,fit_ok_best5,0.0006324993379726,2.8470948660930113e-07,False,
2.25,18.0,fit_ok_best5,0.0006107306251459,2.759163439359127e-07,False,
2.25,18.5,fit_ok_best5,0.000590427127087,2.6768780825029424e-07,False,
2.25,19.0,fit_ok_best5,0.0005714377675565,2.599782215374562e-07,False,
2.25,19.5,fit_ok_best5,0.0005536355352343,2.5274253148624773e-07,False,
2.25,20.0,fit_ok_best5,0.0005369118622202,2.459396932465366e-07,False,
2.3,0.0,fit_ok_best5,-0.0699248844535904,7.801906915698656e-05,True,0.11157554247911318
2.3,0.5,fit_ok_best5,-0.0698430391123179,0.0001839057431165,True,0.26331291629614295
2.3,1.0,fit_ok_best5,-0.0705070095150613,6.265491685355259e-05,True,0.08886338717878627
2.3,1.5,fit_ok_best5,-0.0678731571212391,0.0001247484081396,True,0.18379638347567492
2.3,2.0,fit_ok_best5,-0.0527597902237701,0.0002454977762817,True,0.4653122676198489
2.3,2.5,fit_ok_best5,0.0112550834844597,4.66697350171727e-06,False,
2.3,3.0,fit_ok_best5,0.0088822224549328,2.8114387753657184e-06,False,
2.3,3.5,fit_ok_best5,0.0073334640175894,1.668166131572598e-06,False,
2.3,4.0,fit_ok_best5,0.0062682080677007,1.5846069674452592e-06,False,
2.3,4.5,fit_ok_best5,0.0054658853750877,1.7259738047491787e-06,False,
2.3,5.0,fit_ok_best5,0.004605186834673,2.7308897552773323e-06,False,
2.3,5.5,fit_ok_best5,0.0041034625684989,2.1452088181316016e-06,False,
2.3,6.0,fit_ok_best5,0.0036264494951563,4.144564990397393e-07,False,
2.3,6.5,fit_ok_best5,0.003291742529229,3.709405996121806e-07,False,
2.3,7.0,fit_ok_best5,0.0029923523917557,2.573089367729725e-07,False,
2.3,7.5,fit_ok_best5,0.0027458612805864,3.2976705102875673e-07,False,
2.3,8.0,fit_ok_best5,0.0025086415979527,1.132904118629676e-06,False,
2.3,8.5,fit_ok_best5,0.002196215857959,8.99618202876371e-07,False,
2.3,9.0,fit_ok_best5,0.002026109786393,2.263922728193386e-07,False,
2.3,9.5,fit_ok_best5,0.0018841064718813,3.1421605324181166e-08,False,
2.3,10.0,fit_ok_best5,0.0017608100711509,2.9047282029551597e-07,False,
2.3,10.5,fit_ok_best5,0.0016389349596647,6.136549435519734e-07,False,
2.3,11.0,fit_ok_best5,0.0014803924335922,5.883423759700217e-07,False,
2.3,11.5,fit_ok_best5,0.001380016161665,3.303018307963394e-07,False,
2.3,12.0,fit_ok_best5,0.0013031717867253,4.402535541622912e-07,False,
2.3,12.5,fit_ok_best5,0.0012364716108976,5.667969330349291e-07,False,
2.3,13.0,fit_ok_best5,0.0011327904703592,4.698037520089352e-07,False,
2.3,13.5,fit_ok_best5,0.0010663102743171,4.485542831109339e-07,False,
2.3,14.0,fit_ok_best5,0.0010138054040864,4.885060874786222e-07,False,
2.3,14.5,fit_ok_best5,0.0009616803848119,4.6146013260297227e-07,False,
2.3,15.0,fit_ok_best5,0.0009029243638257,3.5889637609982834e-07,False,
2.3,15.5,fit_ok_best5,0.000863385805342,3.548295269342398e-07,False,
2.3,16.0,fit_ok_best5,0.0008279508667395,3.534948323376667e-07,False,
2.3,16.5,fit_ok_best5,0.0007957826223252,3.451213186180627e-07,False,
2.3,17.0,fit_ok_best5,0.0007663113760144,3.348076644906798e-07,False,
2.3,17.5,fit_ok_best5,0.0007391259961142,3.244398175446112e-07,False,
2.3,18.0,fit_ok_best5,0.0007139183246433,3.1454187866899233e-07,False,
2.3,18.5,fit_ok_best5,0.0006904488879044,3.052233508308927e-07,False,
2.3,19.0,fit_ok_best5,0.0006685255939379,2.9647645432621226e-07,False,
2.3,19.5,fit_ok_best5,0.0006479902869021,2.882633094720981e-07,False,
2.3,20.0,fit_ok_best5,0.0006287100096468,2.805410579162123e-07,False,
2.35,0.0,fit_ok_best5,-0.069426970884374,0.0001186572302474,True,0.17090941565780787
2.35,0.5,fit_ok_best5,-0.0713393968607576,4.89280272127168e-05,True,0.06858486245435463
2.35,1.0,fit_ok_best5,-0.0702580645656685,0.000171175344237,True,0.2436380012674653
2.35,1.5,fit_ok_best5,-0.0673511529882232,0.000290287693046,True,0.43100627111277334
2.35,2.0,fit_ok_best5,-0.062120758740283,0.0001823194995898,True,0.2934920681700763
2.35,2.5,fit_ok_best5,0.0135441349648225,5.673627778386185e-06,False,
2.35,3.0,fit_ok_best5,0.0103764812382084,3.4243549314089965e-06,False,
2.35,3.5,fit_ok_best5,0.0084731007153314,2.1683405579392944e-06,False,
2.35,4.0,fit_ok_best5,0.0072031072882598,1.9069164007884412e-06,False,
2.35,4.5,fit_ok_best5,0.0062605064927674,1.876104467204043e-06,False,
2.35,5.0,fit_ok_best5,0.0052811193315853,2.7371203102424088e-06,False,
2.35,5.5,fit_ok_best5,0.0046958578282031,1.5949949136484031e-06,False,
2.35,6.0,fit_ok_best5,0.004156655429727,1.0151581373376222e-06,False,
2.35,6.5,fit_ok_best5,0.0037652302395079,7.022957884352261e-07,False,
2.35,7.0,fit_ok_best5,0.0034225299294371,6.174552373082812e-07,False,
2.35,7.5,fit_ok_best5,0.0031414471560783,3.9857673741830826e-07,False,
2.35,8.0,fit_ok_best5,0.0028855360805111,2.720032450617142e-07,False,
2.35,8.5,fit_ok_best5,0.0025274892054129,1.9839242153674205e-06,False,
2.35,9.0,fit_ok_best5,0.0023230519398189,2.370757817948621e-07,False,
2.35,9.5,fit_ok_best5,0.0021668925677521,1.2340006172361714e-07,False,
2.35,10.0,fit_ok_best5,0.0020165780228609,1.1732309360610886e-07,False,
2.35,10.5,fit_ok_best5,0.0018907478781529,2.453849604473393e-07,False,
2.35,11.0,fit_ok_best5,0.0017663961335826,8.582251729961203e-07,False,
2.35,11.5,fit_ok_best5,0.0016006244204241,5.240095829594947e-07,False,
2.35,12.0,fit_ok_best5,0.0014989748891041,3.3859394779059386e-07,False,
2.35,12.5,fit_ok_best5,0.0014206226549112,4.46509499497581e-07,False,
2.35,13.0,fit_ok_best5,0.0013526066408583,5.822859735172737e-07,False,
2.35,13.5,fit_ok_best5,0.0012440580014771,5.094835758826704e-07,False,
2.35,14.0,fit_ok_best5,0.001175020881628,4.640482741414436e-07,False,
2.35,14.5,fit_ok_best5,0.0011382933299986,5.214349239098185e-07,False,
2.35,15.0,fit_ok_best5,0.0010663730391748,5.448387133804536e-07,False,
2.35,15.5,fit_ok_best5,0.0010034901732013,4.051961946518294e-07,False,
2.35,16.0,fit_ok_best5,0.0009614295613108,3.82755361905032e-07,False,
2.35,16.5,fit_ok_best5,0.0009236719988269,3.843168808339151e-07,False,
2.35,17.0,fit_ok_best5,0.0008893347917618,3.773805167705591e-07,False,
2.35,17.5,fit_ok_best5,0.0008578273433903,3.672528087054746e-07,False,
2.35,18.0,fit_ok_best5,0.0008287215750215,3.565856022094687e-07,False,
2.35,18.5,fit_ok_best5,0.0008016953493087,3.4622548548940804e-07,False,
2.35,19.0,fit_ok_best5,0.0007764979322822,3.363987571836153e-07,False,
2.35,19.5,fit_ok_best5,0.0007529281530295,3.271388300231242e-07,False,
2.35,20.0,fit_ok_best5,0.0007308204372511,3.184222513737673e-07,False,
2.4,0.0,fit_ok_best5,-0.0540826385695608,1.2079512096325376e-06,True,0.002233528617652183
2.4,0.5,fit_ok_best5,-0.0709709703456159,0.0001038783560439,True,0.146367388719685
2.4,1.0,fit_ok_best5,-0.0700742527120317,0.0002536767757307,True,0.36201138922334003
2.4,1.5,fit_ok_best5,-0.0701527257818395,0.000148684467821,True,0.21194396392148473
2.4,2.0,fit_ok_best5,-0.0660897290216546,0.0001908487547398,True,0.28877218527748477
2.4,2.5,fit_ok_best5,-0.0493941856786758,0.0004023111739696,True,0.8144909536251017
2.4,3.0,fit_ok_best5,0.0122073250024606,4.272369352132077e-06,False,
2.4,3.5,fit_ok_best5,0.0097945048510212,2.7714192291014276e-06,False,
2.4,4.0,fit_ok_best5,0.0082634167774696,2.3519433159037723e-06,False,
2.4,4.5,fit_ok_best5,0.0071514284332848,2.1743409319054926e-06,False,
2.4,5.0,fit_ok_best5,0.0060376587194701,3.469258487357071e-06,False,
2.4,5.5,fit_ok_best5,0.0052955170252791,1.1140346761121076e-06,False,
2.4,6.0,fit_ok_best5,0.0047437590457096,1.6151916983900538e-06,False,
2.4,6.5,fit_ok_best5,0.0042384383402761,6.709055136862862e-07,False,
2.4,7.0,fit_ok_best5,0.0038828987992629,5.264094987776745e-07,False,
2.4,7.5,fit_ok_best5,0.0035669846035594,4.383540320320355e-07,False,
2.4,8.0,fit_ok_best5,0.0032879308844984,5.655337034908415e-07,False,
2.4,8.5,fit_ok_best5,0.0030150300597684,1.6667172883871069e-06,False,
2.4,9.0,fit_ok_best5,0.002653809996199,1.1903178255625013e-06,False,
2.4,9.5,fit_ok_best5,0.0024632730768763,5.630596139634983e-07,False,
2.4,10.0,fit_ok_best5,0.0023008454616217,1.275936160878005e-07,False,
2.4,10.5,fit_ok_best5,0.0021561672707609,2.8961641243975037e-07,False,
2.4,11.0,fit_ok_best5,0.0020282728770396,3.565722728112751e-07,False,
2.4,11.5,fit_ok_best5,0.0018458587802843,9.889320863813604e-07,False,
2.4,12.0,fit_ok_best5,0.0017278158762207,4.521021331252999e-07,False,
2.4,12.5,fit_ok_best5,0.0016247122181068,3.666062859104596e-07,False,
2.4,13.0,fit_ok_best5,0.0015448645225631,4.577603156317764e-07,False,
2.4,13.5,fit_ok_best5,0.0014755779196787,5.967061232545928e-07,False,
2.4,14.0,fit_ok_best5,0.0013620958099133,5.564950793300014e-07,False,
2.4,14.5,fit_ok_best5,0.001290471202812,4.76260564018127e-07,False,
2.4,15.0,fit_ok_best5,0.0012548834059755,6.123929540129194e-07,False,
2.4,15.5,fit_ok_best5,0.0011765372617299,3.242682849456734e-07,False,
2.4,16.0,fit_ok_best5,0.0011107921675298,4.773286429707668e-07,False,
2.4,16.5,fit_ok_best5,0.0010661233844264,4.117576533013644e-07,False,
2.4,17.0,fit_ok_best5,0.0010259957690319,4.154063873226903e-07,False,
2.4,17.5,fit_ok_best5,0.0009894531389148,4.107547721678579e-07,False,
2.4,18.0,fit_ok_best5,0.0009558782191556,4.012690177455208e-07,False,
2.4,18.5,fit_ok_best5,0.0009248242000177,3.904983431450507e-07,False,
2.4,19.0,fit_ok_best5,0.0008959538232357,3.797572583346981e-07,False,
2.4,19.5,fit_ok_best5,0.0008690042600477,3.6945594255568995e-07,False,
2.4,20.0,fit_ok_best5,0.0008437646683264,3.596965739112182e-07,False,
2.45,0.0,fit_ok_best5,-0.0537905666345004,1.081718182366415e-06,True,0.002010981199950064
2.45,0.5,fit_ok_best5,-0.070647711621614,0.0001498522561804,True,0.21211197467088816
2.45,1.0,fit_ok_best5,-0.0719689475563081,0.0001022757451691,True,0.14211093623271348
2.45,1.5,fit_ok_best5,-0.0700938785803495,0.0002697096952664,True,0.3847835227968279
2.45,2.0,fit_ok_best5,-0.0695271900161712,9.639591140787e-05,True,0.1386449119911929
2.45,2.5,fit_ok_best5,-0.0599525833353973,0.0003715266032427,True,0.6197007411077525
2.45,3.0,fit_ok_best5,0.0146134127922182,5.654450317173716e-06,False,
2.45,3.5,fit_ok_best5,0.0113600944051213,3.5117060989340737e-06,False,
2.45,4.0,fit_ok_best5,0.0094763247507949,2.933162506572163e-06,False,
2.45,4.5,fit_ok_best5,0.0081536934571409,2.652873190217833e-06,False,
2.45,5.0,fit_ok_best5,0.0070858108373942,3.4809068310785258e-06,False,
2.45,5.5,fit_ok_best5,0.006020352068454,1.963138006819418e-06,False,
2.45,6.0,fit_ok_best5,0.0053921737754965,1.8262242990274571e-06,False,
2.45,6.5,fit_ok_best5,0.0048152822995487,8.110900417389038e-07,False,
2.45,7.0,fit_ok_best5,0.0043921832747824,4.370385709959278e-07,False,
2.45,7.5,fit_ok_best5,0.0040326468598068,9.996280445297935e-07,False,
2.45,8.0,fit_ok_best5,0.0037136597158588,4.927459344851801e-07,False,
2.45,8.5,fit_ok_best5,0.0034380536817906,3.8442613013920706e-07,False,
2.45,9.0,fit_ok_best5,0.003023289717873,2.576115913037525e-06,False,
2.45,9.5,fit_ok_best5,0.002794240413716,3.872924926965954e-07,False,
2.45,10.0,fit_ok_best5,0.0026240953675841,1.1058728776166005e-07,False,
2.45,10.5,fit_ok_best5,0.0024507550430818,3.9643588205672914e-07,False,
2.45,11.0,fit_ok_best5,0.0023094490989764,9.166511138417474e-08,False,
2.45,11.5,fit_ok_best5,0.0021728062020727,5.456989200748049e-07,False,
2.45,12.0,fit_ok_best5,0.0019807815782796,9.685427820428212e-07,False,
2.45,12.5,fit_ok_best5,0.0018619523203302,3.793900028849358e-07,False,
2.45,13.0,fit_ok_best5,0.0017572438712263,4.0738139365528826e-07,False,
2.45,13.5,fit_ok_best5,0.0016759293209299,4.7094546665976427e-07,False,
2.45,14.0,fit_ok_best5,0.0016054303104658,6.092641501662419e-07,False,
2.45,14.5,fit_ok_best5,0.001486968441203,6.133114802577684e-07,False,
2.45,15.0,fit_ok_best5,0.0014127325746683,4.881328603756137e-07,False,
2.45,15.5,fit_ok_best5,0.0013595844758793,6.232129164943361e-07,False,
2.45,16.0,fit_ok_best5,0.0012961125602173,3.94900281850393e-07,False,
2.45,16.5,fit_ok_best5,0.0012412739201004,5.433556034249233e-07,False,
2.45,17.0,fit_ok_best5,0.0011775838514337,4.44972465290455e-07,False,
2.45,17.5,fit_ok_best5,0.0011350322157968,4.463404973336296e-07,False,
2.45,18.0,fit_ok_best5,0.0010962471615601,4.44843973491908e-07,False,
2.45,18.5,fit_ok_best5,0.0010605742722985,4.3665940504304003e-07,False,
2.45,19.0,fit_ok_best5,0.0010275455394485,4.2609593673732843e-07,False,
2.45,19.5,fit_ok_best5,0.0009968073214621,4.151103451563089e-07,False,
2.45,20.0,fit_ok_best5,0.000968083775013,4.0439436893901665e-07,False,
2.5,0.0,fit_ok_best5,-0.0534213157464575,9.435438540314376e-07,True,0.001766231027535121
2.5,0.5,fit_ok_best5,-0.0535663525230715,1.167935598578267e-06,True,0.0021803530454593246
2.5,1.0,fit_ok_best5,-0.0717540917726297,0.0001631748455537,True,0.2274084188407808
2.5,1.5,fit_ok_best5,-0.0724679629579409,0.0001078177227736,True,0.14877984473797815
2.5,2.0,fit_ok_best5,-0.0695846587919759,0.0002785215705358,True,0.4002628961197372
2.5,2.5,fit_ok_best5,-0.0645528354865165,0.0003746114915091,True,0.5803176400939772
2.5,3.0,fit_ok_best5,-0.0457464311988363,0.0007101308933338,True,1.5523197651139709
2.5,3.5,fit_ok_best5,0.0132871580563882,4.478827586815312e-06,False,
2.5,4.0,fit_ok_best5,0.0107874099729286,3.5664815450111604e-06,False,
2.5,4.5,fit_ok_best5,0.0092884889920113,3.3021435716082098e-06,False,
2.5,5.0,fit_ok_best5,0.0080397726623626,3.2752078819155203e-06,False,
2.5,5.5,fit_ok_best5,0.0068295027889002,2.8715234099977197e-06,False,
2.5,6.0,fit_ok_best5,0.0060502469641842,1.2240809873820807e-06,False,
2.5,6.5,fit_ok_best5,0.005451564289221,1.1258228981067693e-06,False,
2.5,7.0,fit_ok_best5,0.004932288308589,4.265366301171736e-07,False,
2.5,7.5,fit_ok_best5,0.0045220570124383,3.7323644315268043e-07,False,
2.5,8.0,fit_ok_best5,0.0041810624764796,6.299508513699382e-07,False,
2.5,8.5,fit_ok_best5,0.0038805249457794,8.903494563503322e-07,False,
2.5,9.0,fit_ok_best5,0.003575344499063,1.932161148544037e-06,False,
2.5,9.5,fit_ok_best5,0.003162584578941,1.9468533337609833e-06,False,
2.5,10.0,fit_ok_best5,0.0029777283133745,8.386368523550811e-07,False,
2.5,10.5,fit_ok_best5,0.002772351720031,2.0707250811370986e-07,False,
2.5,11.0,fit_ok_best5,0.0026068300116197,3.683553658637306e-07,False,
2.5,11.5,fit_ok_best5,0.0024618708210903,3.08781494553557e-07,False,
2.5,12.0,fit_ok_best5,0.0023239605489888,7.982066983629407e-07,False,
2.5,12.5,fit_ok_best5,0.0021227656810683,9.42862338275492e-07,False,
2.5,13.0,fit_ok_best5,0.0020030203638273,3.1102372202133e-07,False,
2.5,13.5,fit_ok_best5,0.0018965993343998,4.542176326767846e-07,False,
2.5,14.0,fit_ok_best5,0.0018138534211119,4.82847899740739e-07,False,
2.5,14.5,fit_ok_best5,0.0017422120205102,6.202005895663092e-07,False,
2.5,15.0,fit_ok_best5,0.0016187413981164,6.821561852346782e-07,False,
2.5,15.5,fit_ok_best5,0.0015418773924565,5.047946042281093e-07,False,
2.5,16.0,fit_ok_best5,0.001487722867406,6.120401884824956e-07,False,
2.5,16.5,fit_ok_best5,0.0014193154385779,6.239410526752751e-07,False,
2.5,17.0,fit_ok_best5,0.0013639874865456,5.758709486294306e-07,False,
2.5,17.5,fit_ok_best5,0.0012959334445177,4.909928301315112e-07,False,
2.5,18.0,fit_ok_best5,0.001250889501331,4.7715858112579e-07,False,
2.5,18.5,fit_ok_best5,0.0012098220060687,4.791189683627639e-07,False,
2.5,19.0,fit_ok_best5,0.0011720202422991,4.731123314746634e-07,False,
2.5,19.5,fit_ok_best5,0.001136990801371,4.632305238878561e-07,False,
2.5,20.0,fit_ok_best5,0.0011043621108704,4.522221217905538e-07,False,
2.55,0.0,fit_ok_best5,-0.0530468093195533,8.673139407194785e-07,True,0.0016349973765524529
2.55,0.5,fit_ok_best5,-0.0532356956833927,1.0392290378215435e-06,True,0.0019521282186338352
2.55,1.0,fit_ok_best5,-0.0715860307112009,0.0002121616093834,True,0.2963729197939781
2.55,1.5,fit_ok_best5,-0.0723652519846338,0.0001887256092984,True,0.2607958987532779
2.55,2.0,fit_ok_best5,-0.0724858943768736,0.0001139876992127,True,0.15725500829174763
2.55,2.5,fit_ok_best5,-0.0685356132957358,0.0002605912382837,True,0.3802274842996315
2.55,3.0,fit_ok_best5,-0.0575143626263198,0.0006359358208044,True,1.1056991536812795
2.55,3.5,fit_ok_best5,0.0161421749669014,5.8097596451218015e-06,False,
2.55,4.0,fit_ok_best5,0.0124418243156991,4.153637865307522e-06,False,
2.55,4.5,fit_ok_best5,0.0104859691316062,3.648708822203073e-06,False,
2.55,5.0,fit_ok_best5,0.0091076153039832,3.3762726165100218e-06,False,
2.55,5.5,fit_ok_best5,0.0077319138098218,3.929650529611064e-06,False,
2.55,6.0,fit_ok_best5,0.0068252617986951,1.1787862679288272e-06,False,
2.55,6.5,fit_ok_best5,0.0061208105499907,1.808242661105748e-06,False,
2.55,7.0,fit_ok_best5,0.0055403254080473,7.617324485001014e-07,False,
2.55,7.5,fit_ok_best5,0.0050776297950294,6.450927971759212e-07,False,
2.55,8.0,fit_ok_best5,0.0046691665202604,2.469919630075804e-07,False,
2.55,8.5,fit_ok_best5,0.0043437058426907,7.102559742959389e-07,False,
2.55,9.0,fit_ok_best5,0.0040439549947798,6.202029343229949e-07,False,
2.55,9.5,fit_ok_best5,0.0036210876085864,2.976527047808867e-06,False,
2.55,10.0,fit_ok_best5,0.0033166190642185,7.065770446621422e-07,False,
2.55,10.5,fit_ok_best5,0.0031326282302912,1.928485822285277e-07,False,
2.55,11.0,fit_ok_best5,0.0029383511964002,2.287448844772241e-07,False,
2.55,11.5,fit_ok_best5,0.0027702297320831,2.610819155490374e-07,False,
2.55,12.0,fit_ok_best5,0.0026220547381203,4.3516884289909316e-07,False,
2.55,12.5,fit_ok_best5,0.0024816103945499,1.0898401429671768e-06,False,
2.55,13.0,fit_ok_best5,0.0022718354549532,9.183015657744882e-07,False,
2.55,13.5,fit_ok_best5,0.002151020063245,2.508810776527e-07,False,
2.55,14.0,fit_ok_best5,0.0020428186063672,5.017593773185262e-07,False,
2.55,14.5,fit_ok_best5,0.0019586794285227,4.905767984744962e-07,False,
2.55,15.0,fit_ok_best5,0.0018859766182025,6.314206639370768e-07,False,
2.55,15.5,fit_ok_best5,0.001757483981764,7.646495005667545e-07,False,
2.55,16.0,fit_ok_best5,0.001677978740866,5.334755298221902e-07,False,
2.55,16.5,fit_ok_best5,0.0016065327505594,6.197146334578876e-07,False,
2.55,17.0,fit_ok_best5,0.0015742984675239,6.870488504763604e-07,False,
2.55,17.5,fit_ok_best5,0.0014937656037379,6.710084290071847e-07,False,
2.55,18.0,fit_ok_best5,0.0014213087267429,5.685604960500583e-07,False,
2.55,18.5,fit_ok_best5,0.0013736788346635,5.095507675078348e-07,False,
2.55,19.0,fit_ok_best5,0.0013302815627533,5.130252477017052e-07,False,
2.55,19.5,fit_ok_best5,0.001290318047869,5.101718088560512e-07,False,
2.55,20.0,fit_ok_best5,0.0012532613731286,5.016589408386016e-07,False,
2.6,0.0,fit_ok_best5,-0.0526667110806859,7.8045642730272e-07,True,0.0014818780426730147
2.6,0.5,fit_ok_best5,-0.0528462745441052,9.398486474529044e-07,True,0.001778457716387391
2.6,1.0,fit_ok_best5,-0.0533208961377614,1.1650909496246372e-06,True,0.002185055079746737
2.6,1.5,fit_ok_best5,-0.0723115532141256,0.0002518538291669,True,0.3482898900278385
2.6,2.0,fit_ok_best5,-0.0725003574907366,0.0002227843285517,True,0.30728721383224245
2.6,2.5,fit_ok_best5,-0.0720210628129476,0.0001105129977899,True,0.1534453859378933
2.6,3.0,fit_ok_best5,-0.0669308273530332,0.0001746023194385,True,0.26086980595285786
2.6,3.5,fit_ok_best5,-0.0478469424588456,0.0005059921016,True,1.0575223318297027
2.6,4.0,fit_ok_best5,0.0144902118160509,5.087296285869648e-06,False,
2.6,4.5,fit_ok_best5,0.0119777863271693,4.180253059418365e-06,False,
2.6,5.0,fit_ok_best5,0.0103136515356445,3.7861959812223898e-06,False,
2.6,5.5,fit_ok_best5,0.0089896177527166,4.646567900560581e-06,False,
2.6,6.0,fit_ok_best5,0.0076888319791329,2.5183520605307293e-06,False,
2.6,6.5,fit_ok_best5,0.0068667397311317,1.5002493744231872e-06,False,
2.6,7.0,fit_ok_best5,0.0062223012999394,1.417819083912815e-06,False,
2.6,7.5,fit_ok_best5,0.0056952630818835,1.3306226035370229e-06,False,
2.6,8.0,fit_ok_best5,0.0052031146203514,5.48413985351059e-07,False,
2.6,8.5,fit_ok_best5,0.0048465841165323,8.503584004188757e-07,False,
2.6,9.0,fit_ok_best5,0.0045248656247772,1.3996859633777588e-06,False,
2.6,9.5,fit_ok_best5,0.0041972454144263,1.434056288704758e-06,False,
2.6,10.0,fit_ok_best5,0.0037753846182722,3.0076916134024423e-06,False,
2.6,10.5,fit_ok_best5,0.0034810927503622,1.1132759473004922e-06,False,
2.6,11.0,fit_ok_best5,0.0032953617980934,3.795030804984258e-07,False,
2.6,11.5,fit_ok_best5,0.0030930587106303,5.924938521828961e-07,False,
2.6,12.0,fit_ok_best5,0.0029427408553149,2.1118406851685027e-07,False,
2.6,12.5,fit_ok_best5,0.0027897499045964,4.913677184038034e-07,False,
2.6,13.0,fit_ok_best5,0.0026458421813636,1.3963852636393696e-06,False,
2.6,13.5,fit_ok_best5,0.0024280101504797,8.997559841670672e-07,False,
2.6,14.0,fit_ok_best5,0.0023059694448963,2.023425402603132e-07,False,
2.6,14.5,fit_ok_best5,0.0021959497863482,5.457887068851051e-07,False,
2.6,15.0,fit_ok_best5,0.0021104584898592,4.918238977840978e-07,False,
2.6,15.5,fit_ok_best5,0.002036784220591,6.472368444283081e-07,False,
2.6,16.0,fit_ok_best5,0.0019032721389423,8.61652582169663e-07,False,
2.6,16.5,fit_ok_best5,0.0018211107991244,5.819088811380008e-07,False,
2.6,17.0,fit_ok_best5,0.00174699778356,5.984058143286655e-07,False,
2.6,17.5,fit_ok_best5,0.0016952505098496,7.835477870064229e-07,False,
2.6,18.0,fit_ok_best5,0.001630192025514,5.178493366326141e-07,False,
2.6,18.5,fit_ok_best5,0.0015735797294171,6.574748624475538e-07,False,
2.6,19.0,fit_ok_best5,0.0015035216090944,5.496788024301072e-07,False,
2.6,19.5,fit_ok_best5,0.001457732308073,5.463847348372886e-07,False,
2.6,20.0,fit_ok_best5,0.0014155696896499,5.472420631491259e-07,False,
2.65,0.0,fit_ok_best5,-0.0522728164586247,6.121215580333944e-07,True,0.001171013156557012
2.65,0.5,fit_ok_best5,-0.0524445671737384,7.587571383977062e-07,True,0.0014467792934282305
2.65,1.0,fit_ok_best5,-0.0529037904396037,1.0267805436755176e-06,True,0.0019408449472967653
2.65,1.5,fit_ok_best5,-0.074311062831404,8.854192759802674e-05,True,0.11915039864106042
2.65,2.0,fit_ok_best5,-0.0725738458146849,0.0003046385663984,True,0.41976357044145807
2.65,2.5,fit_ok_best5,-0.0721570988511026,0.000260146515209,True,0.3605279582343197
2.65,3.0,fit_ok_best5,-0.0673370487471769,0.0004701979966236,True,0.698275325948723
2.65,3.5,fit_ok_best5,-0.0598267662571931,0.0004366365931587,True,0.7298348556591128
2.65,4.0,fit_ok_best5,0.017510472877766,4.847302239069809e-06,False,
2.65,4.5,fit_ok_best5,0.0137557114738153,4.930462486307416e-06,False,
2.65,5.0,fit_ok_best5,0.0116926711100825,4.4603850114944526e-06,False,
2.65,5.5,fit_ok_best5,0.0101312530311676,4.398611203969623e-06,False,
2.65,6.0,fit_ok_best5,0.0086515256607225,3.824801635656133e-06,False,
2.65,6.5,fit_ok_best5,0.0076961917045502,1.0425583991242607e-06,False,
2.65,7.0,fit_ok_best5,0.0069506999302386,1.638531035030218e-06,False,
2.65,7.5,fit_ok_best5,0.0063274505905865,9.625339739867891e-07,False,
2.65,8.0,fit_ok_best5,0.005823836430886,9.80681227540279e-07,False,
2.65,8.5,fit_ok_best5,0.0053819078887502,2.907773098959275e-07,False,
2.65,9.0,fit_ok_best5,0.0050161599790977,4.883724882874875e-07,False,
2.65,9.5,fit_ok_best5,0.0046998517058971,1.0364526835824602e-06,False,
2.65,10.0,fit_ok_best5,0.0042330287394233,3.342662782962045e-06,False,
2.65,10.5,fit_ok_best5,0.0038909141761032,2.169358132960179e-06,False,
2.65,11.0,fit_ok_best5,0.0036942283235176,5.454127438664619e-07,False,
2.65,11.5,fit_ok_best5,0.0034720201551912,4.229530274863636e-07,False,
2.65,12.0,fit_ok_best5,0.0032996170276756,3.98818524600648e-07,False,
2.65,12.5,fit_ok_best5,0.0031169287022112,5.960373338025777e-07,False,
2.65,13.0,fit_ok_best5,0.0029647522406627,5.37287973364147e-07,False,
2.65,13.5,fit_ok_best5,0.002732351200317,1.6356386243658344e-06,False,
2.65,14.0,fit_ok_best5,0.0025913162293556,8.918867245154984e-07,False,
2.65,14.5,fit_ok_best5,0.0024679055279942,1.6896315075489833e-07,False,
2.65,15.0,fit_ok_best5,0.0023560479777575,5.829199717920605e-07,False,
2.65,15.5,fit_ok_best5,0.0022692528030199,4.850015655417664e-07,False,
2.65,16.0,fit_ok_best5,0.0021947021057401,6.749914840499367e-07,False,
2.65,16.5,fit_ok_best5,0.0021043975919821,8.509537350113917e-07,False,
2.65,17.0,fit_ok_best5,0.0019713517753036,6.554936628101821e-07,False,
2.65,17.5,fit_ok_best5,0.0018945690068657,5.769677780014681e-07,False,
2.65,18.0,fit_ok_best5,0.001842110370267,7.109731651164619e-07,False,
2.65,18.5,fit_ok_best5,0.001771117534157,7.823308396615028e-07,False,
2.65,19.0,fit_ok_best5,0.0017150938789811,6.775242141238487e-07,False,
2.65,19.5,fit_ok_best5,0.0016405590517009,6.135944617921458e-07,False,
2.65,20.0,fit_ok_best5,0.0015922886264029,5.805636363003392e-07,False,
2.7,0.0,fit_ok_best5,-0.0518872789211965,5.108173860209414e-07,True,0.0009844751866767618
2.7,0.5,fit_ok_best5,-0.0520520738972521,6.452149424892036e-07,True,0.001239556648142055
2.7,1.0,fit_ok_best5,-0.0524951939485065,9.578246595030505e-07,True,0.0018245949532877206
2.7,1.5,fit_ok_best5,-0.0533023931281765,1.1636142430512924e-06,True,0.0021830431520272345
2.7,2.0,fit_ok_best5,-0.0749759767771334,0.0001249100741853,True,0.16660012920751407
2.7,2.5,fit_ok_best5,-0.0723711521196918,0.0003681468132705,True,0.5086927629142015
2.7,3.0,fit_ok_best5,-0.0713146037543287,0.0002916997072528,True,0.4090322204659158
2.7,3.5,fit_ok_best5,-0.065217260816616,0.0004338822366912,True,0.6652874273748337
2.7,4.0,fit_ok_best5,-0.0502160189305281,0.0003426618369079,True,0.6823755530719375
2.7,4.5,fit_ok_best5,0.0161147872407973,5.85229654348107e-06,False,
2.7,5.0,fit_ok_best5,0.013166299853273,4.936133548321348e-06,False,
2.7,5.5,fit_ok_best5,0.0114182003172942,4.526554689222777e-06,False,
2.7,6.0,fit_ok_best5,0.0097267166686118,5.06812598270169e-06,False,
2.7,6.5,fit_ok_best5,0.0086186399411823,2.404627101096524e-06,False,
2.7,7.0,fit_ok_best5,0.0077478120533167,1.5235569045084144e-06,False,
2.7,7.5,fit_ok_best5,0.0070591023802118,1.584932146421902e-06,False,
2.7,8.0,fit_ok_best5,0.0065224916865027,1.548840429075452e-06,False,
2.7,8.5,fit_ok_best5,0.0059712310467192,7.804346027031009e-07,False,
2.7,9.0,fit_ok_best5,0.0055680895721764,1.387294322970925e-06,False,
2.7,9.5,fit_ok_best5,0.0052247924068819,2.1310042748951957e-06,False,
2.7,10.0,fit_ok_best5,0.0048826064089854,7.739225895444457e-07,False,
2.7,10.5,fit_ok_best5,0.0044016997519953,3.106103365419922e-06,False,
2.7,11.0,fit_ok_best5,0.004070756866569,8.390203644608903e-07,False,
2.7,11.5,fit_ok_best5,0.0038718424900472,2.3179530158008278e-07,False,
2.7,12.0,fit_ok_best5,0.0036605400913175,6.347620493511334e-08,False,
2.7,12.5,fit_ok_best5,0.0034791814956939,2.732594139693911e-07,False,
2.7,13.0,fit_ok_best5,0.0032877073523361,8.681509989045053e-07,False,
2.7,13.5,fit_ok_best5,0.0031469446308245,6.190545586349499e-07,False,
2.7,14.0,fit_ok_best5,0.0029040604624515,1.6763503062496762e-06,False,
2.7,14.5,fit_ok_best5,0.0027617953044925,8.9944997353722e-07,False,
2.7,15.0,fit_ok_best5,0.0026368843787514,1.5347790525750526e-07,False,
2.7,15.5,fit_ok_best5,0.0025231755752514,6.105999774081043e-07,False,
2.7,16.0,fit_ok_best5,0.0024351376844078,4.692970169530689e-07,False,
2.7,16.5,fit_ok_best5,0.0023598056283369,7.24826509790113e-07,False,
2.7,17.0,fit_ok_best5,0.0022671637410187,8.218314945923619e-07,False,
2.7,17.5,fit_ok_best5,0.0021287893558006,7.554266625159289e-07,False,
2.7,18.0,fit_ok_best5,0.0020493499661711,5.696995560286337e-07,False,
2.7,18.5,fit_ok_best5,0.001996432484628,7.193041796534415e-07,False,
2.7,19.0,fit_ok_best5,0.0019509127125772,8.455945162623399e-07,False,
2.7,19.5,fit_ok_best5,0.0018645372177646,5.460820306377586e-07,False,
2.7,20.0,fit_ok_best5,0.0017849610469595,7.336459614790083e-07,False,
2.75,0.0,fit_ok_best5,-0.051488855460132,3.3515380341605354e-07,True,0.0006509249437008059
2.75,0.5,fit_ok_best5,-0.0516477850017461,4.566885587845771e-07,True,0.0008842364852028746
2.75,1.0,fit_ok_best5,-0.0520817095901223,8.274709233672469e-07,True,0.0015887937048905613
2.75,1.5,fit_ok_best5,-0.0528661473849311,1.0973334028472262e-06,True,0.002075682562713107
2.75,2.0,fit_ok_best5,-0.0749876742782884,0.0001852144812601,True,0.2469932332782405
2.75,2.5,fit_ok_best5,-0.0752274982376936,0.0001726932051948,True,0.22956127644860333
2.75,3.0,fit_ok_best5,-0.0716801825762931,0.0004386061205543,True,0.6118931408795838
2.75,3.5,fit_ok_best5,-0.0699363020705401,0.0002996869825509,True,0.4285141960303044
2.75,4.0,fit_ok_best5,-0.0624606116819132,0.0002384672282097,True,0.3817881730395433
2.75,4.5,fit_ok_best5,0.0188906830124953,3.87936708410838e-06,False,
2.75,5.0,fit_ok_best5,0.0150690276599149,5.509326246195073e-06,False,
2.75,5.5,fit_ok_best5,0.0128895949288977,5.002987415381752e-06,False,
2.75,6.0,fit_ok_best5,0.0112330606425289,5.39651517177605e-06,False,
2.75,6.5,fit_ok_best5,0.0096467112711852,3.935050186462653e-06,False,
2.75,7.0,fit_ok_best5,0.0086356280581045,1.176539863499371e-06,False,
2.75,7.5,fit_ok_best5,0.0078407674227319,1.6878548811133217e-06,False,
2.75,8.0,fit_ok_best5,0.0071749475349209,1.2606482676896372e-06,False,
2.75,8.5,fit_ok_best5,0.0066439602658157,1.4133898184905657e-06,False,
2.75,9.0,fit_ok_best5,0.006145331048727,4.254815560894772e-07,False,
2.75,9.5,fit_ok_best5,0.0057417029814343,1.1620893365256366e-06,False,
2.75,10.0,fit_ok_best5,0.0054092002902016,1.7542718284379742e-06,False,
2.75,10.5,fit_ok_best5,0.0050407258720142,2.812528418942458e-06,False,
2.75,11.0,fit_ok_best5,0.0046225071984764,3.35673559485627e-06,False,
2.75,11.5,fit_ok_best5,0.0043101124405742,1.3373273672239258e-06,False,
2.75,12.0,fit_ok_best5,0.0040575340965465,4.794662858418625e-07,False,
2.75,12.5,fit_ok_best5,0.0038530599993847,4.018703979814335e-07,False,
2.75,13.0,fit_ok_best5,0.0036663658185791,3.081197456278634e-07,False,
2.75,13.5,fit_ok_best5,0.0034882067809056,1.1302837582647496e-06,False,
2.75,14.0,fit_ok_best5,0.003336316573487,7.439639369253771e-07,False,
2.75,14.5,fit_ok_best5,0.003083186092738,1.7296281869645142e-06,False,
2.75,15.0,fit_ok_best5,0.0029395088651099,9.271642931587076e-07,False,
2.75,15.5,fit_ok_best5,0.002812981206365,1.542950065461897e-07,False,
2.75,16.0,fit_ok_best5,0.0026974039817736,6.275097706493897e-07,False,
2.75,16.5,fit_ok_best5,0.0026082024097493,4.446916310540997e-07,False,
2.75,17.0,fit_ok_best5,0.0025321807670936,8.076284740909098e-07,False,
2.75,17.5,fit_ok_best5,0.0024372313702639,7.795883094098521e-07,False,
2.75,18.0,fit_ok_best5,0.0022935264871318,8.79577096361226e-07,False,
2.75,18.5,fit_ok_best5,0.0022114335986357,5.966982399099748e-07,False,
2.75,19.0,fit_ok_best5,0.0021364865076673,7.119844928885523e-07,False,
2.75,19.5,fit_ok_best5,0.0020864828868589,8.482825263537931e-07,False,
2.75,20.0,fit_ok_best5,0.002016195171086,8.456995006728927e-07,False,
2.8,0.0,fit_ok_best5,-0.0511051268683907,2.322453130702393e-07,True,0.0004544462117633183
2.8,0.5,fit_ok_best5,-0.0512587357623898,3.403359110029648e-07,True,0.0006639568962071053
2.8,1.0,fit_ok_best5,-0.0517193609021507,6.866462418849161e-07,True,0.0013276386828986564
2.8,1.5,fit_ok_best5,-0.0524292839568668,9.70809464236454e-07,True,0.001851655012178179
2.8,2.0,fit_ok_best5,-0.0534856831155526,1.1778919900046296e-06,True,0.002202256606613521
2.8,2.5,fit_ok_best5,-0.0753558035437586,0.0002476293073828,True,0.3286134520999479
2.8,3.0,fit_ok_best5,-0.0750567276913817,0.0002296229926758,True,0.3059325922387184
2.8,3.5,fit_ok_best5,-0.0704562276889891,0.0005087950326655,True,0.7221434489956585
2.8,4.0,fit_ok_best5,-0.0679745445170499,0.0002465185230759,True,0.3626630010210165
2.8,4.5,fit_ok_best5,-0.0462633476896051,0.0008964104315016,True,1.9376255205652018
2.8,5.0,fit_ok_best5,0.0175901831647762,4.869757899924824e-06,False,
2.8,5.5,fit_ok_best5,0.0146044313830939,5.635615597263859e-06,False,
2.8,6.0,fit_ok_best5,0.0126101972644216,5.298056515955378e-06,False,
2.8,6.5,fit_ok_best5,0.0107956517669462,5.391339707727259e-06,False,
2.8,7.0,fit_ok_best5,0.0096225942982084,2.5618658527008793e-06,False,
2.8,7.5,fit_ok_best5,0.0086959457263588,1.5210907571748045e-06,False,
2.8,8.0,fit_ok_best5,0.0079832721949867,1.417688633250376e-06,False,
2.8,8.5,fit_ok_best5,0.0073287572002439,1.7965482139048628e-06,False,
2.8,9.0,fit_ok_best5,0.0067957715940094,1.0072189379006008e-06,False,
2.8,9.5,fit_ok_best5,0.0063515177273424,2.0308620419732817e-06,False,
2.8,10.0,fit_ok_best5,0.0059180338874634,1.7382494027547095e-06,False,
2.8,10.5,fit_ok_best5,0.0056049990838899,1.444066609777304e-06,False,
2.8,11.0,fit_ok_best5,0.0050850055326551,3.2251051703809837e-06,False,
2.8,11.5,fit_ok_best5,0.0048149732363918,3.5173265999221912e-06,False,
2.8,12.0,fit_ok_best5,0.0045038782001504,6.808230491650551e-07,False,
2.8,12.5,fit_ok_best5,0.004251452455163,7.270691106047267e-07,False,
2.8,13.0,fit_ok_best5,0.0040722988709041,7.550191369241347e-07,False,
2.8,13.5,fit_ok_best5,0.0038602627890007,2.215483186802242e-07,False,
2.8,14.0,fit_ok_best5,0.0036852319008276,1.2929971217598434e-06,False,
2.8,14.5,fit_ok_best5,0.0035329523121904,8.923915526847785e-07,False,
2.8,15.0,fit_ok_best5,0.0032698273297895,1.797458016050772e-06,False,
2.8,15.5,fit_ok_best5,0.003124541113003,9.79417699205141e-07,False,
2.8,16.0,fit_ok_best5,0.0029962906066522,1.642608223174835e-07,False,
2.8,16.5,fit_ok_best5,0.0028788168030442,6.343596227651148e-07,False,
2.8,17.0,fit_ok_best5,0.002788549343694,4.122983349828011e-07,False,
2.8,17.5,fit_ok_best5,0.002711929376015,9.313275204811244e-07,False,
2.8,18.0,fit_ok_best5,0.0026147107281425,7.306830739638408e-07,False,
2.8,18.5,fit_ok_best5,0.0024656848278717,1.0250074941140174e-06,False,
2.8,19.0,fit_ok_best5,0.0023809118766797,6.727330485340676e-07,False,
2.8,19.5,fit_ok_best5,0.002303304006542,6.575334377756151e-07,False,
2.8,20.0,fit_ok_best5,0.0022530117553107,7.752297903292068e-07,False,
2.85,0.0,fit_ok_best5,-0.0507251115951442,1.393522800028666e-07,True,0.00027472049961188544
2.85,0.5,fit_ok_best5,-0.050874041139826,2.2835493482736678e-07,True,0.00044886336864755663
2.85,1.0,fit_ok_best5,-0.0513203519842009,5.378600917081775e-07,True,0.0010480444324967979
2.85,1.5,fit_ok_best5,-0.0520113477672805,9.124028832610576e-07,True,0.0017542381084672363
2.85,2.0,fit_ok_best5,-0.0530292701500724,1.1164304415779937e-06,True,0.0021053098381676847
2.85,2.5,fit_ok_best5,-0.075525144175823,0.0003055715285458,True,0.4045957566587726
2.85,3.0,fit_ok_best5,-0.0753206202134719,0.0003236107207274,True,0.42964425918192156
2.85,3.5,fit_ok_best5,-0.0744375236587876,0.0002916012158969,True,0.39173954420295326
2.85,4.0,fit_ok_best5,-0.0686348222414479,0.0005635316429836,True,0.8210579186774505
2.85,4.5,fit_ok_best5,-0.0598555403134397,0.0006240752985951,True,1.0426358117010814
2.85,5.0,fit_ok_best5,0.0207256276552443,7.966808400139579e-06,False,
2.85,5.5,fit_ok_best5,0.0166567217601609,5.719709894631427e-06,False,
2.85,6.0,fit_ok_best5,0.0141855144146077,5.568373387780668e-06,False,
2.85,6.5,fit_ok_best5,0.0124223173664959,6.2428405291872524e-06,False,
2.85,7.0,fit_ok_best5,0.0107226644142229,4.279128066366134e-06,False,
2.85,7.5,fit_ok_best5,0.0096478396292227,1.3821039621122133e-06,False,
2.85,8.0,fit_ok_best5,0.0087958531006809,1.7623298303902402e-06,False,
2.85,8.5,fit_ok_best5,0.0080869802350799,1.58190258221246e-06,False,
2.85,9.0,fit_ok_best5,0.0075262358143826,1.6285350260914198e-06,False,
2.85,9.5,fit_ok_best5,0.0069717436550638,7.373028038953473e-07,False,
2.85,10.0,fit_ok_best5,0.0065361787565722,1.8244760757355615e-06,False,
2.85,10.5,fit_ok_best5,0.0061804388647179,2.675050398326483e-06,False,
2.85,11.0,fit_ok_best5,0.0058119616442945,1.186751757910972e-06,False,
2.85,11.5,fit_ok_best5,0.0052797815036034,3.3523962330601936e-06,False,
2.85,12.0,fit_ok_best5,0.0049156241511693,1.8563784503293231e-06,False,
2.85,12.5,fit_ok_best5,0.0047057572447499,5.301856558095903e-07,False,
2.85,13.0,fit_ok_best5,0.0044536005529648,5.013752179522213e-07,False,
2.85,13.5,fit_ok_best5,0.0042764695591357,6.295340131480606e-07,False,
2.85,14.0,fit_ok_best5,0.0040686518227638,4.276448252246301e-07,False,
2.85,14.5,fit_ok_best5,0.0038898516583803,1.4171611431376873e-06,False,
2.85,15.0,fit_ok_best5,0.0037370013792249,1.0415015177929029e-06,False,
2.85,15.5,fit_ok_best5,0.0034641054743936,1.8800179266305824e-06,False,
2.85,16.0,fit_ok_best5,0.003317001100938,1.059890061434126e-06,False,
2.85,16.5,fit_ok_best5,0.0031869265957113,1.7469716981083126e-07,False,
2.85,17.0,fit_ok_best5,0.0030675144558216,6.348230226639322e-07,False,
2.85,17.5,fit_ok_best5,0.0029762917178775,3.763082080466788e-07,False,
2.85,18.0,fit_ok_best5,0.002871118399218,9.071338685429956e-07,False,
2.85,18.5,fit_ok_best5,0.0027997071968645,6.905963601407345e-07,False,
2.85,19.0,fit_ok_best5,0.0027071457831285,1.1694933116605417e-06,False,
2.85,19.5,fit_ok_best5,0.0025578954273546,7.963805692598243e-07,False,
2.85,20.0,fit_ok_best5,0.0024776851384057,6.228804128458982e-07,False,
2.9,0.0,fit_ok_best5,-0.0503307922420231,1.2423850984542128e-07,True,0.00024684393849395796
2.9,0.5,fit_ok_best5,-0.0504757473915369,1.0928922789423352e-07,True,0.00021651829550236177
2.9,1.0,fit_ok_best5,-0.0509099578498067,3.278505857827004e-07,True,0.0006439812555923089
2.9,1.5,fit_ok_best5,-0.0516034392621974,8.560464499743133e-07,True,0.001658894178786681
2.9,2.0,fit_ok_best5,-0.0525882931397975,1.0636527607199854e-06,True,0.0020226036960211582
2.9,2.5,fit_ok_best5,-0.0538658598497198,1.2740464150950546e-06,True,0.0023652206029004513
2.9,3.0,fit_ok_best5,-0.078261643073309,0.000117089287486,True,0.14961261083711275
2.9,3.5,fit_ok_best5,-0.074857936869544,0.0004116544970936,True,0.5499142967445071
2.9,4.0,fit_ok_best5,-0.07332485886946,0.0003508895566453,True,0.478541059683439
2.9,4.5,fit_ok_best5,-0.0661386361956577,0.0005687657923945,True,0.8599599645688522
2.9,5.0,fit_ok_best5,-0.0489195528203986,0.0007838161694441,True,1.602255385125398
2.9,5.5,fit_ok_best5,0.0191979840408675,4.964848766519489e-06,False,
2.9,6.0,fit_ok_best5,0.0160242481601275,5.873130496729735e-06,False,
2.9,6.5,fit_ok_best5,0.0138989447637152,5.9738702799219386e-06,False,
2.9,7.0,fit_ok_best5,0.0119532395758516,5.918101949390107e-06,False,
2.9,7.5,fit_ok_best5,0.0107060267062038,2.9796812230857415e-06,False,
2.9,8.0,fit_ok_best5,0.0097158493695761,1.4867395175228148e-06,False,
2.9,8.5,fit_ok_best5,0.0089580258887484,1.0639757623360051e-06,False,
2.9,9.0,fit_ok_best5,0.0082432702663202,1.7484152992343147e-06,False,
2.9,9.5,fit_ok_best5,0.007687148879694,1.4769004545360382e-06,False,
2.9,10.0,fit_ok_best5,0.0071846625407663,1.538439273167685e-06,False,
2.9,10.5,fit_ok_best5,0.0067305749630647,1.9304329739423075e-06,False,
2.9,11.0,fit_ok_best5,0.0063877271764707,2.418096492376743e-06,False,
2.9,11.5,fit_ok_best5,0.0060199662068468,1.3643790216245043e-06,False,
2.9,12.0,fit_ok_best5,0.0054853886152737,3.656182515624035e-06,False,
2.9,12.5,fit_ok_best5,0.005131188755196,1.2560606983583852e-06,False,
2.9,13.0,fit_ok_best5,0.0049161437454755,6.107992463904065e-07,False,
2.9,13.5,fit_ok_best5,0.0046826514422566,2.5933348053003553e-07,False,
2.9,14.0,fit_ok_best5,0.0044888419278039,6.025505557103091e-07,False,
2.9,14.5,fit_ok_best5,0.0042749919799745,5.476366953958834e-07,False,
2.9,15.0,fit_ok_best5,0.0041020998883611,1.5233312353093032e-06,False,
2.9,15.5,fit_ok_best5,0.00394864650571,1.174008532477748e-06,False,
2.9,16.0,fit_ok_best5,0.0036661663334849,1.976415125601007e-06,False,
2.9,16.5,fit_ok_best5,0.0035170251069602,1.1710367509254618e-06,False,
2.9,17.0,fit_ok_best5,0.0033850220095915,1.800476639417384e-07,False,
2.9,17.5,fit_ok_best5,0.0032636197777598,6.357372762508014e-07,False,
2.9,18.0,fit_ok_best5,0.003171551634004,3.504882423400037e-07,False,
2.9,18.5,fit_ok_best5,0.0030641788459444,8.520538811974844e-07,False,
2.9,19.0,fit_ok_best5,0.0029923215114695,6.903294601618634e-07,False,
2.9,19.5,fit_ok_best5,0.0028973752042154,1.0813368450183066e-06,False,
2.9,20.0,insufficient_clean_finite,,,False,
2.95,0.0,fit_ok_best5,-0.0499603117345581,1.219262449250296e-07,True,0.0002440462052615494
2.95,0.5,fit_ok_best5,-0.0501001972570018,1.4994736321225598e-07,True,0.0002992949557524944
2.95,1.0,fit_ok_best5,-0.0505231966123813,2.044056429265463e-07,True,0.00040457781104937906
2.95,1.5,fit_ok_best5,-0.0512259323647538,6.52605348494713e-07,True,0.0012739745639920078
2.95,2.0,fit_ok_best5,-0.0521470139991756,9.55056119641456e-07,True,0.0018314684703836632
2.95,2.5,fit_ok_best5,-0.0533969212059736,1.207502069265304e-06,True,0.0022613702101053324
2.95,3.0,fit_ok_best5,-0.0784600779638541,0.000183871334273,True,0.23435018042896663
2.95,3.5,fit_ok_best5,-0.0782947245484912,0.0001857909393811,True,0.23729688105107502
2.95,4.0,fit_ok_best5,-0.0739224880007841,0.0005090128271048,True,0.6885764276486485
2.95,4.5,fit_ok_best5,-0.0716537129463585,0.0003921582091,True,0.5472964246717794
2.95,5.0,fit_ok_best5,-0.0628959912107881,0.000440847532743,True,0.7009151525501114
2.95,5.5,fit_ok_best5,0.0228035902107871,1.653527389479882e-05,False,
2.95,6.0,fit_ok_best5,0.0182267685802095,5.017315852814216e-06,False,
2.95,6.5,fit_ok_best5,0.0155898215042083,6.022268455615265e-06,False,
2.95,7.0,fit_ok_best5,0.0137083297299963,6.892585556532693e-06,False,
2.95,7.5,fit_ok_best5,0.0118860331029374,4.873057408209681e-06,False,
2.95,8.0,fit_ok_best5,0.0107387276347926,1.7435063843261744e-06,False,
2.95,8.5,fit_ok_best5,0.0098221965354222,1.8197270858614044e-06,False,
2.95,9.0,fit_ok_best5,0.0090704940495998,1.969998194106438e-06,False,
2.95,9.5,fit_ok_best5,0.0084903521318492,1.5611411919710076e-06,False,
2.95,10.0,fit_ok_best5,0.007870463704586,1.20161879679348e-06,False,
2.95,10.5,fit_ok_best5,0.0073988080942227,2.514634915174454e-06,False,
2.95,11.0,fit_ok_best5,0.0069270313315592,2.8537149231451784e-06,False,
2.95,11.5,fit_ok_best5,0.0066062777080668,2.2346064915115716e-06,False,
2.95,12.0,fit_ok_best5,0.0060396269025133,3.534381791283349e-06,False,
2.95,12.5,fit_ok_best5,0.0057009492554637,3.935344689395035e-06,False,
2.95,13.0,fit_ok_best5,0.0054114917026788,1.253221863656959e-06,False,
2.95,13.5,fit_ok_best5,0.0051352978500424,7.176293911015387e-07,False,
2.95,14.0,fit_ok_best5,0.0049096609858323,4.259680829964651e-07,False,
2.95,14.5,fit_ok_best5,0.0047096111818249,6.271159496484094e-07,False,
2.95,15.0,fit_ok_best5,0.0044941682943689,6.133247774010639e-07,False,
2.95,15.5,fit_ok_best5,0.0043220448038089,1.6276638102863631e-06,False,
2.95,16.0,fit_ok_best5,0.0041680756559739,1.2781214444933528e-06,False,
2.95,16.5,fit_ok_best5,0.0038761813383942,2.0853962929665824e-06,False,
2.95,17.0,fit_ok_best5,0.0037247797772976,1.3133488186791195e-06,False,
2.95,17.5,fit_ok_best5,0.0035907271363383,1.8433322941019952e-07,False,
2.95,18.0,fit_ok_best5,0.0034672835018057,6.449169294737528e-07,False,
2.95,18.5,fit_ok_best5,0.0033744609720848,3.6864908309683314e-07,False,
2.95,19.0,fit_ok_best5,0.0032649463683422,7.86979464827459e-07,False,
2.95,19.5,fit_ok_best5,0.0031926639924571,7.711392191433689e-07,False,
2.95,20.0,insufficient_clean_finite,,,False,
3.0,0.0,fit_ok_best5,-0.0495966461197983,1.0130497229057176e-07,True,0.0002042577073576195
3.0,0.5,fit_ok_best5,-0.0497329311111693,1.1792892489537833e-07,True,0.00023712442090285967
3.0,1.0,fit_ok_best5,-0.0501440041702618,1.3850802836879034e-07,True,0.0002762205186057586
3.0,1.5,fit_ok_best5,-0.0508297623049648,4.750855684320646e-07,True,0.0009346602204859428
3.0,2.0,fit_ok_best5,-0.0517320846711983,9.147581363251036e-07,True,0.0017682607266634911
3.0,2.5,fit_ok_best5,-0.0529324346006357,1.0983686608707905e-06,True,0.0020750389985984123
3.0,3.0,fit_ok_best5,-0.0786784164175213,0.0002376050114677,True,0.30199516244303376
3.0,3.5,fit_ok_best5,-0.0786176784852419,0.0002675137056601,True,0.3402716931031201
3.0,4.0,fit_ok_best5,-0.0779255584962508,0.0002660020302533,True,0.3413540247723705
3.0,4.5,fit_ok_best5,-0.0765255722218931,0.0001800300490264,True,0.23525475706916105
3.0,5.0,fit_ok_best5,-0.0693399810605193,0.0003830503258965,True,0.55242346484372
3.0,5.5,fit_ok_best5,-0.0518987315337781,0.0006634086637698,True,1.2782752952989282
3.0,6.0,fit_ok_best5,0.0207947717257508,5.7086500818367285e-06,False,
3.0,6.5,fit_ok_best5,0.0175657514518267,5.779067939646997e-06,False,
3.0,7.0,fit_ok_best5,0.0152942132678274,6.479212772922103e-06,False,
3.0,7.5,fit_ok_best5,0.0132075786606241,6.667858153106702e-06,False,
3.0,8.0,fit_ok_best5,0.0118759900415602,3.6723159696331103e-06,False,
3.0,8.5,fit_ok_best5,0.0108142039519888,1.4167390457562393e-06,False,
3.0,9.0,fit_ok_best5,0.0100091446238179,1.6311572176237547e-06,False,
3.0,9.5,fit_ok_best5,0.0092315883765298,1.876075215523911e-06,False,
3.0,10.0,fit_ok_best5,0.0086547047772269,1.9709969736337375e-06,False,
3.0,10.5,fit_ok_best5,0.008075842951186,1.1097165982481485e-06,False,
3.0,11.0,fit_ok_best5,0.0076099566957332,2.4232579991163022e-06,False,
3.0,11.5,fit_ok_best5,0.0072395117323882,3.4654303350063205e-06,False,
3.0,12.0,fit_ok_best5,0.0068357734885178,2.1183958613341177e-06,False,
3.0,12.5,fit_ok_best5,0.0062604419613251,3.555744784503943e-06,False,
3.0,13.0,fit_ok_best5,0.0059790836659246,4.146261973652313e-06,False,
3.0,13.5,fit_ok_best5,0.0056402522268936,9.472008573097752e-07,False,
3.0,14.0,fit_ok_best5,0.0053634267416639,8.040687791701521e-07,False,
3.0,14.5,fit_ok_best5,0.005143134991696,6.937128528752903e-07,False,
3.0,15.0,fit_ok_best5,0.0049389848878509,6.744050255885632e-07,False,
3.0,15.5,fit_ok_best5,0.0047218742743041,6.707668765719964e-07,False,
3.0,16.0,fit_ok_best5,0.0045497997711016,1.7417275581086218e-06,False,
3.0,16.5,fit_ok_best5,0.0043954584435489,1.3462197308945328e-06,False,
3.0,17.0,fit_ok_best5,0.0040943473786838,2.20626015632111e-06,False,
3.0,17.5,fit_ok_best5,0.0039404658571456,1.4844260384937545e-06,False,
3.0,18.0,fit_ok_best5,0.0038042082694724,2.1364738490731122e-07,False,
3.0,18.5,fit_ok_best5,0.0036786875587472,6.656825024587927e-07,False,
3.0,19.0,fit_ok_best5,0.0035851681005959,4.72910912018035e-07,False,
3.0,19.5,fit_ok_best5,0.0034736075453095,7.12872716969723e-07,False,
3.0,20.0,insufficient_clean_finite,,,False,
3.05,0.0,fit_ok_best5,-0.0492191569922179,9.306618267668061e-08,True,0.00018908528378776466
3.05,0.5,fit_ok_best5,-0.0493727102822121,1.1119463809514665e-07,True,0.00022521477443624888
3.05,1.0,fit_ok_best5,-0.0497725530543727,1.8380835097851546e-07,True,0.00036929660967505314
3.05,1.5,fit_ok_best5,-0.0504432499993181,3.135731525350167e-07,True,0.0006216355063150285
3.05,2.0,fit_ok_best5,-0.0513301402976813,8.761927447654115e-07,True,0.0017069751605666098
3.05,2.5,fit_ok_best5,-0.0524990306750099,1.070073097005791e-06,True,0.002038272103784113
3.05,3.0,fit_ok_best5,-0.0539336364874127,1.2296511780932022e-06,True,0.00227993374483507
3.05,3.5,fit_ok_best5,-0.0789723094612911,0.0003308275826222,True,0.418915927467409
3.05,4.0,fit_ok_best5,-0.0783991224173851,0.0003665640755874,True,0.4675614525834462
3.05,4.5,fit_ok_best5,-0.0771103726428692,0.0003544224675452,True,0.459630080101779
3.05,5.0,fit_ok_best5,-0.0799197854116936,0.0003062054299341,True,0.3831409560933294
3.05,5.5,fit_ok_best5,-0.0601585919268944,0.0008957172006119,True,1.4889264723821807
3.05,6.0,fit_ok_best5,0.1225539427649749,0.009933696858693,False,
3.05,6.5,fit_ok_best5,0.0199282042052706,4.56552284011845e-06,False,
3.05,7.0,fit_ok_best5,0.0171123638293083,6.224111017380698e-06,False,
3.05,7.5,fit_ok_best5,0.0151005914170972,7.321478746865581e-06,False,
3.05,8.0,fit_ok_best5,0.0131451375884656,5.727104113633022e-06,False,
3.05,8.5,fit_ok_best5,0.0119158463889857,2.417440391712416e-06,False,
3.05,9.0,fit_ok_best5,0.0109274261118577,1.7963870421787615e-06,False,
3.05,9.5,fit_ok_best5,0.0101578050533779,1.3375390516216362e-06,False,
3.05,10.0,fit_ok_best5,0.0094211600775333,2.1947124407785403e-06,False,
3.05,10.5,fit_ok_best5,0.0088468118541927,1.8346789144042568e-06,False,
3.05,11.0,fit_ok_best5,0.0083080266038901,1.657591440051788e-06,False,
3.05,11.5,fit_ok_best5,0.0078327136874682,2.4949870907435304e-06,False,
3.05,12.0,fit_ok_best5,0.0074732814911301,3.3236215648732725e-06,False,
3.05,12.5,fit_ok_best5,0.0070760880674462,2.060493662199371e-06,False,
3.05,13.0,fit_ok_best5,0.0064940846302535,3.8264924695440436e-06,False,
3.05,13.5,fit_ok_best5,0.0062171996966022,4.355288543399216e-06,False,
3.05,14.0,fit_ok_best5,0.0058779791443596,9.79967177858679e-07,False,
3.05,14.5,fit_ok_best5,0.0056007305047707,8.667135573347307e-07,False,
3.05,15.0,fit_ok_best5,0.0053838686970638,9.267670452202042e-07,False,
3.05,15.5,fit_ok_best5,0.0051771876089693,7.328498954337208e-07,False,
3.05,16.0,fit_ok_best5,0.0049583706512137,7.18670095160785e-07,False,
3.05,16.5,fit_ok_best5,0.0047855363837466,1.8725405545679428e-06,False,
3.05,17.0,fit_ok_best5,0.0046309254954622,1.3743312521102729e-06,False,
3.05,17.5,fit_ok_best5,0.0043208855268378,2.3401434917444583e-06,False,
3.05,18.0,fit_ok_best5,0.0041643213359819,1.6781627694388277e-06,False,
3.05,18.5,fit_ok_best5,0.0040256481289655,3.102948308821542e-07,False,
3.05,19.0,fit_ok_best5,0.0038980435519582,6.910802286254848e-07,False,
3.05,19.5,fit_ok_best5,0.0038038522283658,6.746969740963935e-07,False,
3.05,20.0,insufficient_clean_finite,,,False,
3.1,0.0,fit_ok_best5,-0.0488686132499679,7.444953230093355e-08,True,0.00015234631668411926
3.1,0.5,fit_ok_best5,-0.0489981895751303,8.805244438731257e-08,True,0.00017970550575608366
3.1,1.0,fit_ok_best5,-0.0493882554931602,1.137229813184667e-07,True,0.00023026320768551186
3.1,1.5,fit_ok_best5,-0.0500423646466569,1.7967795888577553e-07,True,0.0003590516958070625
3.1,2.0,fit_ok_best5,-0.0509807625379461,6.961432866361222e-07,True,0.0013655019108785738
3.1,2.5,fit_ok_best5,-0.0520822608697838,1.0533113638753842e-06,True,0.002022399462475095
3.1,3.0,fit_ok_best5,-0.0534781615876293,1.193650223090092e-06,True,0.0022320330161951754
3.1,3.5,fit_ok_best5,-0.0793580586192753,0.000379071683015,True,0.47767257618236036
3.1,4.0,fit_ok_best5,-0.0789205886093727,0.0004410811572667,True,0.5588923816190553
3.1,4.5,fit_ok_best5,-0.0777647833643243,0.0004801685244154,True,0.617462691519159
3.1,5.0,fit_ok_best5,-0.07578293649722,0.0004448388339123,True,0.5869907587028096
3.1,5.5,fit_ok_best5,-0.0674535050719963,0.000759957321316,True,1.1266387425010187
3.1,6.0,fit_ok_best5,-0.0552327825583125,0.0005288301784787,True,0.957457064417102
3.1,6.5,fit_ok_best5,0.0228843043014171,1.0837662258668332e-05,False,
3.1,7.0,fit_ok_best5,0.0192371456465213,5.138331676010003e-06,False,
3.1,7.5,fit_ok_best5,0.0168060491545611,6.74605734778935e-06,False,
3.1,8.0,fit_ok_best5,0.0145684406121505,7.644393275079601e-06,False,
3.1,8.5,fit_ok_best5,0.0131412457551183,4.65677219223167e-06,False,
3.1,9.0,fit_ok_best5,0.0119991988913853,1.5341562584484743e-06,False,
3.1,9.5,fit_ok_best5,0.01107511560799,2.0246482486070013e-06,False,
3.1,10.0,fit_ok_best5,0.0103028671221513,2.2535828149293383e-06,False,
3.1,10.5,fit_ok_best5,0.0097112558530676,2.069083760911185e-06,False,
3.1,11.0,fit_ok_best5,0.0090606870522425,1.645709920371416e-06,False,
3.1,11.5,fit_ok_best5,0.0085958333049678,2.374617148284577e-06,False,
3.1,12.0,fit_ok_best5,0.008065663338827,2.8027927296925742e-06,False,
3.1,12.5,fit_ok_best5,0.0077189734046282,3.2357531267319843e-06,False,
3.1,13.0,fit_ok_best5,0.0073272935914917,2.0470429918054824e-06,False,
3.1,13.5,fit_ok_best5,0.0067385481542745,4.055175789766611e-06,False,
3.1,14.0,fit_ok_best5,0.0063391549183387,3.649280970502538e-06,False,
3.1,14.5,fit_ok_best5,0.0061251418322344,1.0779117229740405e-06,False,
3.1,15.0,fit_ok_best5,0.0058474236322824,9.09461241497572e-07,False,
3.1,15.5,fit_ok_best5,0.0056325724655722,1.1273187369043743e-06,False,
3.1,16.0,fit_ok_best5,0.0054244635247509,8.003519131080991e-07,False,
3.1,16.5,fit_ok_best5,0.0052039299173252,7.565935791023209e-07,False,
3.1,17.0,fit_ok_best5,0.0050294999313565,2.0224508598897076e-06,False,
3.1,17.5,fit_ok_best5,0.0048745517639616,1.3628322146880754e-06,False,
3.1,18.0,fit_ok_best5,0.0045560389770236,2.4916535693589144e-06,False,
3.1,18.5,fit_ok_best5,0.0043966217813882,1.8846143693143151e-06,False,
3.1,19.0,fit_ok_best5,0.0042552515275192,4.937618850827242e-07,False,
3.1,19.5,insufficient_clean_finite,,,False,
3.1,20.0,insufficient_clean_finite,,,False,
3.1500000000000004,0.0,fit_ok_best5,-0.0485247857973088,1.1845580224441825e-07,True,0.00024411401369027336
3.1500000000000004,0.5,fit_ok_best5,-0.0486522845044923,8.069632142305125e-08,True,0.00016586337567684037
3.1500000000000004,1.0,fit_ok_best5,-0.0490319104814723,1.342828883806131e-07,True,0.0002738683585077816
3.1500000000000004,1.5,fit_ok_best5,-0.0496730669395329,2.2528238137066667e-07,True,0.00045353024335079465
3.1500000000000004,2.0,fit_ok_best5,-0.0505714380508622,4.303417619022012e-07,True,0.0008509581267382296
3.1500000000000004,2.5,fit_ok_best5,-0.0516809426154706,1.0414757814583647e-06,True,0.0020152027589887666
3.1500000000000004,3.0,fit_ok_best5,-0.0530435954833804,1.191134674700394e-06,True,0.002245576801206095
3.1500000000000004,3.5,fit_ok_best5,-0.0546606931012337,1.2999491959261508e-06,True,0.002378215719874966
3.1500000000000004,4.0,fit_ok_best5,-0.0822729172840704,0.0002006231811562,True,0.2438508172300394
3.1500000000000004,4.5,fit_ok_best5,-0.0817981953879321,0.0002195949543836,True,0.2684594120226733
3.1500000000000004,5.0,fit_ok_best5,-0.0766514478914763,0.0006066318277446,True,0.7914160063923045
3.1500000000000004,5.5,fit_ok_best5,-0.0738497902344299,0.000524874642227,True,0.7107327462418376
3.1500000000000004,6.0,fit_ok_best5,-0.0636833730328765,0.0007143704020182,True,1.1217533996658857
3.1500000000000004,6.5,fit_ok_best5,-0.0235804755891041,0.0007203593129,True,3.0548973033981497
3.1500000000000004,7.0,fit_ok_best5,0.0215945052223669,4.247667175324848e-06,False,
3.1500000000000004,7.5,fit_ok_best5,0.0187628567881152,5.990642970408603e-06,False,
3.1500000000000004,8.0,fit_ok_best5,0.0166089531863397,7.503683914010771e-06,False,
3.1500000000000004,8.5,fit_ok_best5,0.0145100361727571,6.84337514211887e-06,False,
3.1500000000000004,9.0,fit_ok_best5,0.0131883876418098,3.4986518079199195e-06,False,
3.1500000000000004,9.5,fit_ok_best5,0.0121206448601855,1.593453313494915e-06,False,
3.1500000000000004,10.0,fit_ok_best5,0.0113044307819924,1.762278428949172e-06,False,
3.1500000000000004,10.5,fit_ok_best5,0.010498067675186,2.200152205044612e-06,False,
3.1500000000000004,11.0,fit_ok_best5,0.0099297339891657,1.4220985203748674e-06,False,
3.1500000000000004,11.5,fit_ok_best5,0.0092933499542486,1.559874509756748e-06,False,
3.1500000000000004,12.0,fit_ok_best5,0.0088018850249233,3.117234609745729e-06,False,
3.1500000000000004,12.5,fit_ok_best5,0.0083063163600192,3.5008555082932917e-06,False,
3.1500000000000004,13.0,fit_ok_best5,0.0079765118235768,3.1995832902155538e-06,False,
3.1500000000000004,13.5,fit_ok_best5,0.0075900806380208,2.036648344180883e-06,False,
3.1500000000000004,14.0,fit_ok_best5,0.0069937129559734,4.255907568728811e-06,False,
3.1500000000000004,14.5,fit_ok_best5,0.0066018010272995,2.0920392389006356e-06,False,
3.1500000000000004,15.0,fit_ok_best5,0.0063820945027729,1.1716624202440998e-06,False,
3.1500000000000004,15.5,fit_ok_best5,0.0061037447197168,9.37887907582706e-07,False,
3.1500000000000004,16.0,fit_ok_best5,0.0058492136098499,1.1321662452384476e-06,False,
3.1500000000000004,16.5,fit_ok_best5,0.0056810780718439,8.788521788376717e-07,False,
3.1500000000000004,17.0,fit_ok_best5,0.0054588285725136,7.866237634498791e-07,False,
3.1500000000000004,17.5,fit_ok_best5,0.0052820235418861,2.188898465834114e-06,False,
3.1500000000000004,18.0,fit_ok_best5,0.0051263503950954,1.3190495407621843e-06,False,
3.1500000000000004,18.5,fit_ok_best5,0.0048000704761371,2.670353399159204e-06,False,
3.1500000000000004,19.0,fit_ok_best5,0.0046376757851839,2.09113484313776e-06,False,
3.1500000000000004,19.5,insufficient_clean_finite,,,False,
3.1500000000000004,20.0,insufficient_clean_finite,,,False,
3.2,0.0,fit_ok_best5,-0.0481877477153648,1.8605266250377917e-07,True,0.0003860995197425585
3.2,0.5,fit_ok_best5,-0.0483134092751584,1.3387885793352741e-07,True,0.00027710496928720103
3.2,1.0,fit_ok_best5,-0.0486889615068293,1.0719596266606229e-07,True,0.0002201648163126802
3.2,1.5,fit_ok_best5,-0.0493155707651854,1.750159464818007e-07,True,0.00035488983249354214
3.2,2.0,fit_ok_best5,-0.0501960896748931,2.700301769516568e-07,True,0.000537950622649237
3.2,2.5,fit_ok_best5,-0.0513222884792697,9.32153311810002e-07,True,0.0018162738635213453
3.2,3.0,fit_ok_best5,-0.0526281310897733,1.211663158155078e-06,True,0.0023023108232519554
3.2,3.5,fit_ok_best5,-0.0542049531688089,1.2865209857485415e-06,True,0.002373438054160783
3.2,4.0,fit_ok_best5,-0.0826774922261834,0.0002572523015109,True,0.31115155356566315
3.2,4.5,fit_ok_best5,-0.0823294824437328,0.0003048870360237,True,0.3703254617591843
3.2,5.0,fit_ok_best5,-0.0813125466941862,0.0003239117999471,True,0.39835402175425844
3.2,5.5,fit_ok_best5,-0.0795108285158138,0.0002631073631261,True,0.3309075858438212
3.2,6.0,fit_ok_best5,-0.0711870639466791,0.0005683372013423,True,0.7983714594100956
3.2,6.5,fit_ok_best5,-0.0673178965528284,0.0004958439896839,True,0.7365708304548425
3.2,7.0,fit_ok_best5,0.0251887150244562,2.2569963208993773e-05,False,
3.2,7.5,fit_ok_best5,0.0210442479420772,4.797467905619865e-06,False,
3.2,8.0,fit_ok_best5,0.0184446368130043,6.673818077820416e-06,False,
3.2,8.5,fit_ok_best5,0.0164964403505501,8.510936081507187e-06,False,
3.2,9.0,fit_ok_best5,0.014512284343704,5.925929248350112e-06,False,
3.2,9.5,fit_ok_best5,0.0132803650126449,2.3491896678850124e-06,False,
3.2,10.0,fit_ok_best5,0.0122763682497982,1.985429534493873e-06,False,
3.2,10.5,fit_ok_best5,0.0114918485976325,1.2885909570185498e-06,False,
3.2,11.0,fit_ok_best5,0.0107183461999195,2.3793551369774637e-06,False,
3.2,11.5,fit_ok_best5,0.010135063951005,2.4360299224308755e-06,False,
3.2,12.0,fit_ok_best5,0.0095454149241735,1.6439315579956771e-06,False,
3.2,12.5,fit_ok_best5,0.0090572654691516,3.121086245040067e-06,False,
3.2,13.0,fit_ok_best5,0.0086789112642998,4.378369372020747e-06,False,
3.2,13.5,fit_ok_best5,0.0082459241948757,3.2106644809980313e-06,False,
3.2,14.0,fit_ok_best5,0.0076151522199365,4.082185512324581e-06,False,
3.2,14.5,fit_ok_best5,0.0072597370568093,4.4369459455587105e-06,False,
3.2,15.0,fit_ok_best5,0.0068745497635235,1.296623138884703e-06,False,
3.2,15.5,fit_ok_best5,0.0066491530560175,1.2554795523088511e-06,False,
3.2,16.0,fit_ok_best5,0.0063699606054448,9.58602974388146e-07,False,
3.2,16.5,fit_ok_best5,0.0061140971771757,1.0973825002779093e-06,False,
3.2,17.0,fit_ok_best5,0.0059473193830269,9.715072129019809e-07,False,
3.2,17.5,fit_ok_best5,0.0057233421933948,8.142373719020732e-07,False,
3.2,18.0,fit_ok_best5,0.005543532764783,2.3645133194079053e-06,False,
3.2,18.5,fit_ok_best5,0.0053862912890362,1.263396886439254e-06,False,
3.2,19.0,fit_ok_best5,0.005053259146172,2.890685488236174e-06,False,
3.2,19.5,insufficient_clean_finite,,,False,
3.2,20.0,insufficient_clean_finite,,,False,
3.25,0.0,fit_ok_best5,-0.0478311435013623,3.10821937434493e-07,True,0.0006498317093875046
3.25,0.5,fit_ok_best5,-0.0479815518308994,2.0565480390694115e-07,True,0.000428612239620192
3.25,1.0,fit_ok_best5,-0.048352182698168,8.825553479515368e-08,True,0.00018252647527015894
3.25,1.5,fit_ok_best5,-0.0489675557575728,1.475417252807532e-07,True,0.00030130506413511554
3.25,2.0,fit_ok_best5,-0.0498315036432034,2.1202436764884249e-07,True,0.0004254825805918879
3.25,2.5,fit_ok_best5,-0.0509397311237414,6.785233061256298e-07,True,0.0013320119505094746
3.25,3.0,fit_ok_best5,-0.052208199913444,1.1841582442836967e-06,True,0.0022681460886353356
3.25,3.5,fit_ok_best5,-0.0537725874204332,1.3303341291180908e-06,True,0.002474000588285944
3.25,4.0,fit_ok_best5,-0.0555607614036489,1.3571198200389618e-06,True,0.0024425867928257626
3.25,4.5,fit_ok_best5,-0.0828837985561025,0.0003707924490875,True,0.4473642081407712
3.25,5.0,fit_ok_best5,-0.0820161360254494,0.0004273783269509,True,0.5210905410348589
3.25,5.5,fit_ok_best5,-0.080364956921117,0.0004407936323908,True,0.5484898508979047
3.25,6.0,fit_ok_best5,-0.0777896244945962,0.0003291043172519,True,0.42306968235174064
3.25,6.5,fit_ok_best5,-0.0676435527708842,0.000515214630311,True,0.7616611032482073
3.25,7.0,fit_ok_best5,-0.0475951995088213,0.0003587587419712,True,0.7537708543583427
3.25,7.5,fit_ok_best5,0.0237257661197982,1.117328982574918e-05,False,
3.25,8.0,fit_ok_best5,0.0205500702123773,5.2175911329409e-06,False,
3.25,8.5,fit_ok_best5,0.0182436336381184,7.397350263733179e-06,False,
3.25,9.0,fit_ok_best5,0.0159925955784855,8.21420643378625e-06,False,
3.25,9.5,fit_ok_best5,0.0145672854556648,4.950824299390706e-06,False,
3.25,10.0,fit_ok_best5,0.0134118530500022,1.5725858347098804e-06,False,
3.25,10.5,fit_ok_best5,0.0124637679152014,2.21446699132071e-06,False,
3.25,11.0,fit_ok_best5,0.0117034417014441,2.1130935869562015e-06,False,
3.25,11.5,fit_ok_best5,0.0109964940010206,2.725827668689471e-06,False,
3.25,12.0,fit_ok_best5,0.0103824208699608,2.3080346275614635e-06,False,
3.25,12.5,fit_ok_best5,0.009817899856999,2.029497210539592e-06,False,
3.25,13.0,fit_ok_best5,0.0093260521052693,3.1844453000808984e-06,False,
3.25,13.5,fit_ok_best5,0.0089564838219574,4.382240867307796e-06,False,
3.25,14.0,fit_ok_best5,0.0085273335852572,3.263595779130734e-06,False,
3.25,14.5,fit_ok_best5,0.0078912364591355,4.301260637825123e-06,False,
3.25,15.0,fit_ok_best5,0.0075368604794402,4.602519366127436e-06,False,
3.25,15.5,fit_ok_best5,0.0071558135193559,1.7326529947597342e-06,False,
3.25,16.0,fit_ok_best5,0.0069266316491679,1.334741685370486e-06,False,
3.25,16.5,fit_ok_best5,0.00664636792035,9.791879074081464e-07,False,
3.25,17.0,fit_ok_best5,0.0063889589762247,1.0545091046844615e-06,False,
3.25,17.5,fit_ok_best5,0.0062234998023707,1.0812125367962267e-06,False,
3.25,18.0,fit_ok_best5,0.0059977471508448,8.481289595407915e-07,False,
3.25,18.5,fit_ok_best5,0.0058145315687565,2.53811897237525e-06,False,
3.25,19.0,insufficient_clean_finite,,,False,
3.25,19.5,insufficient_clean_finite,,,False,
3.25,20.0,insufficient_clean_finite,,,False,
3.3,0.0,fit_ok_best5,-0.0475062253628837,3.8254614044175587e-07,True,0.0008052547587597575
3.3,0.5,fit_ok_best5,-0.0476289252278669,3.319840332220767e-07,True,0.0006970218866661267
3.3,1.0,fit_ok_best5,-0.0479955642322143,1.8381995995696392e-07,True,0.00038299364305334114
3.3,1.5,fit_ok_best5,-0.0486263773682004,1.6424682856201574e-07,True,0.00033777311297186253
3.3,2.0,fit_ok_best5,-0.0494773520722238,2.7062629080392e-07,True,0.0005469700367329227
3.3,2.5,fit_ok_best5,-0.050569532033295,4.5021726526819307e-07,True,0.000890293516997092
3.3,3.0,fit_ok_best5,-0.0518248153113041,1.212985948047768e-06,True,0.0023405504501299973
3.3,3.5,fit_ok_best5,-0.0533394825149712,1.354108626246876e-06,True,0.0025386609738232992
3.3,4.0,fit_ok_best5,-0.0551081055964974,1.3970211458534806e-06,True,0.0025350556523980267
3.3,4.5,fit_ok_best5,-0.083459971889973,0.0004209611922276,True,0.5043869326754169
3.3,5.0,fit_ok_best5,-0.082758145141519,0.0005037398025513,True,0.6086890924027952
3.3,5.5,fit_ok_best5,-0.0812821554185266,0.0005678726557442,True,0.6986436971561474
3.3,6.0,fit_ok_best5,-0.0788693081162295,0.0005658053938704,True,0.7173961676404896
3.3,6.5,fit_ok_best5,-0.0753556220049546,0.0003595877389609,True,0.4771876727887101
3.3,7.0,fit_ok_best5,-0.0550930610819332,0.0010512829963696,True,1.9081949264103422
3.3,7.5,fit_ok_best5,0.0278652650896287,5.390326412075198e-05,False,
3.3,8.0,fit_ok_best5,0.0228037575208344,4.693296187194857e-06,False,
3.3,8.5,fit_ok_best5,0.0202199792096503,6.117105914336086e-06,False,
3.3,9.0,fit_ok_best5,0.0181341418509037,8.259077911214454e-06,False,
3.3,9.5,fit_ok_best5,0.0160013626633948,7.465253508645035e-06,False,
3.3,10.0,fit_ok_best5,0.0146688716576595,3.916413417702081e-06,False,
3.3,10.5,fit_ok_best5,0.0135785038253607,1.6115977438127784e-06,False,
3.3,11.0,fit_ok_best5,0.0126803393855599,2.364527266604349e-06,False,
3.3,11.5,fit_ok_best5,0.0119031234190662,2.585414771594684e-06,False,
3.3,12.0,fit_ok_best5,0.0113200907830485,2.5233874526967584e-06,False,
3.3,12.5,fit_ok_best5,0.0106475588800944,2.22986065171977e-06,False,
3.3,13.0,fit_ok_best5,0.0101111973863851,2.812589278976058e-06,False,
3.3,13.5,fit_ok_best5,0.0096082711140745,3.302652119022864e-06,False,
3.3,14.0,fit_ok_best5,0.0092471117295285,4.416950521251605e-06,False,
3.3,14.5,fit_ok_best5,0.0088209489670015,3.35259505321771e-06,False,
3.3,15.0,fit_ok_best5,0.008179481653778,4.445714141598293e-06,False,
3.3,15.5,fit_ok_best5,0.0078253660809674,4.75544212425208e-06,False,
3.3,16.0,fit_ok_best5,0.0075156850203526,1.963353103529738e-06,False,
3.3,16.5,fit_ok_best5,0.0072148593077598,1.415293829091706e-06,False,
3.3,17.0,fit_ok_best5,0.006933293490687,1.0078589944619174e-06,False,
3.3,17.5,fit_ok_best5,0.0066741322162675,1.005653721817618e-06,False,
3.3,18.0,fit_ok_best5,0.0065099573673652,1.2098356347289548e-06,False,
3.3,18.5,fit_ok_best5,0.0062823309895746,8.989300213868721e-07,False,
3.3,19.0,insufficient_clean_finite,,,False,
3.3,19.5,insufficient_clean_finite,,,False,
3.3,20.0,insufficient_clean_finite,,,False,
3.35,0.0,fit_ok_best5,-0.0471881824808515,4.489080202948015e-07,True,0.0009513144959057576
3.35,0.5,fit_ok_best5,-0.0473095646843567,4.0393984559051434e-07,True,0.0008538227909843364
3.35,1.0,fit_ok_best5,-0.0476722690009592,2.6618381908095925e-07,True,0.0005583619673643045
3.35,1.5,fit_ok_best5,-0.0482721580787177,1.0345397937370237e-07,True,0.0002143139720519628
3.35,2.0,fit_ok_best5,-0.0491071973458827,1.792746024297145e-07,True,0.00036506787623616116
3.35,2.5,fit_ok_best5,-0.0502111055756551,2.751405113499e-07,True,0.0005479674430496948
3.35,3.0,fit_ok_best5,-0.0515155883782314,1.019523790466268e-06,True,0.0019790588102786407
3.35,3.5,fit_ok_best5,-0.0529461126967208,1.4531108524330489e-06,True,0.0027445090459361464
3.35,4.0,fit_ok_best5,-0.0546810872184339,1.5234123254468906e-06,True,0.0027859949443970146
3.35,4.5,fit_ok_best5,-0.086744528937614,0.0001756599625657,True,0.2025026416271547
3.35,5.0,fit_ok_best5,-0.0866574113847716,0.0002296475687683,True,0.2650062644366691
3.35,5.5,fit_ok_best5,-0.0859459540649156,0.0002680609364026,True,0.3118947707534105
3.35,6.0,fit_ok_best5,-0.0844850004876285,0.0002590148894472,True,0.306580917266052
3.35,6.5,fit_ok_best5,-0.0767034295531942,0.0006899865974648,True,0.899551169333688
3.35,7.0,fit_ok_best5,-0.0650098152214985,0.001042757548183,True,1.6040001723280763
3.35,7.5,fit_ok_best5,-0.0563038983573757,0.0007408814662737,True,1.3158617571577902
3.35,8.0,fit_ok_best5,0.0255610018633449,1.9377022023577e-05,False,
3.35,8.5,fit_ok_best5,0.022480354020049,5.428166250524553e-06,False,
3.35,9.0,fit_ok_best5,0.0200151139618482,6.919004531306584e-06,False,
3.35,9.5,fit_ok_best5,0.018098743803454,9.272523317776353e-06,False,
3.35,10.0,fit_ok_best5,0.0160653104966265,6.676726503952928e-06,False,
3.35,10.5,fit_ok_best5,0.014812014326601,2.8580586841326266e-06,False,
3.35,11.0,fit_ok_best5,0.0137771511035243,2.0434281396158293e-06,False,
3.35,11.5,fit_ok_best5,0.0129757561310685,1.663452531166564e-06,False,
3.35,12.0,fit_ok_best5,0.0121568556924573,2.5966901458515597e-06,False,
3.35,12.5,fit_ok_best5,0.0115943696909388,1.461636051217498e-06,False,
3.35,13.0,fit_ok_best5,0.0109301967029391,2.2038175198573702e-06,False,
3.35,13.5,fit_ok_best5,0.010458404040422,2.8435199376985855e-06,False,
3.35,14.0,fit_ok_best5,0.0099040729713696,3.467534004516018e-06,False,
3.35,14.5,fit_ok_best5,0.0095510106688882,4.483231987114939e-06,False,
3.35,15.0,fit_ok_best5,0.0091270565783916,3.4718115153544302e-06,False,
3.35,15.5,fit_ok_best5,0.0084797130764309,4.5834494503360676e-06,False,
3.35,16.0,fit_ok_best5,0.0081255701808293,4.898003085556988e-06,False,
3.35,16.5,fit_ok_best5,0.0078166274387086,1.8199339069075536e-06,False,
3.35,17.0,fit_ok_best5,0.0075141877251217,1.501612025934856e-06,False,
3.35,17.5,fit_ok_best5,0.0072310943016878,1.0525992348552306e-06,False,
3.35,18.0,fit_ok_best5,0.0069699725579551,9.550037610940138e-07,False,
3.35,18.5,fit_ok_best5,0.006789336985468,4.185168187373501e-06,False,
3.35,19.0,insufficient_clean_finite,,,False,
3.35,19.5,insufficient_clean_finite,,,False,
3.35,20.0,insufficient_clean_finite,,,False,
3.4000000000000004,0.0,fit_ok_best5,-0.0468769565383562,5.062745247740339e-07,True,0.0010800072405719944
3.4000000000000004,0.5,fit_ok_best5,-0.0469971470752784,4.681929371334465e-07,True,0.0009962156562046444
3.4000000000000004,1.0,fit_ok_best5,-0.0473563155561113,3.469818173691477e-07,True,0.0007327044202964179
3.4000000000000004,1.5,fit_ok_best5,-0.0479503857182947,1.4853588911768254e-07,True,0.00030976995678475027
3.4000000000000004,2.0,fit_ok_best5,-0.0487739806164912,2.1763492202773454e-07,True,0.00044621111354226637
3.4000000000000004,2.5,fit_ok_best5,-0.0498333386407286,2.207939495431623e-07,True,0.0004430647345042787
3.4000000000000004,3.0,fit_ok_best5,-0.0511526445624395,7.290757916458278e-07,True,0.0014252944258940142
3.4000000000000004,3.5,fit_ok_best5,-0.0525707220699245,1.5442718363856248e-06,True,0.0029375130787277063
3.4000000000000004,4.0,fit_ok_best5,-0.0542538182913438,1.6460164909047435e-06,True,0.0030339182434416154
3.4000000000000004,4.5,fit_ok_best5,-0.0561857644606749,1.5743038539581008e-06,True,0.002801962150145657
3.4000000000000004,5.0,fit_ok_best5,-0.0872570271969053,0.0002874038384527,True,0.32937615191054004
3.4000000000000004,5.5,fit_ok_best5,-0.0866999535008156,0.0003546625942845,True,0.40906895559195844
3.4000000000000004,6.0,fit_ok_best5,-0.0854130010010415,0.0003979615316025,True,0.4659261786126065
3.4000000000000004,6.5,fit_ok_best5,-0.0832312361876891,0.0003693790172227,True,0.44379854744646413
3.4000000000000004,7.0,fit_ok_best5,-0.0737014455937674,0.0007939724762322,True,1.0772820937712282
3.4000000000000004,7.5,fit_ok_best5,-0.0594589598048401,0.0008837004870106,True,1.4862360355968833
3.4000000000000004,8.0,fit_ok_best5,0.0311582836274884,0.0001300927820838,False,
3.4000000000000004,8.5,fit_ok_best5,0.0250516657085044,1.2626056870475342e-05,False,
3.4000000000000004,9.0,fit_ok_best5,0.0221411781621798,5.241912551721413e-06,False,
3.4000000000000004,9.5,fit_ok_best5,0.0199090535400088,7.704629914196417e-06,False,
3.4000000000000004,10.0,fit_ok_best5,0.0176226057381276,9.271158010667996e-06,False,
3.4000000000000004,10.5,fit_ok_best5,0.0161780219239333,5.8834319431921365e-06,False,
3.4000000000000004,11.0,fit_ok_best5,0.0149924951882784,1.940554666196619e-06,False,
3.4000000000000004,11.5,fit_ok_best5,0.0140056394402342,2.3897253999943105e-06,False,
3.4000000000000004,12.0,fit_ok_best5,0.0132291922725265,1.3905176856754628e-06,False,
3.4000000000000004,12.5,fit_ok_best5,0.0124328932277645,2.716445736763664e-06,False,
3.4000000000000004,13.0,fit_ok_best5,0.0118869260176568,1.8332551521879704e-06,False,
3.4000000000000004,13.5,fit_ok_best5,0.0112301550690383,2.2310698371426686e-06,False,
3.4000000000000004,14.0,fit_ok_best5,0.0107869516278134,3.2554117553661323e-06,False,
3.4000000000000004,14.5,fit_ok_best5,0.0102137421341315,3.667535156891028e-06,False,
3.4000000000000004,15.0,fit_ok_best5,0.0098684437731157,4.579954073892821e-06,False,
3.4000000000000004,15.5,fit_ok_best5,0.0094460107614965,3.615611282158403e-06,False,
3.4000000000000004,16.0,fit_ok_best5,0.0087922538607429,4.718664982863211e-06,False,
3.4000000000000004,16.5,fit_ok_best5,0.0084378207851889,5.032244371642454e-06,False,
3.4000000000000004,17.0,fit_ok_best5,0.0081289061119118,1.835495603224968e-06,False,
3.4000000000000004,17.5,fit_ok_best5,0.007824995144495,1.596616175001476e-06,False,
3.4000000000000004,18.0,fit_ok_best5,0.0075401573822785,1.1198718305721142e-06,False,
3.4000000000000004,18.5,insufficient_clean_finite,,,False,
3.4000000000000004,19.0,insufficient_clean_finite,,,False,
3.4000000000000004,19.5,insufficient_clean_finite,,,False,
3.4000000000000004,20.0,insufficient_clean_finite,,,False,
3.45,0.0,fit_ok_best5,-0.0465462803201384,4.3826233092665043e-07,True,0.0009415625221013308
3.45,0.5,fit_ok_best5,-0.0466657171629597,4.5220255193188196e-07,True,0.0009690251847041403
3.45,1.0,fit_ok_best5,-0.0470475528300698,4.200159359369368e-07,True,0.0008927476790429139
3.45,1.5,fit_ok_best5,-0.0476364165983811,2.3322430256759586e-07,True,0.0004895924572452452
3.45,2.0,fit_ok_best5,-0.0484519670768207,1.8572240384816626e-07,True,0.0003833124123809112
3.45,2.5,fit_ok_best5,-0.0494929933481321,2.405252155412006e-07,True,0.0004859783158584773
3.45,3.0,fit_ok_best5,-0.0508022659239644,4.782476832397486e-07,True,0.0009413904567869877
3.45,3.5,fit_ok_best5,-0.0522924464687826,1.4622724058664568e-06,True,0.0027963358087279393
3.45,4.0,fit_ok_best5,-0.0538697554732071,1.8421622428056956e-06,True,0.003419659559661305
3.45,4.5,fit_ok_best5,-0.055767162144664,1.8339585726790735e-06,True,0.0032885994232979866
3.45,5.0,fit_ok_best5,-0.0878603271553349,0.0003329765183785,True,0.3789839272847296
3.45,5.5,fit_ok_best5,-0.0874663543807139,0.0004211973370868,True,0.4815535528706943
3.45,6.0,fit_ok_best5,-0.0863673583934388,0.0005015925821734,True,0.5807663815401644
3.45,6.5,fit_ok_best5,-0.0843914228324556,0.0005459252402121,True,0.6468965943327428
3.45,7.0,fit_ok_best5,-0.081323935975093,0.0004791768127057,True,0.5892198981274799
3.45,7.5,fit_ok_best5,-0.0696527073249221,0.0008331019843588,True,1.1960798314306325
3.45,8.0,fit_ok_best5,-0.0625541493150812,0.0009093247330509,True,1.4536601376683906
3.45,8.5,fit_ok_best5,0.0287370826245338,4.227502469059435e-05,False,
3.45,9.0,fit_ok_best5,0.0243610128972665,5.143248634039816e-06,False,
3.45,9.5,fit_ok_best5,0.02193387738902,6.001436874558789e-06,False,
3.45,10.0,fit_ok_best5,0.0198834893849527,8.54440622818663e-06,False,
3.45,10.5,fit_ok_best5,0.0176970288089414,8.659254628438317e-06,False,
3.45,11.0,fit_ok_best5,0.016334514677703,5.071304251041904e-06,False,
3.45,11.5,fit_ok_best5,0.0152068332094666,1.5142873262659146e-06,False,
3.45,12.0,fit_ok_best5,0.0142623804863759,2.5777684227825243e-06,False,
3.45,12.5,fit_ok_best5,0.0135056276819247,2.025563302936237e-06,False,
3.45,13.0,fit_ok_best5,0.0127306881296151,2.9552339131492787e-06,False,
3.45,13.5,fit_ok_best5,0.0121969374020099,2.751336008329537e-06,False,
3.45,14.0,fit_ok_best5,0.0115473232628195,2.311314794052228e-06,False,
3.45,14.5,fit_ok_best5,0.0111270394828669,3.964971493198017e-06,False,
3.45,15.0,fit_ok_best5,0.0105377012801374,3.887563982157407e-06,False,
3.45,15.5,fit_ok_best5,0.010199728351981,4.705408985686964e-06,False,
3.45,16.0,fit_ok_best5,0.0097782214445998,3.7790489394136294e-06,False,
3.45,16.5,fit_ok_best5,0.0091174817727354,4.852406554306819e-06,False,
3.45,17.0,fit_ok_best5,0.0087624980552329,5.160051961355448e-06,False,
3.45,17.5,fit_ok_best5,0.0084529630152217,1.949464946356543e-06,False,
3.45,18.0,fit_ok_best5,0.0081476884893516,1.7017869964425135e-06,False,
3.45,18.5,insufficient_clean_finite,,,False,
3.45,19.0,insufficient_clean_finite,,,False,
3.45,19.5,insufficient_clean_finite,,,False,
3.45,20.0,insufficient_clean_finite,,,False,
3.5,0.0,fit_ok_best5,-0.0462151448152835,3.822818374059334e-07,True,0.0008271787071832598
3.5,0.5,fit_ok_best5,-0.0463334589842577,3.9589497875623635e-07,True,0.0008544472772705055
3.5,1.0,fit_ok_best5,-0.0467230244834847,3.808135802108862e-07,True,0.0008150447973364681
3.5,1.5,fit_ok_best5,-0.0473300063588802,3.205120719892684e-07,True,0.0006771857784234862
3.5,2.0,fit_ok_best5,-0.0481392195390927,1.4031075228741386e-07,True,0.00029146868941959245
3.5,2.5,fit_ok_best5,-0.0491689503225976,1.815991222896972e-07,True,0.0003693369923462367
3.5,3.0,fit_ok_best5,-0.0504316900433388,2.4055272600677797e-07,True,0.0004769872391745298
3.5,3.5,fit_ok_best5,-0.0519390319263879,1.108258355277411e-06,True,0.0021337678315763034
3.5,4.0,fit_ok_best5,-0.0535052197631796,2.0175753186616763e-06,True,0.0037708009192219043
3.5,4.5,fit_ok_best5,-0.0553490572890474,2.097959400075406e-06,True,0.0037904157773081984
3.5,5.0,fit_ok_best5,-0.0574388252258622,1.8989866100082968e-06,True,0.0033061028016173034
3.5,5.5,fit_ok_best5,-0.0882427219492726,0.0004715514868362,True,0.5343800331853737
3.5,6.0,fit_ok_best5,-0.0873466018846501,0.0005775062719543,True,0.6611662726352591
3.5,6.5,fit_ok_best5,-0.0856007291468382,0.0006708666684693,True,0.7837160677901533
3.5,7.0,fit_ok_best5,-0.0827768032808669,0.0007095602141636,True,0.8571969272067895
3.5,7.5,fit_ok_best5,-0.0786002590631875,0.0005700056969589,True,0.7251956975112093
3.5,8.0,fit_ok_best5,-0.0643626477197168,0.0006922755500144,True,1.0755858786746726
3.5,8.5,fit_ok_best5,-0.03234257357292,0.006950278843725,True,21.489566462776402
3.5,9.0,fit_ok_best5,0.0270452011681713,1.8842014794419396e-05,False,
3.5,9.5,fit_ok_best5,0.024214884216053,7.010384986463896e-06,False,
3.5,10.0,fit_ok_best5,0.0218322900790137,6.799717003595139e-06,False,
3.5,10.5,fit_ok_best5,0.0199255215314305,9.465107333980696e-06,False,
3.5,11.0,fit_ok_best5,0.0178231033398898,8.044763855914362e-06,False,
3.5,11.5,fit_ok_best5,0.0165308354607106,4.222710329251309e-06,False,
3.5,12.0,fit_ok_best5,0.0154523258632668,1.74514567739978e-06,False,
3.5,12.5,fit_ok_best5,0.0145459675220837,2.6798739456007757e-06,False,
3.5,13.0,fit_ok_best5,0.0138040647136895,2.764839231440765e-06,False,
3.5,13.5,fit_ok_best5,0.0130496745472907,3.310489788008782e-06,False,
3.5,14.0,fit_ok_best5,0.0124839795469549,3.2013173288632294e-06,False,
3.5,14.5,fit_ok_best5,0.0118816268534889,2.44115366922448e-06,False,
3.5,15.0,fit_ok_best5,0.011381402850299,4.242824296028051e-06,False,
3.5,15.5,fit_ok_best5,0.0108764994119695,4.109618846514237e-06,False,
3.5,16.0,fit_ok_best5,0.0105452359527204,4.8579025353760785e-06,False,
3.5,16.5,fit_ok_best5,0.0101241378184115,3.958576875975237e-06,False,
3.5,17.0,fit_ok_best5,0.0094558109926011,4.985529994832486e-06,False,
3.5,17.5,fit_ok_best5,0.0091000155174973,5.283192639115892e-06,False,
3.5,18.0,insufficient_clean_finite,,,False,
3.5,18.5,insufficient_clean_finite,,,False,
3.5,19.0,insufficient_clean_finite,,,False,
3.5,19.5,insufficient_clean_finite,,,False,
3.5,20.0,insufficient_clean_finite,,,False,
3.55,0.0,fit_ok_best5,-0.0459264817881117,2.703936647470004e-07,True,0.0005887532730996023
3.55,0.5,fit_ok_best5,-0.0460437088733168,2.823553550405702e-07,True,0.0006132332992927085
3.55,1.0,fit_ok_best5,-0.0463945463184801,3.153131534245465e-07,True,0.000679634091602162
3.55,1.5,fit_ok_best5,-0.0469766230600158,3.562882256526698e-07,True,0.0007584372874088619
3.55,2.0,fit_ok_best5,-0.0478344949147663,1.873130219317011e-07,True,0.00039158565856180574
3.55,2.5,fit_ok_best5,-0.0488511139724551,1.3124300267265185e-07,True,0.0002686591809281028
3.55,3.0,fit_ok_best5,-0.0501038898760359,1.1792000100688473e-07,True,0.00023535099030960564
3.55,3.5,fit_ok_best5,-0.0515665158712852,7.516410574978391e-07,True,0.001457614587291499
3.55,4.0,fit_ok_best5,-0.053266879998648,1.9953431697321575e-06,True,0.003745935879448548
3.55,4.5,fit_ok_best5,-0.0549774232665258,2.4216186419197147e-06,True,0.0044047510742362675
3.55,5.0,fit_ok_best5,-0.0572579321553288,3.570034529181295e-06,True,0.006235004295119386
3.55,5.5,fit_ok_best5,-0.0890234521239596,0.0005088828976008,True,0.5716279086686196
3.55,6.0,fit_ok_best5,-0.0918130586029392,0.0002671618500642,True,0.290984587736681
3.55,6.5,fit_ok_best5,-0.0909316045516303,0.0003276192779135,True,0.36029197937168284
3.55,7.0,fit_ok_best5,-0.0892057303694604,0.0003478492353818,True,0.38994046003673133
3.55,7.5,fit_ok_best5,-0.0804197962823494,0.0008837103526488,True,1.0988716628255841
3.55,8.0,fit_ok_best5,-0.0748453776685931,0.0006021766663152,True,0.8045609295761328
3.55,8.5,fit_ok_best5,-0.0676831014444403,0.0009663890949406,True,1.4278144386363403
3.55,9.0,fit_ok_best5,0.0318379375922536,9.23998178008108e-05,False,
3.55,9.5,fit_ok_best5,0.0265801559135853,1.4815982608066246e-05,False,
3.55,10.0,fit_ok_best5,0.0240096366150176,5.632470091415109e-06,False,
3.55,10.5,fit_ok_best5,0.0218177403379168,7.555449482157789e-06,False,
3.55,11.0,fit_ok_best5,0.0200259884470646,1.0462925304664937e-05,False,
3.55,11.5,fit_ok_best5,0.0179956106860652,7.47097208263806e-06,False,
3.55,12.0,fit_ok_best5,0.0167637903837309,3.354192863913832e-06,False,
3.55,12.5,fit_ok_best5,0.0157270198316899,2.22202679831307e-06,False,
3.55,13.0,fit_ok_best5,0.0148550091751578,2.7975300048013765e-06,False,
3.55,13.5,fit_ok_best5,0.0140822695391911,3.147138844410851e-06,False,
3.55,14.0,fit_ok_best5,0.0134321431473392,3.252430317139401e-06,False,
3.55,14.5,fit_ok_best5,0.0128258568764438,3.2485500263338363e-06,False,
3.55,15.0,fit_ok_best5,0.0122330080232003,2.6122811903350567e-06,False,
3.55,15.5,fit_ok_best5,0.011734379445626,4.364754729685179e-06,False,
3.55,16.0,fit_ok_best5,0.0112307714878649,4.315216432694263e-06,False,
3.55,16.5,fit_ok_best5,0.0109053911271629,5.036010950092554e-06,False,
3.55,17.0,fit_ok_best5,0.0104842334416646,4.152701066656351e-06,False,
3.55,17.5,fit_ok_best5,0.0098076910933322,5.1190833734834775e-06,False,
3.55,18.0,insufficient_clean_finite,,,False,
3.55,18.5,insufficient_clean_finite,,,False,
3.55,19.0,insufficient_clean_finite,,,False,
3.55,19.5,insufficient_clean_finite,,,False,
3.55,20.0,insufficient_clean_finite,,,False,
3.6,0.0,fit_ok_best5,-0.0456456484180752,1.998038407843173e-07,True,0.000437728124605186
3.6,0.5,fit_ok_best5,-0.0457619529013986,2.137810952209983e-07,True,0.00046715902986400876
3.6,1.0,fit_ok_best5,-0.0461099522871653,2.497528904793811e-07,True,0.0005416463867148693
3.6,1.5,fit_ok_best5,-0.0466871046760221,2.897554691939035e-07,True,0.0006206327661666246
3.6,2.0,fit_ok_best5,-0.0474897249516077,3.08038972373446e-07,True,0.0006486434122061971
3.6,2.5,fit_ok_best5,-0.0485493058654779,1.656408387088488e-07,True,0.0003411806528559073
3.6,3.0,fit_ok_best5,-0.0497879015616938,1.3889713904799038e-07,True,0.0002789776927550932
3.6,3.5,fit_ok_best5,-0.0512376321376804,5.375443449000177e-07,True,0.0010491201924702235
3.6,4.0,fit_ok_best5,-0.052925194244101,1.5708228750720172e-06,True,0.0029680058760428642
3.6,4.5,fit_ok_best5,-0.0546268259590247,2.696720694087251e-06,True,0.004936623438656399
3.6,5.0,fit_ok_best5,-0.0566263856304151,2.7941112280832474e-06,True,0.004934292021248973
3.6,5.5,fit_ok_best5,-0.0926579159861598,0.0002360558030843,True,0.2547605356455021
3.6,6.0,fit_ok_best5,-0.0926136027160983,0.0003246764954067,True,0.3505710671919084
3.6,6.5,fit_ok_best5,-0.0919213758034148,0.0004136626204877,True,0.45001787328811144
3.6,7.0,fit_ok_best5,-0.0904203945705044,0.0004852381121187,True,0.5366467536705344
3.6,7.5,fit_ok_best5,-0.0878868487480591,0.0004963930624951,True,0.5648092627806983
3.6,8.0,fit_ok_best5,-0.0771141175496932,0.0010563541029201,True,1.3698582522705698
3.6,8.5,fit_ok_best5,-0.0802797933269696,0.0006110361569477,True,0.7611331963188118
3.6,9.0,fit_ok_best5,0.1258014369728438,0.0091373704188802,False,
3.6,9.5,fit_ok_best5,0.030307295164642,4.377128667071161e-05,False,
3.6,10.0,fit_ok_best5,0.0262490501128049,7.625958714238293e-06,False,
3.6,10.5,fit_ok_best5,0.0239153838701948,5.8096226098417665e-06,False,
3.6,11.0,fit_ok_best5,0.0218767846021789,8.298909501807477e-06,False,
3.6,11.5,fit_ok_best5,0.0196210947615694,1.0503084452922448e-05,False,
3.6,12.0,fit_ok_best5,0.018210535920688,6.9446075499354265e-06,False,
3.6,12.5,fit_ok_best5,0.0170307874202003,2.5313171924761366e-06,False,
3.6,13.0,fit_ok_best5,0.0160295656172828,2.6588290520467475e-06,False,
3.6,13.5,fit_ok_best5,0.0152544859025545,2.291987896763399e-06,False,
3.6,14.0,fit_ok_best5,0.0144209141520297,3.1888191004858735e-06,False,
3.6,14.5,fit_ok_best5,0.0137931982542782,3.2027720782868344e-06,False,
3.6,15.0,fit_ok_best5,0.0131863206998012,3.3270044977890618e-06,False,
3.6,15.5,fit_ok_best5,0.0126014303534714,2.811141261485015e-06,False,
3.6,16.0,fit_ok_best5,0.0121035447975492,4.505693312063614e-06,False,
3.6,16.5,fit_ok_best5,0.0116011688381667,4.489760308203238e-06,False,
3.6,17.0,fit_ok_best5,0.0112806707081413,5.23865419282729e-06,False,
3.6,17.5,insufficient_clean_finite,,,False,
3.6,18.0,insufficient_clean_finite,,,False,
3.6,18.5,insufficient_clean_finite,,,False,
3.6,19.0,insufficient_clean_finite,,,False,
3.6,19.5,insufficient_clean_finite,,,False,
3.6,20.0,insufficient_clean_finite,,,False,
3.65,0.0,fit_ok_best5,-0.0453724974828851,2.3212495978776034e-07,True,0.0005115983749303637
3.65,0.5,fit_ok_best5,-0.0454880489506991,2.5506725300876505e-07,True,0.0005607346520516021
3.65,1.0,fit_ok_best5,-0.0458337017047172,3.1141487985585265e-07,True,0.0006794451861255664
3.65,1.5,fit_ok_best5,-0.0464108414844186,3.451940424664167e-07,True,0.0007437788917968831
3.65,2.0,fit_ok_best5,-0.0472071172064558,3.1476767602580353e-07,True,0.0006667801269228054
3.65,2.5,fit_ok_best5,-0.0482563449137514,1.418191888387586e-07,True,0.00029388713358260375
3.65,3.0,fit_ok_best5,-0.0494772231370456,1.832000802421806e-07,True,0.0003702715484552149
3.65,3.5,fit_ok_best5,-0.0509213960696943,4.6305320712382827e-07,True,0.0009093490023134163
3.65,4.0,fit_ok_best5,-0.0525636432297522,1.1752411335552163e-06,True,0.002235844133593091
3.65,4.5,fit_ok_best5,-0.0544378532880812,2.5792951456677234e-06,True,0.004738054478412804
3.65,5.0,fit_ok_best5,-0.056270525558011,3.265562741728056e-06,True,0.005803327246982059
3.65,5.5,fit_ok_best5,-0.0584789718844805,3.1650677127876684e-06,True,0.0054123176430665556
3.65,6.0,fit_ok_best5,-0.0934053582581836,0.0003697328131581,True,0.39583683425967303
3.65,6.5,fit_ok_best5,-0.0929087276554501,0.0004792178080327,True,0.5157941779268234
3.65,7.0,fit_ok_best5,-0.0916443773382544,0.000586616833124,True,0.6401012808007078
3.65,7.5,fit_ok_best5,-0.0893903716930483,0.0006675448044641,True,0.7467748391922321
3.65,8.0,fit_ok_best5,-0.0858429155402216,0.0006565399905172,True,0.7648155778324874
3.65,8.5,fit_ok_best5,-0.0725902838589767,0.0011983458498982,True,1.6508350514598649
3.65,9.0,fit_ok_best5,-0.0722740361825878,0.0009523227799836,True,1.317655454550403
3.65,9.5,fit_ok_best5,0.0356487801377259,0.00020231271748,False,
3.65,10.0,fit_ok_best5,0.0288959782601917,2.153796594552647e-05,False,
3.65,10.5,fit_ok_best5,0.0260187612326178,6.561992794521303e-06,False,
3.65,11.0,fit_ok_best5,0.0239140127531868,6.397131926920199e-06,False,
3.65,11.5,fit_ok_best5,0.0219996442557317,9.057037211431027e-06,False,
3.65,12.0,fit_ok_best5,0.0198130753853569,1.0073624564031567e-05,False,
3.65,12.5,fit_ok_best5,0.0184647771667095,6.449802276627092e-06,False,
3.65,13.0,fit_ok_best5,0.0173297631094163,1.878627930941795e-06,False,
3.65,13.5,fit_ok_best5,0.0163590376722028,2.990757630114912e-06,False,
3.65,14.0,fit_ok_best5,0.0156034667823062,1.7279145683401942e-06,False,
3.65,14.5,fit_ok_best5,0.014781168311866,3.2619680281000167e-06,False,
3.65,15.0,fit_ok_best5,0.0141736837563072,3.2596070599459494e-06,False,
3.65,15.5,fit_ok_best5,0.0135656012733569,3.435540464538786e-06,False,
3.65,16.0,fit_ok_best5,0.0129869137675806,3.0209137523530654e-06,False,
3.65,16.5,fit_ok_best5,0.0124893438852742,4.664742214215576e-06,False,
3.65,17.0,fit_ok_best5,0.011988280997844,4.62742781144344e-06,False,
3.65,17.5,insufficient_clean_finite,,,False,
3.65,18.0,insufficient_clean_finite,,,False,
3.65,18.5,insufficient_clean_finite,,,False,
3.65,19.0,insufficient_clean_finite,,,False,
3.65,19.5,insufficient_clean_finite,,,False,
3.65,20.0,insufficient_clean_finite,,,False,
3.7,0.0,fit_ok_best5,-0.0451052088299137,2.399489024540236e-07,True,0.000531976037088847
3.7,0.5,fit_ok_best5,-0.0452198241085722,2.520965143721498e-07,True,0.0005574911431916882
3.7,1.0,fit_ok_best5,-0.0455627733407164,2.8570392722049213e-07,True,0.0006270556120102936
3.7,1.5,fit_ok_best5,-0.0461314804430776,3.294060359198751e-07,True,0.000714059104013223
3.7,2.0,fit_ok_best5,-0.0469314133841482,2.813030765198623e-07,True,0.000599391870467035
3.7,2.5,fit_ok_best5,-0.0479368520301695,6.426651389575322e-08,True,0.00013406494413798072
3.7,3.0,fit_ok_best5,-0.0491822024517707,9.98936187968207e-08,True,0.00020310928306795307
3.7,3.5,fit_ok_best5,-0.0506013547259444,5.72247405797362e-07,True,0.0011308934491905183
3.7,4.0,fit_ok_best5,-0.0522475183811307,9.777407777316177e-07,True,0.001871363096327903
3.7,4.5,fit_ok_best5,-0.0541097522253773,2.076696488015277e-06,True,0.0038379338337485736
3.7,5.0,fit_ok_best5,-0.0559371105820172,3.6378164211615392e-06,True,0.006503404239708859
3.7,5.5,fit_ok_best5,-0.0580899484040743,3.8181767151325366e-06,True,0.006572869868248563
3.7,6.0,fit_ok_best5,-0.0941862951820725,0.0004044755576838,True,0.42944205088638865
3.7,6.5,fit_ok_best5,-0.0938901261697617,0.0005283604277877,True,0.5627433355796938
3.7,7.0,fit_ok_best5,-0.0928735526812338,0.0006600919049476,True,0.7107426020550835
3.7,7.5,fit_ok_best5,-0.0909188931859491,0.0007870572593545,True,0.8656696444212041
3.7,8.0,fit_ok_best5,-0.0877230639226477,0.0008742986795009,True,0.9966577093930938
3.7,8.5,fit_ok_best5,-0.0828776207207361,0.0008169264959055,True,0.9857021579543292
3.7,9.0,fit_ok_best5,-0.0665650964915498,0.0012341071213627,True,1.8539853262578314
3.7,9.5,fit_ok_best5,-0.0490782280985242,0.0012461613001676,True,2.5391326224450075
3.7,10.0,fit_ok_best5,0.033502824739751,9.046515841245584e-05,False,
3.7,10.5,fit_ok_best5,0.0286221239586266,1.6073666253256175e-05,False,
3.7,11.0,fit_ok_best5,0.0261690915344325,7.700058219243473e-06,False,
3.7,11.5,fit_ok_best5,0.0239920538339538,7.035266051393418e-06,False,
3.7,12.0,fit_ok_best5,0.022179160452775,9.842741276261516e-06,False,
3.7,12.5,fit_ok_best5,0.0200507457906557,9.680733069924817e-06,False,
3.7,13.0,fit_ok_best5,0.0187559423064109,5.968210108988444e-06,False,
3.7,13.5,fit_ok_best5,0.0176591511328324,1.5772605035245155e-06,False,
3.7,14.0,fit_ok_best5,0.0167147952932474,3.226062599509386e-06,False,
3.7,14.5,fit_ok_best5,0.0159761471877928,1.5795924432533936e-06,False,
3.7,15.0,fit_ok_best5,0.0151629557873417,3.361360128203186e-06,False,
3.7,15.5,fit_ok_best5,0.0146463864730279,2.8809217232408546e-06,False,
3.7,16.0,fit_ok_best5,0.0139640376619419,3.5732289817051667e-06,False,
3.7,16.5,fit_ok_best5,0.0133895943039695,3.225341351064323e-06,False,
3.7,17.0,insufficient_clean_finite,,,False,
3.7,17.5,insufficient_clean_finite,,,False,
3.7,18.0,insufficient_clean_finite,,,False,
3.7,18.5,insufficient_clean_finite,,,False,
3.7,19.0,insufficient_clean_finite,,,False,
3.7,19.5,insufficient_clean_finite,,,False,
3.7,20.0,insufficient_clean_finite,,,False,
3.75,0.0,fit_ok_best5,-0.0448433781780874,1.74116750227444e-07,True,0.0003882775056240649
3.75,0.5,fit_ok_best5,-0.0449573314774723,1.8324897423420055e-07,True,0.00040760643083547984
3.75,1.0,fit_ok_best5,-0.0452982536125613,2.06919565028177e-07,True,0.00045679369186717996
3.75,1.5,fit_ok_best5,-0.0458634814513383,2.3606215788156177e-07,True,0.0005147061461786902
3.75,2.0,fit_ok_best5,-0.0466619277260879,2.3797803206932618e-07,True,0.000510004716192376
3.75,2.5,fit_ok_best5,-0.0476497526940933,2.3113660223570177e-07,True,0.0004850740857346646
3.75,3.0,fit_ok_best5,-0.0488599452238632,9.813675908031499e-08,True,0.00020085319095360956
3.75,3.5,fit_ok_best5,-0.0503085397426928,3.963924689517726e-07,True,0.0007879228277726898
3.75,4.0,fit_ok_best5,-0.0519446937345628,9.81556033042034e-07,True,0.001889617519082472
3.75,4.5,fit_ok_best5,-0.0537610662634202,1.6555923001058106e-06,True,0.0030795376936790767
3.75,5.0,fit_ok_best5,-0.0558059325362931,3.1492051787384507e-06,True,0.005643136913249109
3.75,5.5,fit_ok_best5,-0.0577533358444199,4.433758414272731e-06,True,0.007677060293481071
3.75,6.0,fit_ok_best5,-0.0601153093254854,4.377255693606024e-06,True,0.007281432538101108
3.75,6.5,fit_ok_best5,-0.0948601118024781,0.0005644080973181,True,0.5949899136671222
3.75,7.0,fit_ok_best5,-0.0979218363036193,0.0003112374763096,True,0.31784276935388345
3.75,7.5,fit_ok_best5,-0.0969453072524002,0.0003968098646555,True,0.4093131229368255
3.75,8.0,fit_ok_best5,-0.0950120645476415,0.0004521772074421,True,0.4759155688227012
3.75,8.5,fit_ok_best5,-0.0852482917595886,0.001104236218847,True,1.2953177079032754
3.75,9.0,fit_ok_best5,-0.0787293336012447,0.0009523079150572,True,1.2095973273196157
3.75,9.5,fit_ok_best5,-0.0766651412816223,0.0008869550917477,True,1.1569209642353002
3.75,10.0,fit_ok_best5,0.0408358262984984,0.0004601382542414,False,
3.75,10.5,fit_ok_best5,0.0312423324157799,4.973053539729726e-05,False,
3.75,11.0,fit_ok_best5,0.0284932921678636,1.3215601311110625e-05,False,
3.75,11.5,fit_ok_best5,0.0261857650183769,6.622166959658173e-06,False,
3.75,12.0,fit_ok_best5,0.0241395226917256,7.650365941963333e-06,False,
3.75,12.5,fit_ok_best5,0.0224100928010191,1.0657732885043856e-05,False,
3.75,13.0,fit_ok_best5,0.0203309034239238,9.35651095387306e-06,False,
3.75,13.5,fit_ok_best5,0.0190822077033197,5.491339298442121e-06,False,
3.75,14.0,fit_ok_best5,0.018017850470154,1.698621668313163e-06,False,
3.75,14.5,fit_ok_best5,0.0170964025225392,3.391396704515675e-06,False,
3.75,15.0,fit_ok_best5,0.0163723513236818,1.804877672961601e-06,False,
3.75,15.5,fit_ok_best5,0.0155663384290407,3.481309275566451e-06,False,
3.75,16.0,fit_ok_best5,0.0150636825528208,2.5468110408409755e-06,False,
3.75,16.5,fit_ok_all_finite_fallback,0.0143410477332282,3.78927216018065e-06,False,
3.75,17.0,insufficient_clean_finite,,,False,
3.75,17.5,insufficient_clean_finite,,,False,
3.75,18.0,insufficient_clean_finite,,,False,
3.75,18.5,insufficient_clean_finite,,,False,
3.75,19.0,insufficient_clean_finite,,,False,
3.75,19.5,insufficient_clean_finite,,,False,
3.75,20.0,insufficient_clean_finite,,,False,
3.8,0.0,fit_ok_best5,-0.0445474391502963,2.167969840228067e-07,True,0.0004866654248998839
3.8,0.5,fit_ok_best5,-0.0446609603648233,2.28808189095577e-07,True,0.0005123225905276214
3.8,1.0,fit_ok_best5,-0.0450005331134831,2.5693101294565376e-07,True,0.0005709510425081428
3.8,1.5,fit_ok_best5,-0.0456071951002141,2.684471988004804e-07,True,0.0005886071226494264
3.8,2.0,fit_ok_best5,-0.0463884170002566,2.571524437997315e-07,True,0.0005543462364717232
3.8,2.5,fit_ok_best5,-0.0473824385296076,1.6555734003454737e-07,True,0.00034940654211179206
3.8,3.0,fit_ok_best5,-0.0485800701935677,1.3886290329220544e-07,True,0.0002858433566252684
3.8,3.5,fit_ok_best5,-0.0500259259948257,3.3068621620125e-07,True,0.0006610296753636378
3.8,4.0,fit_ok_best5,-0.0516255656078724,9.217324883511336e-07,True,0.0017854186728960084
3.8,4.5,fit_ok_best5,-0.05345928299239,1.5003809556594282e-06,True,0.0028065863806534955
3.8,5.0,fit_ok_best5,-0.0554926672581026,2.56985660596382e-06,True,0.004630984115452821
3.8,5.5,fit_ok_best5,-0.0576847389078276,4.473089780824981e-06,True,0.0077543729338402185
3.8,6.0,fit_ok_best5,-0.0597465218269252,5.234203551208328e-06,True,0.00876068328524774
3.8,6.5,fit_ok_best5,-0.1046332101020013,0.0003424127720708,True,0.3272505657974176
3.8,7.0,fit_ok_best5,-0.0989237010419814,0.0003672564685395,True,0.3712522526665709
3.8,7.5,fit_ok_best5,-0.0981788939261744,0.0004804675792803,True,0.48937970277154214
3.8,8.0,fit_ok_best5,-0.0965351477494181,0.0005848758051752,True,0.6058682446867913
3.8,8.5,fit_ok_best5,-0.0937026295538581,0.0006440485393502,True,0.6873324072298481
3.8,9.0,fit_ok_best5,-0.0892541328170487,0.0005587599588768,True,0.6260325894624227
3.8,9.5,fit_ok_best5,-0.0731086987856498,0.0010009514332113,True,1.3691276822557437
3.8,10.0,fit_ok_best5,-0.0396018696425297,0.0002449631422303,True,0.6185645891001731
3.8,10.5,fit_ok_best5,0.0373062953766075,0.0001852837759644,False,
3.8,11.0,fit_ok_best5,0.0311036611953788,2.8034460798541647e-05,False,
3.8,11.5,fit_ok_best5,0.0283826091396368,8.220696502406608e-06,False,
3.8,12.0,fit_ok_best5,0.0262867551437701,6.479424366923746e-06,False,
3.8,12.5,fit_ok_best5,0.0243490105795537,8.236904621199737e-06,False,
3.8,13.0,fit_ok_best5,0.0226886368937344,1.149596610015644e-05,False,
3.8,13.5,fit_ok_best5,0.0206511450181157,9.115682970611426e-06,False,
3.8,14.0,fit_ok_best5,0.0194422201549166,5.023166759352093e-06,False,
3.8,14.5,fit_ok_best5,0.0184051750059734,2.058741398582558e-06,False,
3.8,15.0,fit_ok_best5,0.0175035934256818,3.5145420053111997e-06,False,
3.8,15.5,fit_ok_best5,0.0167921693815885,2.1771397820491186e-06,False,
3.8,16.0,fit_ok_best5,0.0159915216844335,3.616276457006156e-06,False,
3.8,16.5,insufficient_clean_finite,,,False,
3.8,17.0,insufficient_clean_finite,,,False,
3.8,17.5,insufficient_clean_finite,,,False,
3.8,18.0,insufficient_clean_finite,,,False,
3.8,18.5,insufficient_clean_finite,,,False,
3.8,19.0,insufficient_clean_finite,,,False,
3.8,19.5,insufficient_clean_finite,,,False,
3.8,20.0,insufficient_clean_finite,,,False,
3.85,0.0,fit_ok_best5,-0.0442960049056534,1.877689942709239e-07,True,0.00042389600297104756
3.85,0.5,fit_ok_best5,-0.0444089949654397,1.990277788586489e-07,True,0.0004481699687496594
3.85,1.0,fit_ok_best5,-0.044747037577466,2.3117768094206487e-07,True,0.0005166323704487709
3.85,1.5,fit_ok_best5,-0.0453074409786773,2.759249408805817e-07,True,0.0006090057944575554
3.85,2.0,fit_ok_best5,-0.0461255557769894,2.676700019106543e-07,True,0.0005803073749502363
3.85,2.5,fit_ok_best5,-0.0471155741413656,2.350363498680005e-07,True,0.000498850654271552
3.85,3.0,fit_ok_best5,-0.0483109225723531,9.808033370325341e-08,True,0.0002030189623399613
3.85,3.5,fit_ok_best5,-0.0497155600010642,3.895164338576929e-07,True,0.0007834899855283838
3.85,4.0,fit_ok_best5,-0.0513462778793809,7.650969627856434e-07,True,0.0014900728823673568
3.85,4.5,fit_ok_best5,-0.0531713883913712,1.6007965953304428e-06,True,0.0030106353130139904
3.85,5.0,fit_ok_best5,-0.0551581490726826,2.1478860623487936e-06,True,0.003894050287145235
3.85,5.5,fit_ok_best5,-0.0573725189546221,3.628694552922255e-06,True,0.006324795597335223
3.85,6.0,fit_ok_best5,-0.0594324646243558,5.949071768505242e-06,True,0.010009801555608506
3.85,6.5,fit_ok_best5,-0.0997587395487543,0.000291326525934,True,0.29203108143885703
3.85,7.0,fit_ok_best5,-0.0999005015799231,0.0004106969835451,True,0.41110602754735054
3.85,7.5,fit_ok_best5,-0.0993891765284391,0.000543490609647,True,0.5468307804034238
3.85,8.0,fit_ok_best5,-0.0980411675417044,0.0006815312017507,True,0.6951479861363266
3.85,8.5,fit_ok_best5,-0.0955811969699169,0.0008052082363325,True,0.8424337232206144
3.85,9.0,fit_ok_best5,-0.0916066386609996,0.0008612732681454,True,0.9401865200322828
3.85,9.5,fit_ok_best5,-0.0855424473092311,0.0006863574794131,True,0.8023589469353811
3.85,10.0,fit_ok_best5,-0.0810977936078917,0.0007828976195074,True,0.9653747465593386
3.85,10.5,fit_ok_best5,0.10821650865697,0.0070227389277518,False,
3.85,11.0,fit_ok_best5,0.0358362157640768,0.0001049975208724,False,
3.85,11.5,fit_ok_best5,0.031012078663333,1.9618805531128265e-05,False,
3.85,12.0,fit_ok_best5,0.0283967589316777,7.483610472781663e-06,False,
3.85,12.5,fit_ok_best5,0.0264623493384951,6.732773566494074e-06,False,
3.85,13.0,fit_ok_best5,0.0246150290165847,8.800812427104475e-06,False,
3.85,13.5,fit_ok_best5,0.0230120809249306,1.2346479170462117e-05,False,
3.85,14.0,fit_ok_best5,0.0210097083591991,8.959229419970036e-06,False,
3.85,14.5,fit_ok_best5,0.019835029446248,4.577164376535136e-06,False,
3.85,15.0,fit_ok_best5,0.0188207924421238,2.4743864336198953e-06,False,
3.85,15.5,fit_ok_best5,0.0179362640537174,3.618513586694963e-06,False,
3.85,16.0,insufficient_clean_finite,,,False,
3.85,16.5,insufficient_clean_finite,,,False,
3.85,17.0,insufficient_clean_finite,,,False,
3.85,17.5,insufficient_clean_finite,,,False,
3.85,18.0,insufficient_clean_finite,,,False,
3.85,18.5,insufficient_clean_finite,,,False,
3.85,19.0,insufficient_clean_finite,,,False,
3.85,19.5,insufficient_clean_finite,,,False,
3.85,20.0,insufficient_clean_finite,,,False,
3.9,0.0,fit_ok_best5,-0.0440500416031777,1.644979856916277e-07,True,0.00037343434808415955
3.9,0.5,fit_ok_best5,-0.0441625692811665,1.6758589251964344e-07,True,0.00037947496091698604
3.9,1.0,fit_ok_best5,-0.044499199657842,1.7641957461491305e-07,True,0.0003964556126209407
3.9,1.5,fit_ok_best5,-0.0450571981622002,1.908932658951282e-07,True,0.0004236687447984152
3.9,2.0,fit_ok_best5,-0.0458323480627265,2.0699878235753085e-07,True,0.00045164341585604724
3.9,2.5,fit_ok_best5,-0.0468590584089041,1.6767102782850477e-07,True,0.00035781988269026793
3.9,3.0,fit_ok_best5,-0.0480500591062819,7.055234176277662e-08,True,0.0001468309156638537
3.9,3.5,fit_ok_best5,-0.049438652665403,2.810969068345737e-07,True,0.0005685771995790742
3.9,4.0,fit_ok_best5,-0.0510776729093283,7.806573139882629e-07,True,0.0015283729064440046
3.9,4.5,fit_ok_best5,-0.052852639980942,1.3303663654232866e-06,True,0.0025171237726308465
3.9,5.0,fit_ok_best5,-0.0548717386893001,2.06830588748938e-06,True,0.0037693463646208394
3.9,5.5,fit_ok_best5,-0.0570745402070537,2.9962486374235715e-06,True,0.005249711388920261
3.9,6.0,fit_ok_best5,-0.0594363071689014,4.91273058990597e-06,True,0.00826553805899374
3.9,6.5,fit_ok_best5,-0.0616048706188219,7.061141890049656e-06,True,0.011461986396725412
3.9,7.0,fit_ok_best5,-0.100850031059137,0.000443750262711,True,0.4400100407017141
3.9,7.5,fit_ok_best5,-0.1005721410227516,0.0005900956764628,True,0.586738703642898
3.9,8.0,fit_ok_best5,-0.0995243532231325,0.0007505679800715,True,0.7541550944709331
3.9,8.5,fit_ok_best5,-0.0974478012957692,0.0009158067143017,True,0.9397920754744219
3.9,9.0,fit_ok_best5,-0.0939603246902721,0.0010594037642655,True,1.127501174307013
3.9,9.5,fit_ok_best5,-0.0885070351891995,0.001099325729403,True,1.2420772281581867
3.9,10.0,fit_ok_best5,-0.0803937429206145,0.0007464640187585,True,0.9285100949903556
3.9,10.5,fit_ok_best5,-0.0616801762512894,0.0006099030966795,True,0.9888154245777633
3.9,11.0,fit_ok_best5,0.0421192392183429,0.0003845863404084,False,
3.9,11.5,fit_ok_best5,0.0336098463084385,6.405137918036513e-05,False,
3.9,12.0,fit_ok_best5,0.0310041999978481,1.769331507154563e-05,False,
3.9,12.5,fit_ok_best5,0.0285034070542736,9.5468904373207e-06,False,
3.9,13.0,fit_ok_best5,0.0267051902352632,7.1233684047437995e-06,False,
3.9,13.5,fit_ok_best5,0.0249335463864609,9.346834646326396e-06,False,
3.9,14.0,fit_ok_best5,0.0227385904922394,1.2595630604525636e-05,False,
3.9,14.5,fit_ok_best5,0.0214053587702883,8.881392294761881e-06,False,
3.9,15.0,fit_ok_best5,0.0202600420322923,4.171614894655523e-06,False,
3.9,15.5,fit_ok_best5,0.0192646684068286,2.8691106057155984e-06,False,
3.9,16.0,insufficient_clean_finite,,,False,
3.9,16.5,insufficient_clean_finite,,,False,
3.9,17.0,insufficient_clean_finite,,,False,
3.9,17.5,insufficient_clean_finite,,,False,
3.9,18.0,insufficient_clean_finite,,,False,
3.9,18.5,insufficient_clean_finite,,,False,
3.9,19.0,insufficient_clean_finite,,,False,
3.9,19.5,insufficient_clean_finite,,,False,
3.9,20.0,insufficient_clean_finite,,,False,
3.95,0.0,fit_ok_best5,-0.043810795163423,2.921881535953518e-07,True,0.0006669318657774455
3.95,0.5,fit_ok_best5,-0.0439229724722089,2.958336664424799e-07,True,0.000673528337886651
3.95,1.0,fit_ok_best5,-0.0442585046784805,3.013816790146155e-07,True,0.0006809576627227404
3.95,1.5,fit_ok_best5,-0.0448145482461483,2.965425595189858e-07,True,0.0006617104737733755
3.95,2.0,fit_ok_best5,-0.0455868062809863,2.7175561469571476e-07,True,0.0005961277765778927
3.95,2.5,fit_ok_best5,-0.0466109127841479,2.4179151288666776e-07,True,0.0005187444279548622
3.95,3.0,fit_ok_best5,-0.047797735778542,1.7439959370325313e-07,True,0.00036486998989091634
3.95,3.5,fit_ok_best5,-0.04918224779546,2.4887769961199746e-07,True,0.0005060315678271445
3.95,4.0,fit_ok_best5,-0.0507568550664616,7.06590404373095e-07,True,0.0013921083239847652
3.95,4.5,fit_ok_best5,-0.0525881999652715,1.2207790390790507e-06,True,0.0023213934682785034
3.95,5.0,fit_ok_best5,-0.0545411855704758,2.038970486525552e-06,True,0.003738405143193818
3.95,5.5,fit_ok_best5,-0.0567906775726976,2.6746695451923853e-06,True,0.004709698245400484
3.95,6.0,fit_ok_best5,-0.0591392025404693,3.954336710134842e-06,True,0.00668648973991299
3.95,6.5,fit_ok_best5,-0.0616877963618974,6.447718202752275e-06,True,0.010452177874738977
3.95,7.0,fit_ok_best5,-0.1017701136516817,0.00046833549319,True,0.46018961400880876
3.95,7.5,fit_ok_best5,-0.1017229585369903,0.0006237052725008,True,0.6131411054801333
3.95,8.0,fit_ok_best5,-0.1009754059444077,0.00079841707198,True,0.7907044933491735
3.95,8.5,fit_ok_best5,-0.1041781886391719,0.0004759005146268,True,0.4568139654214119
3.95,9.0,fit_ok_best5,-0.1021254778990067,0.0005730893370766,True,0.5611619635634273
3.95,9.5,fit_ok_best5,-0.0986042418191642,0.0006005200670821,True,0.6090205208244763
3.95,10.0,fit_ok_best5,-0.0841133574587833,0.0013463627596468,True,1.600652738545761
3.95,10.5,fit_ok_best5,-0.0857736024065851,0.0006505338698317,True,0.7584313256985886
3.95,11.0,fit_ok_best5,0.0982977507000232,0.006948867360055,False,
3.95,11.5,fit_ok_best5,0.0398746649596011,0.0002062630913275,False,
3.95,12.0,fit_ok_best5,0.0336713980392336,4.0718506230918064e-05,False,
3.95,12.5,fit_ok_best5,0.0311267455185132,1.4059062519085902e-05,False,
3.95,13.0,fit_ok_best5,0.0289873059327291,9.391343739501476e-06,False,
3.95,13.5,fit_ok_best5,0.0270097718851467,7.547997030057576e-06,False,
3.95,14.0,fit_ok_best5,0.02530166014338,9.876497860985795e-06,False,
3.95,14.5,fit_ok_best5,0.0231364797516826,1.2502900505100192e-05,False,
3.95,15.0,fit_ok_best5,0.0218373085002116,8.87571467248939e-06,False,
3.95,15.5,insufficient_clean_finite,,,False,
3.95,16.0,insufficient_clean_finite,,,False,
3.95,16.5,insufficient_clean_finite,,,False,
3.95,17.0,insufficient_clean_finite,,,False,
3.95,17.5,insufficient_clean_finite,,,False,
3.95,18.0,insufficient_clean_finite,,,False,
3.95,18.5,insufficient_clean_finite,,,False,
3.95,19.0,insufficient_clean_finite,,,False,
3.95,19.5,insufficient_clean_finite,,,False,
3.95,20.0,insufficient_clean_finite,,,False,
4.0,0.0,fit_ok_best5,-0.0435781085922593,4.601970733890281e-07,True,0.0010560281027680307
4.0,0.5,fit_ok_best5,-0.0436900593905661,4.716060543090623e-07,True,0.0010794355990527567
4.0,1.0,fit_ok_best5,-0.0440248458039435,4.974027869216331e-07,True,0.0011298228939556638
4.0,1.5,fit_ok_best5,-0.0445794551651984,5.160081912936194e-07,True,0.001157502238153078
4.0,2.0,fit_ok_best5,-0.0453494058629941,5.037120284379524e-07,True,0.0011107356730531944
4.0,2.5,fit_ok_best5,-0.0463293136578154,4.496710219703273e-07,True,0.0009705972017879682
4.0,3.0,fit_ok_best5,-0.0475542616138135,4.01645881081046e-07,True,0.0008446054411333271
4.0,3.5,fit_ok_best5,-0.0489346608027648,3.703864607773009e-07,True,0.0007569000268954029
4.0,4.0,fit_ok_best5,-0.0505057204971756,6.047290224054144e-07,True,0.0011973475805364111
4.0,4.5,fit_ok_best5,-0.0522974111241683,1.315763929008597e-06,True,0.002515925551046141
4.0,5.0,fit_ok_best5,-0.0542813909697088,1.7601751842407237e-06,True,0.0032426862186029325
4.0,5.5,fit_ok_best5,-0.0564840673542604,2.658263741326893e-06,True,0.00470621870173517
4.0,6.0,fit_ok_best5,-0.0588560891504952,3.3284018659757062e-06,True,0.005655152957011759
4.0,6.5,fit_ok_best5,-0.061390671476388,5.102861995843124e-06,True,0.008312113018352926
4.0,7.0,fit_ok_best5,-0.1026587772970397,0.0004860683864634,True,0.4734796178771714
4.0,7.5,fit_ok_best5,-0.1028368053805069,0.0006470258804799,True,0.6291773437397602
4.0,8.0,fit_ok_best5,-0.1063478773268638,0.0004146754655722,True,0.38992359414723526
4.0,8.5,fit_ok_best5,-0.1056524959410694,0.0005551362463097,True,0.5254359978578665
4.0,9.0,fit_ok_best5,-0.1039667866427957,0.0006975933465834,True,0.6709771159708524
4.0,9.5,fit_ok_best5,-0.10093345051481,0.0008135365695276,True,0.8060128385368432
4.0,10.0,fit_ok_best5,-0.096005509648502,0.0008248729718566,True,0.8591933680438211
4.0,10.5,fit_ok_best5,-0.078082399971109,0.0015706281780281,True,2.0115008998304904
4.0,11.0,fit_ok_best5,-0.0735936932201146,0.000894991731078,True,1.2161255834805438
4.0,11.5,fit_ok_best5,0.0488420573546655,0.0008331064137756,False,
4.0,12.0,fit_ok_best5,0.0387945435240646,0.0001352529996054,False,
4.0,12.5,fit_ok_best5,0.0337659409258045,2.888367062969234e-05,False,
4.0,13.0,fit_ok_best5,0.0312530859110473,1.3422293218314356e-05,False,
4.0,13.5,fit_ok_best5,0.0292700877676531,8.781923534582333e-06,False,
4.0,14.0,fit_ok_best5,0.027372040736621,7.969660053322242e-06,False,
4.0,14.5,fit_ok_best5,0.025717363409396,1.0388483172402808e-05,False,
4.0,15.0,fit_ok_best5,0.0235755915010225,1.2469258164227682e-05,False,
4.0,15.5,insufficient_clean_finite,,,False,
4.0,16.0,insufficient_clean_finite,,,False,
4.0,16.5,insufficient_clean_finite,,,False,
4.0,17.0,insufficient_clean_finite,,,False,
4.0,17.5,insufficient_clean_finite,,,False,
4.0,18.0,insufficient_clean_finite,,,False,
4.0,18.5,insufficient_clean_finite,,,False,
4.0,19.0,insufficient_clean_finite,,,False,
4.0,19.5,insufficient_clean_finite,,,False,
4.0,20.0,insufficient_clean_finite,,,False,
