theta_deg,u_D_meV,selected_phase,selected_indirect_gap_meV,negative_indirect_gap,delta_E_ivc_minus_vp_meV_per_cell,energy_total_per_cell,vp_reference_energy_per_cell,branch_id,gap_family_label,run_id,indirect_gap,vp_reference_name,vp_reference_indirect_gap_meV,vp_plus_indirect_gap,vp_minus_indirect_gap
2.0,0.0,VP,19.36889443607723,False,1.8155231646977015,-34.63426822236546,-36.449791387063165,u_D_down,large_gap,u_D_down_theta_000_u_000_warm,13.152286135006776,VP+,19.36889443607723,19.36889443607723,19.36889443277873
2.05,0.0,VP,19.71796724331454,False,1.7516450581001237,-34.48526369730408,-36.2369087554042,theta_down,small_gap,theta_down_theta_001_u_000_warm,0.2808083693797343,VP+,19.71796724331454,19.71796724331454,19.71796723976356
2.1,0.0,VP,20.04533447675614,False,1.7014461574961786,-34.32043438648517,-36.02188054398135,theta_up,small_gap,theta_up_theta_002_u_000_warm,0.1688457075929115,VP+,20.04533447675614,20.04533447675614,20.04533447320779
2.15,0.0,VP,20.350415210616323,False,1.652656037609752,-34.15173362475708,-35.80438966236683,u_D_up,single_gap,u_D_up_theta_003_u_000_mixed_seed_53,0.102066011289402,VP+,20.350415210616323,20.350415210616323,20.35041520722229
2.2,0.0,VP,20.63261549834,False,1.6058045129245855,-33.978352170308504,-35.58415668323309,u_D_down,single_gap,u_D_down_theta_004_u_000_warm,0.0564809524185179,VP+,20.63261549834,20.63261549834,20.63261549518442
2.25,0.0,VP,20.89133035524921,False,1.5608738231517947,-33.800062037550795,-35.36093586070259,u_D_up,single_gap,u_D_up_theta_005_u_000_mixed_seed_13,-0.0261305066261883,VP+,20.89133035524921,20.89133035524921,20.891330352372428
2.3,0.0,VP,21.125946065212815,False,1.5177858935521016,-33.61672565057146,-35.13451154412356,u_D_down,single_gap,u_D_down_theta_006_u_000_warm,-0.1064908676384348,VP+,21.125946065212815,21.125946065212815,21.125946062627296
2.35,0.0,VP,21.33584278565029,False,1.4764562541581583,-33.42823870721836,-34.90469496137652,u_D_down,single_gap,u_D_down_theta_007_u_000_warm,-0.1875700254991379,VP+,21.33584278565029,21.33584278565029,21.33584278335113
2.4,0.0,VP,21.415757428003815,False,1.436801121737446,-33.23452022002942,-34.67132134176686,u_D_down,single_gap,u_D_down_theta_008_u_000_warm,-0.2705619085294977,VP+,21.415757428003815,21.415757428003815,21.41575741985853
2.45,0.0,VP,21.103705586161496,False,1.3984027077697547,-33.03584463938532,-34.43424734715507,u_D_up,single_gap,u_D_up_theta_009_u_000_mixed_seed_53,0.0196097700253155,VP+,21.103705586161496,21.103705586161496,21.103705579655863
2.5,0.0,VP,20.760858568128533,False,1.3610563542990306,-32.83229242598783,-34.19334878028686,u_D_up,single_gap,u_D_up_theta_010_u_000_mixed_seed_1,0.3819507753175521,VP+,20.760858568128533,20.760858568128533,20.760858562914784
2.55,0.0,VP,20.38718165863948,False,1.3251752838924986,-32.62334325676982,-33.94851854066232,u_D_up,single_gap,u_D_up_theta_011_u_000_mixed_seed_29,0.7260470320959556,VP+,20.38718165863948,20.38718165863948,20.38718165444724
2.6,0.0,VP,19.982659617798348,False,1.2906845897001133,-32.40898021058029,-33.6996648002804,u_D_down,single_gap,u_D_down_theta_012_u_000_warm,1.0526288898173457,VP+,19.982659617798348,19.982659617798348,19.982659614416903
2.65,0.0,VP,19.54729437743591,False,1.257512303931513,-32.18919706997533,-33.44670937390684,u_D_up,single_gap,u_D_up_theta_013_u_000_ordered,1.3624754778503565,VP+,19.54729437743591,19.54729437743591,19.54729437470022
2.7,0.0,VP,19.08110304887195,False,1.2255895028234853,-31.96399675812634,-33.189586260949824,u_D_up,single_gap,u_D_up_theta_014_u_000_mixed_seed_29,1.53601956790056,VP+,19.08110304887195,19.08110304887195,19.081103046652316
2.75,0.0,VP,18.584116201763496,False,1.1948503929934091,-31.7333899454526,-32.92824033844601,theta_up,single_gap,theta_up_theta_015_u_000_warm,1.247941181232381,VP+,18.584116201763496,18.584116201763496,18.584116199957684
2.8,0.0,VP,18.05637637760096,False,1.1652323669380316,-31.497393820054885,-32.66262618699292,u_D_up,single_gap,u_D_up_theta_016_u_000_mixed_seed_13,0.92291821467742,VP+,18.05637637760096,18.05637637760096,18.05637637612785
2.85,0.0,VP,17.497936805321533,False,1.1366760237670626,-31.256031009884925,-32.39270703365199,theta_down,single_gap,theta_down_theta_017_u_000_warm,0.5615022501918077,VP+,17.497936805321533,17.497936805321533,17.497936804116915
2.9,0.0,VP,16.908860289580236,False,1.109125156129,-31.00932864173885,-32.11845379786785,u_D_up,single_gap,u_D_up_theta_018_u_000_mixed_seed_29,0.1642150237325594,VP+,16.908860289580236,16.908860289580236,16.908860288592834
2.95,0.0,VP,16.289218247391442,False,1.0825267068330504,-30.75731752145678,-31.83984422828983,u_D_up,single_gap,u_D_up_theta_019_u_000_mixed_seed_29,-0.2684524191985709,VP+,16.289218247391442,16.289218247391442,16.289218246580237
3.0,0.0,VP,15.639089869304012,False,1.0568306997562793,-30.500031420279537,-31.556862120035817,u_D_up,single_gap,u_D_up_theta_020_u_000_mixed_seed_7,-0.7360392006887473,VP+,15.639089869304012,15.639089869304012,15.639089868636011
3.05,0.0,VP,14.9585613870288,False,1.0319901498546251,-30.237506453553635,-31.26949660340826,u_D_up,single_gap,u_D_up_theta_021_u_000_mixed_seed_13,-1.2381132679267672,VP+,14.9585613870288,14.9585613870288,14.95856138647784
3.1,0.0,VP,14.247725430541632,False,1.0079609568739443,-29.96978053949489,-30.977741496368836,u_D_up,single_gap,u_D_up_theta_022_u_000_mixed_seed_53,-1.774269601238279,VP+,14.247725430541632,14.247725430541632,14.247725430086106
3.1500000000000004,0.0,VP,13.506680460662391,False,0.9847017868999757,-29.696892927299036,-30.68159471419901,u_D_up,single_gap,u_D_up_theta_023_u_000_mixed_seed_53,-2.3441282151049645,VP+,13.506680460662391,13.506680460662391,13.506680460285192
3.2,0.0,VP,12.735530265187156,False,0.9621739453680291,-29.41888378538117,-30.3810577307492,u_D_down,single_gap,u_D_down_theta_024_u_000_warm,-2.9473321077181325,VP+,12.735530265187156,12.735530265187156,12.735530264874187
3.25,0.0,VP,11.934383508498442,False,0.9403412446112043,-29.135793841887462,-30.076135086498667,u_D_up,single_gap,u_D_up_theta_025_u_000_mixed_seed_13,-3.5835452552890033,VP+,11.934383508498442,11.934383508498442,11.934383508238332
3.3,0.0,VP,11.103353326106369,False,0.919169868534766,-28.847664070810545,-29.76683393934531,theta_up,single_gap,theta_up_theta_026_u_000_warm,-4.2524507077906595,VP+,11.103353326106369,11.103353326106369,11.103353325889914
3.35,0.0,VP,10.2425569568526,False,0.8986282365559362,-28.554535418066266,-29.4531636546222,u_D_up,single_gap,u_D_up_theta_027_u_000_mixed_seed_29,-4.953748816434038,VP+,10.2425569568526,10.2425569568526,10.242556956672072
3.4000000000000004,0.0,VP,9.352115406481325,False,0.878686868551636,-28.25644856275852,-29.135135431310157,u_D_up,single_gap,u_D_up_theta_028_u_000_mixed_seed_13,-5.687155606868325,VP+,9.352115406481325,9.352115406481325,9.352115406330626
3.45,0.0,VP,8.432153137070342,False,0.8593182522199392,-27.953443709580696,-28.812761961800636,u_D_up,single_gap,u_D_up_theta_029_u_000_mixed_seed_53,-6.452401300095811,VP+,8.432153137070342,8.432153137070342,8.432153136944402
3.5,0.0,VP,7.482797777380679,False,0.8404967139656492,-27.645560408908914,-28.486057122874563,u_D_up,single_gap,u_D_up_theta_030_u_000_ordered,-7.249228977954759,VP+,7.482797777380679,7.482797777380679,7.482797777275176
3.55,0.0,VP,6.5041798496382786,False,0.8221982941685972,-27.332837401635818,-28.155035695804415,theta_up,single_gap,theta_up_theta_031_u_000_warm,-8.077393384930277,VP+,6.5041798496382786,6.5041798496382786,6.504179849549855
3.6,0.0,VP,5.496432508599844,False,0.8044006274782411,-27.01531248620243,-27.81971311368067,u_D_up,single_gap,u_D_up_theta_032_u_000_mixed_seed_7,-8.93665985629168,VP+,5.496432508599844,5.496432508599844,5.496432508525606
3.65,0.0,VP,4.45969128906358,False,0.7870828285952598,-26.693022405619104,-27.480105234214363,u_D_down,single_gap,u_D_down_theta_033_u_000_warm,-9.826803362402297,VP+,4.45969128906358,4.45969128906358,4.459691289001276
3.7,0.0,VP,3.3940938582965376,False,0.7702253838477553,-26.366002752537028,-27.136228136384783,theta_down,single_gap,theta_down_theta_034_u_000_warm,-10.747607656916252,VP+,3.3940938582965376,3.3940938582965376,3.394093858244009
3.75,0.0,VP,2.2997797701432336,False,0.7538100487339143,-26.034287890657343,-26.788097939391257,u_D_up,single_gap,u_D_up_theta_035_u_000_mixed_seed_53,-11.698864519513826,VP+,2.2997797701432336,2.2997797701432336,2.2997797700991036
3.8,0.0,VP,1.176890218011538,False,0.7378197515012168,-25.697910890943493,-26.43573064244471,theta_down,single_gap,theta_down_theta_036_u_000_warm,-12.68037308178918,VP+,1.176890218011538,1.176890218011538,1.1768902179743232
3.85,0.0,VP,0.0255677843358679,False,0.7222385027377243,-25.356903481253863,-26.079141983991587,u_D_up,single_gap,u_D_up_theta_037_u_000_mixed_seed_1,-13.69193922803206,VP+,0.0255677843358679,0.0255677843358679,0.0255677843044743
3.9,0.0,VP,-1.1540438153442576,True,0.7070513108796241,-25.011296008135886,-25.71834731901551,u_D_up,single_gap,u_D_up_theta_038_u_000_mixed_seed_13,-14.733375061224924,VP+,-1.1540438153442576,-1.1540438153442576,-1.1540438153708583
3.95,0.0,VP,-2.36179999496259,True,0.6922441034838585,-24.661117409624527,-25.353361513108386,u_D_up,single_gap,u_D_up_theta_039_u_000_mixed_seed_53,-15.804498427591197,VP+,-2.36179999496259,-2.36179999496259,-2.361799994984981
4.0,0.0,VP,-3.597555567819203,True,0.6778036540679722,-24.306395197976144,-24.984198852044116,theta_down,single_gap,theta_down_theta_040_u_000_mixed_seed_7,-16.9051324921959,VP+,-3.597555567819203,-3.597555567819203,-3.5975555678381728
2.0,0.5,VP,18.80008812672728,False,1.597669883832964,-34.86557576253924,-36.4632456463722,theta_up,single_gap,theta_up_theta_000_u_001_mixed_seed_53,14.021743802942709,VP+,18.80008812672728,18.80008812672728,18.80008815476603
2.05,0.5,VP,19.35223430340414,False,1.7274128798657316,-34.5222025455566,-36.249615425422334,theta_up,large_gap,theta_up_theta_001_u_001_warm,13.803476942935283,VP+,19.35223430340414,19.35223430340414,19.35223432385461
2.1,0.5,VP,19.818726201208193,False,1.7057646875792258,-34.32817893534283,-36.03394362292205,theta_down,small_gap,theta_down_theta_002_u_001_warm,0.1862102708895641,VP+,19.818726201208193,19.818726201208193,19.818726207579893
2.15,0.5,VP,20.17657279460765,False,1.6565512699946936,-34.15934251871556,-35.815893788710255,u_D_up,small_gap,u_D_up_theta_003_u_001_warm,0.1056977982929865,VP+,20.17657279460765,20.17657279460765,20.176572794132987
2.2,0.5,VP,20.49525132708356,False,1.6093003036445381,-33.9858712148918,-35.59517151853634,theta_down,small_gap,theta_down_theta_004_u_001_warm,0.0609398261459794,VP+,20.49525132708356,20.49525132708356,20.49525132620115
2.25,0.5,VP,20.791967473562607,False,1.564013010072685,-33.807506292351896,-35.37151930242458,u_D_up,single_gap,u_D_up_theta_005_u_001_warm,-0.0227652190025153,VP+,20.791967473562607,20.791967473562607,20.79196747246738
2.3,0.5,VP,21.059290104546253,False,1.5206059866653732,-33.62410613865908,-35.14471212532445,theta_up,single_gap,theta_up_theta_006_u_001_warm,-0.1036086788597359,VP+,21.059290104546253,21.059290104546253,21.05929010242987
2.35,0.5,VP,21.27926414271321,False,1.4789888999145546,-33.43556477282149,-34.91455367273605,u_D_down,single_gap,u_D_down_theta_007_u_001_warm,-0.1849159656923937,VP+,21.27926414271321,21.27926414271321,21.279264140790612
2.4,0.5,VP,21.247105412412505,False,1.4390727738305529,-33.24180026139182,-34.680873035222376,theta_up,single_gap,theta_up_theta_008_u_001_warm,-0.2674743321513375,VP+,21.247105412412505,21.247105412412505,21.24710540328049
2.45,0.5,VP,20.924310917305505,False,1.4004544673201238,-33.043067364024786,-34.44352183134491,theta_down,single_gap,theta_down_theta_009_u_001_warm,0.0116108783852908,VP+,20.924310917305505,20.924310917305505,20.924310910033576
2.5,0.5,VP,20.57129913039573,False,1.3628887102653024,-32.83948297524528,-34.202371685510585,theta_up,single_gap,theta_up_theta_010_u_001_warm,0.3737834399459672,VP+,20.57129913039573,20.57129913039573,20.57129912458485
2.55,0.5,VP,20.18796530587599,False,1.3268044166182733,-32.63050759250585,-33.957312009124124,theta_up,single_gap,theta_up_theta_011_u_001_warm,0.7177174689006378,VP+,20.18796530587599,20.18796530587599,20.187965301217183
2.6,0.5,VP,19.7742367663342,False,1.2921242895419311,-32.41612375271562,-33.70824804225755,u_D_down,single_gap,u_D_down_theta_012_u_001_warm,1.0441386474383805,VP+,19.7742367663342,19.7742367663342,19.774236762586995
2.65,0.5,VP,19.330068050143545,False,1.258774365461477,-32.19632475441867,-33.455099119880146,u_D_down,single_gap,u_D_down_theta_013_u_001_warm,1.3538223310583248,VP+,19.330068050143545,19.330068050143545,19.33006804712031
2.7,0.5,VP,18.855436938400658,False,1.2266840431105095,-31.971113089065284,-33.19779713217579,u_D_down,single_gap,u_D_down_theta_014_u_001_warm,1.5382441161113647,VP+,18.855436938400658,18.855436938400658,18.85543693595433
2.75,0.5,VP,18.35034118050397,False,1.1957861106296974,-31.74049904236046,-32.93628515299016,theta_up,single_gap,theta_up_theta_015_u_001_warm,1.250300855253343,VP+,18.35034118050397,18.35034118050397,18.350341178518818
2.8,0.5,VP,17.814795780057207,False,1.1660167544335032,-31.50449945981065,-32.67051621424415,theta_up,single_gap,theta_up_theta_016_u_001_warm,0.925415617087161,VP+,17.814795780057207,17.814795780057207,17.814795778441937
2.85,0.5,VP,17.248830732892046,False,1.137315542953214,-31.263136664423524,-32.40045220737674,u_D_down,single_gap,u_D_down_theta_017_u_001_warm,0.5641390596408904,VP+,17.248830732892046,17.248830732892046,17.248830731574323
2.9,0.5,VP,16.652489132248977,False,1.1096253839964554,-31.01643751164519,-32.126062895641645,u_D_up,single_gap,u_D_up_theta_018_u_001_warm,0.1669921829942815,VP+,16.652489132248977,16.652489132248977,16.65248913117137
2.95,0.5,VP,16.025825573349334,False,1.082892457565162,-30.764432565902,-31.84732502346716,theta_down,single_gap,theta_down_theta_019_u_001_warm,-0.2655345617986597,VP+,16.025825573349334,16.025825573349334,16.025825572465934
3.0,0.5,VP,15.36890480299256,False,1.0570661274655215,-30.50715538366994,-31.56422151113546,u_D_up,single_gap,u_D_up_theta_020_u_001_warm,-0.7329807844046279,VP+,15.36890480299256,15.36890480299256,15.368904802266789
3.05,0.5,VP,14.681800570297128,False,1.0320988355741285,-30.244641889232305,-31.276740724806434,u_D_up,single_gap,u_D_up_theta_021_u_001_warm,-1.2349148392945182,VP+,14.681800570297128,14.681800570297128,14.681800569699549
3.1,0.5,VP,13.964594643012347,False,1.007945982620754,-29.97692983080353,-30.984875813424285,u_D_down,single_gap,u_D_down_theta_022_u_001_warm,-1.77093205306711,VP+,13.964594643012347,13.964594643012347,13.964594642519415
3.1500000000000004,0.5,VP,13.217375960472918,False,0.9845657990619934,-29.704058306275986,-30.68862410533798,theta_up,single_gap,theta_up_theta_023_u_001_warm,-2.3406527399156527,VP+,13.217375960472918,13.217375960472918,13.21737596006536
3.2,0.5,VP,12.440239899608825,False,0.9619192092204116,-29.42606734934382,-30.387986558564233,u_D_up,single_gap,u_D_up_theta_024_u_001_warm,-2.943720161970827,VP+,12.440239899608825,12.440239899608825,12.440239899271235
3.25,0.5,VP,11.633287634702755,False,0.9399696914250661,-29.142997568120524,-30.08296725954559,theta_up,single_gap,theta_up_theta_025_u_001_warm,-3.5797985314144327,VP+,11.633287634702755,11.633287634702755,11.63328763442274
3.3,0.5,VP,10.796625575011824,False,0.9186831364623593,-28.85488982955994,-29.7735729660223,u_D_down,single_gap,u_D_down_theta_026_u_001_warm,-4.248571112056556,VP+,10.796625575011824,10.796625575011824,10.796625574779103
3.35,0.5,VP,9.930364867089905,False,0.8980277062611428,-28.561784984017656,-29.4598126902788,u_D_up,single_gap,u_D_up_theta_027_u_001_warm,-4.949738451128711,VP+,9.930364867089905,9.930364867089905,9.930364866896143
3.4000000000000004,0.5,VP,9.034620950783076,False,0.8779736943772392,-28.263723625163124,-29.141697319540363,theta_up,single_gap,theta_up_theta_028_u_001_warm,-5.683016755434712,VP+,9.034620950783076,9.034620950783076,9.034620950621552
3.45,0.5,VP,8.109513159539052,False,0.8584933895456608,-27.960745881175303,-28.819239270720963,u_D_down,single_gap,u_D_down_theta_029_u_001_warm,-6.4481364145627325,VP+,8.109513159539052,8.109513159539052,8.10951315940419
3.5,0.5,VP,7.155164356967026,False,0.8395609432953108,-27.65289123376399,-28.492452177059302,u_D_up,single_gap,u_D_up_theta_030_u_001_warm,-7.244840667782184,VP+,7.155164356967026,7.155164356967026,7.155164356854263
3.55,0.5,VP,6.171700602589752,False,0.8211522423939996,-27.34019836205287,-28.16135060444687,theta_up,single_gap,theta_up_theta_031_u_001_warm,-8.072884406940842,VP+,6.171700602589752,6.171700602589752,6.171700602495351
3.6,0.5,VP,5.159250840535007,False,0.8032447866941297,-27.02270500877192,-27.825949795466048,u_D_up,single_gap,u_D_up_theta_032_u_001_warm,-8.932033105330788,VP+,5.159250840535007,5.159250840535007,5.159250840455831
3.65,0.5,VP,4.117946605590072,False,0.7858175727786652,-26.70044786653721,-27.486265439315876,theta_up,single_gap,theta_up_theta_033_u_001_warm,-9.822061862071122,VP+,4.117946605590072,4.117946605590072,4.117946605523622
3.7,0.5,VP,3.047921741622158,False,0.7688509836651178,-26.37346248227325,-27.14231346593837,u_D_down,single_gap,u_D_down_theta_034_u_001_warm,-10.742754550933686,VP+,3.047921741622158,3.047921741622158,3.047921741566313
3.75,0.5,VP,1.9493121279595351,False,0.7523266847030996,-26.041783178051283,-26.794109862754382,u_D_down,single_gap,u_D_down_theta_035_u_001_warm,-11.69390306287298,VP+,1.9493121279595351,1.9493121279595351,1.949312127912492
3.8,0.5,VP,0.8222554098785331,False,0.7362275256993058,-25.70544298680391,-26.441670512503215,u_D_up,single_gap,u_D_up_theta_036_u_001_warm,-12.675306632356286,VP+,0.8222554098785331,0.8222554098785331,0.8222554098389896
3.85,0.5,VP,-0.3331092700244316,True,0.7205374492208279,-25.364473601523084,-26.085011050743912,u_D_up,single_gap,u_D_up_theta_037_u_001_warm,-13.686771237992048,VP+,-0.3331092700244316,-0.3331092700244316,-0.3331092700578146
3.9,0.5,VP,-1.516641542162832,True,0.7052414049596578,-25.018905336673065,-25.724146741632723,u_D_down,single_gap,u_D_down_theta_038_u_001_warm,-14.72810906896511,VP+,-1.516641542162832,-1.516641542162832,-1.5166415421910455
3.95,0.5,VP,-2.7282000838759064,True,0.6903252699887048,-24.668767100657643,-25.359092370646348,u_D_down,single_gap,u_D_down_theta_039_u_001_warm,-15.799138049698692,VP+,-2.7282000838759064,-2.7282000838759064,-2.7282000838997735
4.0,0.5,VP,-3.9676428980996103,True,0.6757757746970796,-24.31408637826199,-24.98986215295907,theta_up,single_gap,theta_up_theta_040_u_001_warm,-16.899681415975785,VP+,-3.9676428980996103,-3.9676428980996103,-3.967642898119721
2.0,1.0,VP,17.882148393668988,False,1.381431319518498,-35.122224929705894,-36.50365624922439,theta_up,single_gap,theta_up_theta_000_u_002_mixed_seed_7,14.806439310617463,VP+,17.882148393668988,17.882148393668988,17.88214842732048
2.05,1.0,VP,18.46005903841977,False,1.5123715531480357,-34.77539450779326,-36.287766060941294,theta_up,single_gap,theta_up_theta_001_u_002_warm,14.595105558209188,VP+,18.46005903841977,18.46005903841977,18.460059062753924
2.1,1.0,VP,19.01910341754219,False,1.6416037880914516,-34.42854801793365,-36.0701518060251,theta_up,large_gap,theta_up_theta_002_u_002_warm,14.353241139883682,VP+,19.01910341754219,19.01910341754219,19.019103435330756
2.15,1.0,VP,19.561209502091653,False,1.6682632138741198,-34.18215381641588,-35.85041703029,u_D_up,small_gap,u_D_up_theta_003_u_002_warm,0.1189154430469585,VP+,19.561209502091653,19.561209502091653,19.561209515216973
2.2,1.0,VP,20.05569450671122,False,1.6198133214786665,-34.00840788444372,-35.62822120592239,u_D_up,small_gap,u_D_up_theta_004_u_002_warm,0.0689206866722855,VP+,20.05569450671122,20.05569450671122,20.05569451020124
2.25,1.0,VP,20.445893825294696,False,1.5734526127370785,-33.82981815676506,-35.403270769502136,u_D_up,small_gap,u_D_up_theta_005_u_002_warm,-0.0123901439654083,VP+,20.445893825294696,20.445893825294696,20.44589382767533
2.3,1.0,VP,20.77368670047737,False,1.5290851450816945,-33.64622696947465,-35.17531211455634,u_D_up,small_gap,u_D_up_theta_006_u_002_warm,-0.0948581816627438,VP+,20.77368670047737,20.77368670047737,20.773686700605364
2.35,1.0,VP,21.05278967506755,False,1.4866032229013015,-33.457522743059826,-34.94412596596113,theta_up,single_gap,theta_up_theta_007_u_002_warm,-0.1769282380533354,VP+,21.05278967506755,21.05278967506755,21.052789673932523
2.4,1.0,VP,21.12096068449631,False,1.4459023506301776,-33.263620419760095,-34.70952277039027,u_D_up,single_gap,u_D_up_theta_008_u_002_warm,-0.2588937667967634,VP+,21.12096068449631,21.12096068449631,21.120960674336523
2.45,1.0,VP,20.786259822131257,False,1.4066227913534206,-33.06471606697679,-34.47133885833021,theta_up,single_gap,theta_up_theta_009_u_002_warm,-0.0124223782450663,VP+,20.786259822131257,20.786259822131257,20.78625981406046
2.5,1.0,VP,20.42205641047837,False,1.3683976645289917,-32.8610355429956,-34.22943320752459,theta_down,single_gap,theta_down_theta_010_u_002_warm,0.3492527007355797,VP+,20.42205641047837,20.42205641047837,20.422056404044778
2.55,1.0,VP,20.028156851551177,False,1.3317028275840457,-32.65198185757351,-33.983684685157556,theta_up,single_gap,theta_up_theta_011_u_002_warm,0.6927073697421804,VP+,20.028156851551177,20.028156851551177,20.02815684640547
2.6,1.0,VP,19.60441532546873,False,1.2964537498127058,-32.437535927735325,-33.73398967754803,u_D_down,single_gap,u_D_down_theta_012_u_002_warm,1.01865342460556,VP+,19.60441532546873,19.60441532546873,19.604415321339776
2.65,1.0,VP,19.150725763342468,False,1.2625704327098362,-32.217689605023665,-33.4802600377335,u_D_down,single_gap,u_D_down_theta_013_u_002_warm,1.3278549925283514,VP+,19.150725763342468,19.150725763342468,19.150725760019004
2.7,1.0,VP,18.667015414282687,False,1.2299772066682877,-31.99244408999904,-33.22242129666733,u_D_up,single_gap,u_D_up_theta_014_u_002_warm,1.544890813444546,VP+,18.667015414282687,18.667015414282687,18.667015411599476
2.75,1.0,VP,18.15323964609975,False,1.1986025771203224,-31.76180851785894,-32.960411094979264,theta_up,single_gap,theta_up_theta_015_u_002_warm,1.2573541743046055,VP+,18.15323964609975,18.15323964609975,18.15323964392727
2.8,1.0,VP,17.609377711833382,False,1.1683790912591974,-31.52579870942634,-32.69417780068554,u_D_up,single_gap,u_D_up_theta_016_u_002_warm,0.93288326651032,VP+,17.609377711833382,17.609377711833382,17.609377710069516
2.85,1.0,VP,17.03542927897696,False,1.13924320920394,-31.284436075522777,-32.42367928472672,u_D_up,single_gap,u_D_up_theta_017_u_002_warm,0.5720259860199022,VP+,17.03542927897696,17.03542927897696,17.035429277541066
2.9,1.0,VP,16.431411566405234,False,1.1111351714986277,-31.037746659810654,-32.14888183130928,theta_up,single_gap,theta_up_theta_018_u_002_warm,0.1753011345539938,VP+,16.431411566405234,16.431411566405234,16.43141156523335
2.95,1.0,VP,15.797356968185532,False,1.0839988596690517,-30.785760304419867,-31.86975916408892,u_D_down,single_gap,u_D_down_theta_019_u_002_warm,-0.2568026110847938,VP+,15.797356968185532,15.797356968185532,15.797356967226737
3.0,1.0,VP,15.133311070076967,False,1.0577816493159382,-30.52850992320536,-31.586291572521297,theta_up,single_gap,theta_up_theta_020_u_002_warm,-0.7238263159177407,VP+,15.133311070076967,15.133311070076967,15.13331106929076
3.05,1.0,VP,14.43933098424695,False,1.0324342566779698,-30.266030868704725,-31.298465125382695,u_D_up,single_gap,u_D_up_theta_021_u_002_warm,-1.2253395490690195,VP+,14.43933098424695,14.43933098424695,14.439330983600822
3.1,1.0,VP,13.71548394303838,False,1.007910580279443,-29.998360380377473,-31.006270960656916,u_D_down,single_gap,u_D_down_theta_022_u_002_warm,-1.7609386694850873,VP+,13.71548394303838,13.71548394303838,13.715483942506127
3.1500000000000004,1.0,VP,12.961846104524176,False,0.9841675395052683,-29.725537103291508,-30.709704642796776,theta_down,single_gap,theta_down_theta_023_u_002_warm,-2.3302448846225765,VP+,12.961846104524176,12.961846104524176,12.961846104084994
3.2,1.0,VP,12.178501531868935,False,0.9611649119280088,-29.44760066792451,-30.40876557985252,u_D_down,single_gap,u_D_down_theta_024_u_002_warm,-2.9329022428754197,VP+,12.178501531868935,12.178501531868935,12.17850153150571
3.25,1.0,VP,11.365541315837287,False,0.9388651710649683,-29.16459132312046,-30.10345649418543,u_D_down,single_gap,u_D_down_theta_025_u_002_warm,-3.5685756593182436,VP+,11.365541315837287,11.365541315837287,11.365541315536312
3.3,1.0,VP,10.523062815543522,False,0.9172333260390246,-28.87654961544403,-29.793782941483055,theta_down,single_gap,theta_down_theta_026_u_002_warm,-4.236949034722818,VP+,10.523062815543522,10.523062815543522,10.52306281529374
3.35,1.0,VP,9.651168997058704,False,0.8962367644025981,-28.58351610921112,-29.47975287361372,u_D_down,single_gap,u_D_down_theta_027_u_002_warm,-4.937723500082628,VP+,9.651168997058704,9.651168997058704,9.651168996851034
3.4000000000000004,1.0,VP,8.74996785304713,False,0.8758450991621061,-28.285531142352824,-29.16137624151493,u_D_down,single_gap,u_D_down_theta_028_u_002_warm,-5.670615801900686,VP+,8.74996785304713,8.74996785304713,8.74996785287425
3.45,1.0,VP,7.819571889371845,False,0.8560300208425069,-27.98263461400341,-28.838664634845916,u_D_up,single_gap,u_D_up_theta_029_u_002_warm,-6.435356832045354,VP+,7.819571889371845,7.819571889371845,7.8195718892276975
3.5,1.0,VP,6.860097666793134,False,0.836765155244791,-27.674865800311565,-28.511630955556356,u_D_up,single_gap,u_D_up_theta_030_u_002_warm,-7.231690299227204,VP+,6.860097666793134,6.860097666793134,6.860097666672665
3.55,1.0,VP,5.8716653875751526,False,0.8180259273871187,-27.362263195477674,-28.180289122864792,u_D_up,single_gap,u_D_up_theta_031_u_002_warm,-8.059371534747552,VP+,5.8716653875751526,5.8716653875751526,5.871665387474364
3.6,1.0,VP,4.854398518201883,False,0.7997894319753911,-27.04486437542851,-27.8446538074039,theta_up,single_gap,theta_up_theta_032_u_002_warm,-8.91816642350205,VP+,4.854398518201883,4.854398518201883,4.854398518117456
3.65,1.0,VP,3.808423440494513,False,0.7820343106190641,-26.722705881879985,-27.50474019249905,theta_down,single_gap,theta_down_theta_033_u_002_warm,-9.807850449482167,VP+,3.808423440494513,3.808423440494513,3.808423440423665
3.7,1.0,VP,2.733869124402627,False,0.7647406359045483,-26.39582312480955,-27.160563760714098,u_D_down,single_gap,u_D_down_theta_034_u_002_warm,-10.728207845196016,VP+,2.733869124402627,2.733869124402627,2.733869124343128
3.75,1.0,VP,1.6308668165943525,False,0.7478898023386868,-26.064250301588142,-26.81214010392683,theta_up,single_gap,theta_up_theta_035_u_002_warm,-11.679030834762782,VP+,1.6308668165943525,1.6308668165943525,1.630866816544236
3.8,1.0,VP,0.4995497397781747,False,0.731464424101059,-25.728020331201225,-26.459484755302284,u_D_up,single_gap,u_D_up_theta_036_u_002_warm,-12.660118960477254,VP+,0.4995497397781747,0.4995497397781747,0.4995497397360697
3.85,1.0,VP,-0.6599472014935408,True,0.7154482394738864,-25.387164802143175,-26.10261304161706,theta_down,single_gap,theta_down_theta_037_u_002_warm,-13.67127848376259,VP+,-0.6599472014935408,-0.6599472014935408,-0.6599472015290981
3.9,1.0,VP,-1.8474877119957809,True,0.6998260217677306,-25.041713932693252,-25.741539954460983,theta_up,single_gap,theta_up_theta_038_u_002_warm,-14.712321852179404,VP+,-1.8474877119957809,-1.8474877119957809,-1.8474877120258368
3.95,1.0,VP,-3.0629343966050673,True,0.6845834965188722,-24.69169654238755,-25.376280038906422,theta_up,single_gap,theta_up_theta_039_u_002_warm,-15.78306722511268,VP+,-3.0629343966050673,-3.0629343966050673,-3.0629343966303946
4.0,1.0,VP,-4.306149052476753,True,0.6697072647010494,-24.33714003359139,-25.00684729829244,theta_up,single_gap,theta_up_theta_040_u_002_warm,-16.88333805078903,VP+,-4.306149052476753,-4.306149052476753,-4.3061490524982755
2.0,1.5,VP,16.97228407949829,False,1.172208766983907,-35.39896963367161,-36.57117840065552,theta_down,single_gap,theta_down_theta_000_u_003_warm,15.552483200362587,VP+,16.97228407949829,16.97228407949829,16.972284119666586
2.05,1.5,VP,17.581649287931373,False,1.3026831749374566,-35.04877656495047,-36.35145973988793,theta_down,single_gap,theta_down_theta_001_u_003_warm,15.346278957763126,VP+,17.581649287931373,17.581649287931373,17.58164931662945
2.1,1.5,VP,18.16564551604934,False,1.4316963627414196,-34.698870162946584,-36.130566525688,u_D_down,single_gap,u_D_down_theta_002_u_003_warm,15.110001645886534,VP+,18.16564551604934,18.16564551604934,18.165645536839634
2.15,1.5,VP,18.727807965603432,False,1.558997886579803,-34.348997117570505,-35.90799500415031,u_D_down,large_gap,u_D_down_theta_003_u_003_warm,14.843992883006475,VP+,18.727807965603432,18.727807965603432,18.72780798084041
2.2,1.5,VP,19.270728936192363,False,1.6374202050363351,-34.045903142682576,-35.68332334771891,u_D_up,small_gap,u_D_up_theta_004_u_003_warm,0.0823070579007421,VP+,19.270728936192363,19.270728936192363,19.27072894747014
2.25,1.5,VP,19.79637136548515,False,1.5892593865746534,-33.866935736895954,-35.45619512347061,u_D_up,small_gap,u_D_up_theta_005_u_003_warm,0.0060731133671829,VP+,19.79637136548515,19.79637136548515,19.796371373904556
2.3,1.5,VP,20.271657136592637,False,1.5432805563050849,-33.68302671894449,-35.226307275249575,u_D_up,small_gap,u_D_up_theta_006_u_003_warm,-0.0798525095859794,VP+,20.271657136592637,20.271657136592637,20.271657139984104
2.35,1.5,VP,20.644815784177265,False,1.4993487638512235,-33.49405230536896,-34.993401069220184,u_D_up,small_gap,u_D_up_theta_007_u_003_warm,-0.1634921940395024,VP+,20.644815784177265,20.644815784177265,20.64481578543398
2.4,1.5,VP,20.973023656051343,False,1.4573337224921943,-33.29992134993162,-34.75725507242382,u_D_up,small_gap,u_D_up_theta_008_u_003_warm,-0.2456395931837924,VP+,20.973023656051343,20.973023656051343,20.97302365583001
2.45,1.5,VP,20.68947530557855,False,1.416944375854868,-33.10073520276619,-34.517679578621056,theta_up,single_gap,theta_up_theta_009_u_003_warm,-0.0562167358614402,VP+,20.68947530557855,20.68947530557855,20.689475296676587
2.5,1.5,VP,20.31302732240534,False,1.3776189549786295,-32.8968931421121,-34.27451209709073,theta_down,single_gap,theta_down_theta_010_u_003_warm,0.308276450696848,VP+,20.31302732240534,20.31302732240534,20.31302731532349
2.55,1.5,VP,19.907633539040816,False,1.339903575287373,-32.68771006761386,-34.02761364290123,theta_up,single_gap,theta_up_theta_011_u_003_warm,0.6509559637610138,VP+,19.907633539040816,19.907633539040816,19.907633533387944
2.6,1.5,VP,19.473057619055997,False,1.3037040309297225,-32.4731616140599,-33.77686564498962,theta_down,single_gap,theta_down_theta_012_u_003_warm,0.9761326255625776,VP+,19.473057619055997,19.473057619055997,19.47305761452915
2.65,1.5,VP,19.009118466578176,False,1.2689301014814376,-32.25323723792636,-33.5221673394078,theta_down,single_gap,theta_down_theta_013_u_003_warm,1.284552144614949,VP+,19.009118466578176,19.009118466578176,19.009118462941704
2.7,1.5,VP,18.51568071606883,False,1.2354975471983778,-32.02793600239059,-33.26343354958897,theta_up,single_gap,theta_up_theta_014_u_003_warm,1.555879569748047,VP+,18.51568071606883,18.51568071606883,18.51568071313871
2.75,1.5,VP,17.992647142730245,False,1.203327642360538,-31.797265137132893,-33.00059277949343,theta_down,single_gap,theta_down_theta_015_u_003_warm,1.2690247102617749,VP+,17.992647142730245,17.992647142730245,17.992647140362415
2.8,1.5,VP,17.439952553067997,False,1.1723467972235824,-31.56123876539523,-32.73358556261881,u_D_down,single_gap,u_D_down_theta_016_u_003_warm,0.9452481072041188,VP+,17.439952553067997,17.439952553067997,17.439952551149158
2.85,1.5,VP,16.857558829298696,False,1.1424862359635242,-31.319876786425525,-32.46236302238905,theta_up,single_gap,theta_up_theta_017_u_003_warm,0.5850930868352435,VP+,16.857558829298696,16.857558829298696,16.857558827739414
2.9,1.5,VP,16.24545088087202,False,1.1136817103848458,-31.07320389839324,-32.186885608778084,theta_up,single_gap,theta_up_theta_018_u_003_warm,0.189074816858298,VP+,16.24545088087202,16.24545088087202,16.245450879601737
2.95,1.5,VP,15.603633315456314,False,1.0858732371114854,-30.82124874602024,-31.907121983131724,theta_down,single_gap,theta_down_theta_019_u_003_warm,-0.2423209559257699,VP+,15.603633315456314,15.603633315456314,15.603633314418836
3.0,1.5,VP,14.93212768446104,False,1.059004850994203,-30.564043177649687,-31.62304802864389,theta_up,single_gap,theta_up_theta_020_u_003_warm,-0.708637697110575,VP+,14.93212768446104,14.93212768446104,14.932127683611608
3.05,1.5,VP,14.230970190291398,False,1.0330243705613427,-30.30162159767448,-31.334645968235822,theta_down,single_gap,theta_down_theta_021_u_003_warm,-1.2094469775263583,VP+,14.230970190291398,14.230970190291398,14.230970189594428
3.1,1.5,VP,13.500209766757877,False,1.0078831732382163,-30.034020401753235,-31.04190357499145,theta_down,single_gap,theta_down_theta_022_u_003_warm,-1.744346855621787,VP+,13.500209766757877,13.500209766757877,13.500209766184668
3.1500000000000004,1.5,VP,12.73990646278953,False,0.9835359791774501,-29.7612774838269,-30.74481346300435,u_D_up,single_gap,u_D_up_theta_023_u_003_warm,-2.3129600084963577,VP+,12.73990646278953,12.73990646278953,12.739906462317116
3.2,1.5,VP,11.950130073380432,False,0.9599406432019038,-29.48343180546611,-30.443372448668015,u_D_down,single_gap,u_D_down_theta_024_u_003_warm,-2.9149317773049415,VP+,11.950130073380432,11.950130073380432,11.950130072990325
3.25,1.5,VP,11.130958973693936,False,0.9370579547198048,-29.200523019462626,-30.13758097418243,theta_up,single_gap,theta_up_theta_025_u_003_warm,-3.5499282321834045,VP+,11.130958973693936,11.130958973693936,11.130958973371204
3.3,1.5,VP,10.28247912001106,False,0.9148514456549606,-28.91259114079642,-29.82744258645138,u_D_down,single_gap,u_D_down_theta_026_u_003_warm,-4.21763432061735,VP+,10.28247912001106,10.28247912001106,10.282479119743485
3.35,1.5,VP,9.4047831885239,False,0.8932872065149589,-28.619676259161217,-29.512963465676176,u_D_down,single_gap,u_D_down_theta_027_u_003_warm,-4.91775213267872,VP+,9.4047831885239,9.4047831885239,9.404783188301757
3.4000000000000004,1.5,VP,8.497969828077824,False,0.8723337107304907,-28.32181828811991,-29.1941519988504,u_D_up,single_gap,u_D_up_theta_028_u_003_warm,-5.649999301948698,VP+,8.497969828077824,8.497969828077824,8.49796982789303
3.45,1.5,VP,7.562143007156974,False,0.8519616473783067,-28.019056746707705,-28.87101839408601,theta_down,single_gap,theta_down_theta_029_u_003_warm,-6.414107546337302,VP+,7.562143007156974,7.562143007156974,7.562143007002993
3.5,1.5,VP,6.597411438503679,False,0.8321437623584202,-27.71143056991653,-28.54357433227495,u_D_up,single_gap,u_D_up_theta_030_u_003_warm,-7.209821346760406,VP+,6.597411438503679,6.597411438503679,6.597411438375133
3.55,1.5,VP,5.60388806778516,False,0.8128547080422841,-27.39897794500416,-28.211832653046443,theta_down,single_gap,theta_down_theta_031_u_003_warm,-8.036896758581516,VP+,5.60388806778516,5.60388806778516,5.6038880676777065
3.6,1.5,VP,4.581689613983551,False,0.7940709013559122,-27.081736170986783,-27.875807072342695,theta_up,single_gap,theta_up_theta_032_u_003_warm,-8.895100345311787,VP+,4.581689613983551,4.581689613983551,4.581689613893703
3.65,1.5,VP,3.5309361516298896,False,0.7757703902072386,-26.7597415390123,-27.53551192921954,u_D_down,single_gap,u_D_down_theta_033_u_003_warm,-9.784208226601702,VP+,3.5309361516298896,3.5309361516298896,3.530936151554439
3.7,1.5,VP,2.451750725931108,False,0.7579327281129586,-26.43302923159267,-27.19096195970563,theta_down,single_gap,theta_down_theta_034_u_003_warm,-10.704005228336952,VP+,2.451750725931108,2.451750725931108,2.4517507258677753
3.75,1.5,VP,1.3442589932001283,False,0.740538856839354,-26.10163323889454,-26.842172095733893,theta_down,single_gap,theta_down_theta_035_u_003_warm,-11.654284126615778,VP+,1.3442589932001283,1.3442589932001283,1.3442589931469016
3.8,1.5,VP,0.2085888800852782,False,0.7235709968248152,-25.765586290478083,-26.4891572873029,u_D_up,single_gap,u_D_up_theta_036_u_003_warm,-12.634844974594516,VP+,0.2085888800852782,0.2085888800852782,0.208588880040514
3.85,1.5,VP,-0.9551297438814076,True,0.7070125451199694,-25.42491980102519,-26.13193234614516,theta_up,single_gap,theta_up_theta_037_u_003_warm,-13.64549450408284,VP+,-0.9551297438814076,-0.9551297438814076,-0.9551297439192012
3.9,1.5,VP,-2.1467653848991652,True,0.6908479805516841,-25.079663828725856,-25.77051180927754,u_D_down,single_gap,u_D_down_theta_038_u_003_warm,-14.686045593281422,VP+,-2.1467653848991652,-2.1467653848991652,-2.146765384931065
3.95,1.5,VP,-3.3661852381943724,True,0.675062775795567,-24.72984704510243,-25.404909820898,theta_down,single_gap,theta_down_theta_039_u_003_warm,-15.756316793374396,VP+,-3.3661852381943724,-3.3661852381943724,-3.366185238221286
4.0,1.5,VP,-4.613255498556105,True,0.6596433160224429,-24.375496715140795,-25.035140031163237,theta_up,single_gap,theta_up_theta_040_u_003_warm,-16.8561319076044,VP+,-4.613255498556105,-4.613255498556105,-4.613255498578866
2.0,2.0,VP,16.053459325593955,False,0.9737576094328162,-35.69235723097039,-36.6661148404032,theta_up,single_gap,theta_up_theta_000_u_004_mixed_seed_53,16.278009335499995,VP+,16.053459325593955,16.053459325593955,16.05345937393723
2.05,2.0,VP,16.70459042054612,False,1.1019733271607421,-35.33891468180829,-36.44088800896903,theta_up,single_gap,theta_up_theta_001_u_004_warm,16.075917645602612,VP+,16.70459042054612,16.70459042054612,16.704590454464803
2.1,2.0,VP,17.320532714071312,False,1.2292772881552594,-34.986029432623646,-36.215306720778905,theta_down,single_gap,theta_down_theta_002_u_004_warm,15.84430774764662,VP+,17.320532714071312,17.320532714071312,17.320532738320985
2.15,2.0,VP,17.90766600233929,False,1.3552509193789817,-34.63344691837496,-35.98869783775394,theta_up,single_gap,theta_up_theta_003_u_004_warm,15.583410807831008,VP+,17.90766600233929,17.90766600233929,17.90766601993764
2.2,2.0,VP,18.470413995062827,False,1.479576007170948,-34.28093850775679,-35.760514514927735,theta_up,large_gap,theta_up_theta_004_u_004_warm,15.293451724324605,VP+,18.470413995062827,18.470413995062827,18.470414007992467
2.25,2.0,VP,19.011978457776515,False,1.602006978784047,-33.928298490900765,-35.53030546968481,theta_up,large_gap,theta_up_theta_005_u_004_warm,14.974648842269335,VP+,19.011978457776515,19.011978457776515,19.011978467375354
2.3,2.0,VP,19.534758294201826,False,1.563289366763719,-33.73440473081713,-35.29769409758085,u_D_up,small_gap,u_D_up_theta_006_u_004_warm,-0.0576151841442893,VP+,19.534758294201826,19.534758294201826,19.534758301392248
2.35,2.0,VP,20.03963762980228,False,1.517309419678078,-33.545054191306455,-35.062363610984534,u_D_up,small_gap,u_D_up_theta_007_u_004_warm,-0.1442730355539296,VP+,20.03963762980228,20.03963762980228,20.039637634670857
2.4,2.0,VP,20.4724892494337,False,1.4734405602972416,-33.35060550821996,-34.8240460685172,u_D_up,small_gap,u_D_up_theta_008_u_004_warm,-0.227768479136575,VP+,20.4724892494337,20.4724892494337,20.472489251479814
2.45,2.0,VP,20.633621778410372,False,1.4314462367342529,-33.15106779536541,-34.58251403209966,theta_down,small_gap,theta_down_theta_009_u_004_warm,-0.1181722044312785,VP+,20.633621778410372,20.633621778410372,20.63362176864584
2.5,2.0,VP,20.243850671771455,False,1.3906124374879596,-32.946961627490765,-34.337574064978725,theta_down,small_gap,theta_down_theta_010_u_004_warm,0.250731043395259,VP+,20.243850671771455,20.243850671771455,20.24385066401605
2.55,2.0,VP,19.82601685083288,False,1.3514618463359014,-32.73759971361757,-34.08906155995347,theta_up,single_gap,theta_up_theta_011_u_004_warm,0.5923731264890755,VP+,19.82601685083288,19.82601685083288,19.826016844652827
2.6,2.0,VP,19.37977372369751,False,1.3139268441686909,-32.522909709902834,-33.836836554071525,theta_down,single_gap,theta_down_theta_012_u_004_warm,0.9165179286620456,VP+,19.37977372369751,19.37977372369751,19.379773718756983
2.65,2.0,VP,18.90484908212649,False,1.277902537215823,-32.30287775401872,-33.58078029123455,theta_up,single_gap,theta_up_theta_013_u_004_warm,1.223885952844146,VP+,18.90484908212649,18.90484908212649,18.90484907816445
2.7,2.0,VP,18.401031676518837,False,1.2432924167233423,-32.07749994593231,-33.32079236265565,theta_down,single_gap,theta_down_theta_014_u_004_warm,1.5152235369996738,VP+,18.401031676518837,18.401031676518837,18.401031673331737
2.75,2.0,VP,17.8681606246011,False,1.2100074287141886,-31.84678087238282,-33.05678830109701,theta_up,single_gap,theta_up_theta_015_u_004_warm,1.28518732397729,VP+,17.8681606246011,17.8681606246011,17.868160622029908
2.8,2.0,VP,17.306116971729857,False,1.1779652354038603,-31.610732301129687,-32.78869753653355,u_D_down,single_gap,u_D_down_theta_016_u_004_warm,0.96239041672629,VP+,17.306116971729857,17.306116971729857,17.306116969649537
2.85,2.0,VP,16.71481690662331,False,1.1470896100272547,-31.369372033272345,-32.5164616432996,theta_up,single_gap,theta_up_theta_017_u_004_warm,0.603225650738402,VP+,16.71481690662331,16.71481690662331,16.71481690493569
2.9,2.0,VP,16.09420626395889,False,1.1173099262181516,-31.12272289875104,-32.24003282496919,theta_up,single_gap,theta_up_theta_018_u_004_warm,0.2082031647224802,VP+,16.09420626395889,16.09420626395889,16.09420626258609
2.95,2.0,VP,15.444256037501944,False,1.0885607159570228,-30.870811879185695,-31.959372595142717,theta_up,single_gap,theta_up_theta_019_u_004_warm,-0.2221953430188818,VP+,15.444256037501944,15.444256037501944,15.444256036382429
3.0,2.0,VP,14.764958693503416,False,1.06078127862909,-30.613669342618905,-31.674450621247995,theta_up,single_gap,theta_up_theta_020_u_004_warm,-0.6875166499741319,VP+,14.764958693503416,14.764958693503416,14.764958692588152
3.05,2.0,VP,14.056325122008865,False,1.0339153293780896,-30.3513283758878,-31.38524370526589,u_D_down,single_gap,u_D_down_theta_021_u_004_warm,-1.187335083986511,VP+,14.056325122008865,14.056325122008865,14.056325121258958
3.1,2.0,VP,13.318382101042385,False,1.007910678671589,-30.083824201847595,-31.091734880519184,u_D_up,single_gap,u_D_up_theta_022_u_004_warm,-1.7212510413660542,VP+,13.318382101042385,13.318382101042385,13.318382100426485
3.1500000000000004,2.0,VP,12.55117017471078,False,0.98271893748948,-29.81119367025449,-30.79391260774397,theta_up,single_gap,theta_up_theta_023_u_004_warm,-2.288889218327059,VP+,12.55117017471078,12.55117017471078,12.551170174203843
3.2,2.0,VP,11.754741867768782,False,0.9582952442063899,-29.533474812648414,-30.491770056854804,theta_up,single_gap,theta_up_theta_024_u_004_warm,-2.8898967301682497,VP+,11.754741867768782,11.754741867768782,11.754741867350631
3.25,2.0,VP,10.929160174884348,False,0.9345980103590428,-29.25070645297746,-30.185304463336504,theta_down,single_gap,theta_down_theta_025_u_004_warm,-3.5239412317046455,VP+,10.929160174884348,10.929160174884348,10.929160174538868
3.3,2.0,VP,10.074497275211892,False,0.9115886832535764,-28.96292786694289,-29.874516550196468,u_D_down,single_gap,u_D_down_theta_026_u_004_warm,-4.190709105188089,VP+,10.074497275211892,10.074497275211892,10.074497274925658
3.35,2.0,VP,9.190833432451305,False,0.8892315238763473,-28.670178484115233,-29.55941000799158,u_D_up,single_gap,u_D_up_theta_027_u_004_warm,-4.8899037558421785,VP+,9.190833432451305,9.190833432451305,9.190833432213932
3.4000000000000004,2.0,VP,8.278256048033803,False,0.8674933989309395,-28.37249762777681,-29.23999102670775,u_D_down,single_gap,u_D_down_theta_028_u_004_warm,-5.621244033975554,VP+,8.278256048033803,8.278256048033803,8.278256047836479
3.45,2.0,VP,7.33685884087237,False,0.8463435860601329,-28.069924288207417,-28.91626787426755,theta_up,single_gap,theta_up_theta_029_u_004_warm,-6.384462790590385,VP+,7.33685884087237,7.33685884087237,7.336858840708086
3.5,2.0,VP,6.366741131722675,False,0.8257535914783816,-27.76249692575859,-28.588250517236972,theta_down,single_gap,theta_down_theta_030_u_004_warm,-7.179305567848196,VP+,6.366741131722675,6.366741131722675,6.366741131585654
3.55,2.0,VP,5.368007213749124,False,0.8056969793509161,-27.45025330057826,-28.255950279929177,u_D_up,single_gap,u_D_up_theta_031_u_004_warm,-8.00552941648215,VP+,5.368007213749124,5.368007213749124,5.368007213634698
3.6,2.0,VP,4.34076579379505,False,0.7861492123334273,-27.13323032627253,-27.919379538605956,u_D_up,single_gap,u_D_up_theta_032_u_004_warm,-8.86290183536881,VP+,4.34076579379505,4.34076579379505,4.3407657936994255
3.65,2.0,VP,3.2851294911559936,False,0.7670875027312363,-26.811463945134324,-27.57855144786556,u_D_up,single_gap,u_D_up_theta_033_u_004_warm,-9.75119982126076,VP+,3.2851294911559936,3.2851294911559936,3.285129491075754
3.7,2.0,VP,2.2012143825696757,False,0.748490673777205,-26.48498902285,-27.233479696627207,u_D_up,single_gap,u_D_up_theta_034_u_004_warm,-10.670209021224284,VP+,2.2012143825696757,2.2012143825696757,2.201214382502423
3.75,2.0,VP,1.0891395837907023,False,0.7303390305425097,-26.153839260825713,-26.884178291368222,u_D_down,single_gap,u_D_down_theta_035_u_004_warm,-11.619722976904114,VP+,1.0891395837907023,1.0891395837907023,1.0891395837341324
3.8,2.0,VP,-0.0509731404764899,True,0.7126142400136075,-25.818047124460385,-26.530661364473993,u_D_up,single_gap,u_D_up_theta_036_u_004_warm,-12.599542451853486,VP+,-0.0509731404764899,-0.0509731404764899,-0.0509731405240607
3.85,2.0,VP,-1.2189997451549033,True,0.695299219873192,-25.47764378585326,-26.172943005726452,theta_down,single_gap,theta_down_theta_037_u_004_warm,-13.609474833876703,VP+,-1.2189997451549033,-1.2189997451549033,-1.2189997451949726
3.9,2.0,VP,-2.414814257739339,True,0.6783780355348874,-25.13265907955879,-25.811037115093676,theta_up,single_gap,theta_up_theta_038_u_004_warm,-14.649333602953844,VP+,-2.414814257739339,-2.414814257739339,-2.4148142577731218
3.95,2.0,VP,-3.638289119779504,True,0.6618358049822355,-24.783121470119667,-25.444957275101903,u_D_down,single_gap,u_D_down_theta_039_u_004_warm,-15.718937859858224,VP+,-3.638289119779504,-3.638289119779504,-3.638289119808162
4.0,2.0,VP,-4.889295520860436,True,0.645658610971168,-24.429058030201535,-25.074716641172703,u_D_down,single_gap,u_D_down_theta_040_u_004_warm,-16.81811190625295,VP+,-4.889295520860436,-4.889295520860436,-4.889295520884632
2.0,2.5,VP,14.545335727523216,False,0.7891197509226018,-35.99988461560807,-36.78900436653067,theta_down,single_gap,theta_down_theta_000_u_005_warm,16.9909924696534,VP+,14.545335727523216,14.545335727523216,14.545335876981426
2.05,2.5,VP,15.810276698156294,False,0.9130684688905788,-35.64331639926302,-36.5563848681536,theta_down,single_gap,theta_down_theta_001_u_005_warm,16.792470887134574,VP+,15.810276698156294,15.810276698156294,15.810276738844582
2.1,2.5,VP,16.470376694559707,False,1.037030263235728,-35.28754853502247,-36.324578798258194,theta_up,single_gap,theta_up_theta_002_u_005_warm,16.565021937110572,VP+,16.470376694559707,16.470376694559707,16.470376723066316
2.15,2.5,VP,17.090706750551252,False,1.1603217067433604,-34.9323273021135,-36.09264900885686,theta_up,single_gap,theta_up_theta_003_u_005_warm,16.308775239199143,VP+,17.090706750551252,17.090706750551252,17.090706770938343
2.2,2.5,VP,17.679051855580365,False,1.2824397909035312,-34.57742278384569,-35.85986257474922,u_D_up,single_gap,u_D_up_theta_004_u_005_warm,16.023864635056235,VP+,17.679051855580365,17.679051855580365,17.679051870397274
2.25,2.5,VP,18.240715464742443,False,1.4030051154662715,-34.22262638802644,-35.62563150349271,u_D_down,large_gap,u_D_down_theta_005_u_005_warm,15.710426957235288,VP+,18.240715464742443,18.240715464742443,18.240715475652713
2.3,2.5,VP,18.7794854783025,False,1.5217269894948018,-33.86774863146701,-35.38947562096181,theta_up,large_gap,theta_up_theta_006_u_005_warm,15.368600353384494,VP+,18.7794854783025,18.7794854783025,18.779485486424704
2.35,2.5,VP,19.298170450563088,False,1.5406055606326063,-33.61039223180546,-35.15099779243807,u_D_up,small_gap,u_D_up_theta_007_u_005_warm,-0.1184005298014305,VP+,19.298170450563088,19.298170450563088,19.29817045666662
2.4,2.5,VP,19.798917652091117,False,1.4943278074037352,-33.415538744442955,-34.90986655184669,u_D_up,small_gap,u_D_up_theta_008_u_005_warm,-0.2048162011981809,VP+,19.798917652091117,19.798917652091117,19.798917656715563
2.45,2.5,VP,20.26164735289596,False,1.4501940779353077,-33.21560937132818,-34.665803449263485,theta_down,small_gap,theta_down_theta_009_u_005_warm,-0.1973454031394119,VP+,20.26164735289596,20.26164735289596,20.26164735566975
2.5,2.5,VP,20.21394009963074,False,1.4074626268699646,-33.011110920121524,-34.41857354699149,theta_down,small_gap,theta_down_theta_010_u_005_warm,0.1764695434929954,VP+,20.21394009963074,20.21394009963074,20.213940091177783
2.55,2.5,VP,19.78270081497717,False,1.3664551627567931,-32.80152293518917,-34.16797809794596,u_D_up,small_gap,u_D_up_theta_011_u_005_warm,0.5168548444994912,VP+,19.78270081497717,19.78270081497717,19.782700808250777
2.6,2.5,VP,19.32394625226241,False,1.3271945227256055,-32.586654262122785,-33.91384878484839,u_D_up,small_gap,u_D_up_theta_012_u_005_warm,0.8397462486904814,VP+,19.32394625226241,19.32394625226241,19.323946246892763
2.65,2.5,VP,18.837294552421376,False,1.2895562764944586,-32.366486829000465,-33.65604310549492,u_D_up,single_gap,u_D_up_theta_013_u_005_warm,1.1458327638719723,VP+,18.837294552421376,18.837294552421376,18.837294548121516
2.7,2.5,VP,18.322443600645997,False,1.25342764380661,-32.14101297475148,-33.39444061855809,theta_up,single_gap,theta_up_theta_014_u_005_warm,1.435835356740192,VP+,18.322443600645997,18.322443600645997,18.322443597192223
2.75,2.5,VP,17.77915658499994,False,1.2187059184030282,-31.910233929584553,-33.12893984798758,theta_down,single_gap,theta_down_theta_015_u_005_warm,1.305671431949584,VP+,17.77915658499994,17.77915658499994,17.77915658221761
2.8,2.5,VP,17.207250615949114,False,1.1852972316734736,-31.67415846820439,-32.85945569987786,theta_down,single_gap,theta_down_theta_016_u_005_warm,0.984146775896452,VP+,17.207250615949114,17.207250615949114,17.207250613701287
2.85,2.5,VP,16.606587665426954,False,1.1531155595697449,-31.432801724364165,-32.58591728393391,u_D_up,single_gap,u_D_up_theta_017_u_005_warm,0.6262669099611351,VP+,16.606587665426954,16.606587665426954,16.60658766360594
2.9,2.5,VP,15.977067285798846,False,1.1220819066119354,-31.18618415192262,-32.30826605853456,theta_down,single_gap,theta_down_theta_018_u_005_warm,0.2325355967525482,VP+,15.977067285798846,15.977067285798846,15.977067284319563
2.95,2.5,VP,15.318620711308622,False,1.0921236211999812,-30.93433061648029,-32.02645423768027,theta_down,single_gap,theta_down_theta_019_u_005_warm,-0.1965705877659829,VP+,15.318620711308622,15.318620711308622,15.318620710103971
3.0,2.5,VP,14.631206043244624,False,1.0631738102233115,-30.6772696019806,-31.740443412203913,u_D_up,single_gap,u_D_up_theta_020_u_005_warm,-0.660602602198729,VP+,14.631206043244624,14.631206043244624,14.631206042261088
3.05,2.5,VP,13.914804293245048,False,1.0351708303385792,-30.41503251777049,-31.45020334810907,theta_down,single_gap,theta_down_theta_021_u_005_warm,-1.1591382482839665,VP+,13.914804293245048,13.914804293245048,13.914804292440088
3.1,2.5,VP,13.1694161104412,False,1.008057839705625,-30.147653093090884,-31.15571093279651,u_D_up,single_gap,u_D_up_theta_022_u_005_warm,-1.6917808621099957,VP+,13.1694161104412,13.1694161104412,13.169416109780888
3.1500000000000004,2.5,VP,12.395059057993551,False,0.9817823984220695,-29.87516684755657,-30.85694924597864,theta_up,single_gap,theta_up_theta_023_u_005_warm,-2.2581576745042664,VP+,12.395059057993551,12.395059057993551,12.395059057450672
3.2,2.5,VP,11.591765333649963,False,0.9562961089935555,-29.597610627729953,-30.55390673672351,theta_up,single_gap,theta_up_theta_024_u_005_warm,-2.857918025305372,VP+,11.591765333649963,11.591765333649963,11.591765333202662
3.25,2.5,VP,10.759579851284506,False,0.9315542903777398,-29.315022201315045,-30.246576491692785,theta_up,single_gap,theta_up_theta_025_u_005_warm,-3.4907315537270627,VP+,10.759579851284506,10.759579851284506,10.759579850915229
3.3,2.5,VP,9.898558617422932,False,0.9075156806936917,-29.027439901763483,-29.934955582457174,theta_down,single_gap,theta_down_theta_026_u_005_warm,-4.15628643837314,VP+,9.898558617422932,9.898558617422932,9.89855861711749
3.35,2.5,VP,9.008767349922485,False,0.8841421648199983,-28.73490231717304,-29.61904448199304,u_D_down,single_gap,u_D_down_theta_027_u_005_warm,-4.8542877300741925,VP+,9.008767349922485,9.008767349922485,9.008767349669291
3.4000000000000004,2.5,VP,8.090280296116926,False,0.8613985239248159,-28.43744801829209,-29.298846542216907,u_D_up,single_gap,u_D_up_theta_028_u_005_warm,-5.584455801755009,VP+,8.090280296116926,8.090280296116926,8.090280295906691
3.45,2.5,VP,7.143179215700339,False,0.8392522045700801,-28.13511532121872,-28.9743675257888,u_D_up,single_gap,u_D_up_theta_029_u_005_warm,-6.346524924237894,VP+,7.143179215700339,7.143179215700339,7.143179215525457
3.5,2.5,VP,6.167552499770753,False,0.8176731054796207,-27.827942081029075,-28.645615186508696,u_D_up,single_gap,u_D_up_theta_030_u_005_warm,-7.140241969679392,VP+,6.167552499770753,6.167552499770753,6.167552499624996
3.55,2.5,VP,5.163494402351763,False,0.7966333803953596,-27.51596551309835,-28.31259889349371,theta_up,single_gap,theta_up_theta_031_u_005_warm,-7.965365239303526,VP+,5.163494402351763,5.163494402351763,5.163494402230075
3.6,2.5,VP,4.131104364565779,False,0.7761072556956456,-27.199222039310385,-27.97532929500603,u_D_up,single_gap,u_D_up_theta_032_u_005_warm,-8.821663408400354,VP+,4.131104364565779,4.131104364565779,4.131104364464134
3.65,2.5,VP,3.0704864147371325,False,0.756070861641625,-26.877747156702405,-27.63381801834403,theta_down,single_gap,theta_down_theta_033_u_005_warm,-9.70891458032922,VP+,3.0704864147371325,3.0704864147371325,3.070486414651926
3.7,2.5,VP,1.9817486302662388,False,0.7365020762618535,-26.551575326377343,-27.288077402639196,theta_down,single_gap,theta_down_theta_034_u_005_warm,-10.626905440458067,VP+,1.9817486302662388,1.9817486302662388,1.9817486301948133
3.75,2.5,VP,0.8650026492275469,False,0.717380381001643,-26.22073988074966,-26.938120261751305,theta_up,single_gap,theta_up_theta_035_u_005_warm,-11.57543050164348,VP+,0.8650026492275469,0.8650026492275469,0.8650026491675771
3.8,2.5,VP,-0.2796367784963465,True,0.698686727347706,-25.88527294737939,-26.583959674727097,u_D_down,single_gap,u_D_down_theta_036_u_005_warm,-12.554291432118566,VP+,-0.2796367784963465,-0.2796367784963465,-0.2796367785467506
3.85,2.5,VP,-1.452052209122229,True,0.6804034137087598,-25.545205387811805,-26.225608801520565,theta_down,single_gap,theta_down_theta_037_u_005_warm,-13.563296457181146,VP+,-1.452052209122229,-1.452052209122229,-1.4520522091648207
3.9,2.5,VP,-2.6521238990259928,True,0.662513971888167,-25.200566749970143,-25.86308072185831,u_D_down,single_gap,u_D_down_theta_038_u_005_warm,-14.602259828645757,VP+,-2.6521238990259928,-2.6521238990259928,-2.652123899061859
3.95,2.5,VP,-3.8797301806970577,True,0.6450030625261718,-24.851385232767186,-25.496388295293357,theta_down,single_gap,theta_down_theta_039_u_005_warm,-15.671001353483009,VP+,-3.8797301806970577,-3.8797301806970577,-3.8797301807273623
4.0,2.5,VP,-5.134747825107512,True,0.6278563789276568,-24.49768766170196,-25.125544040629617,u_D_down,single_gap,u_D_down_theta_040_u_005_warm,-16.769345976404093,VP+,-5.134747825107512,-5.134747825107512,-5.134747825133104
2.0,3.0,VP,12.008790109179358,False,0.6211862634784495,-36.31963315456875,-36.9408194180472,theta_up,single_gap,theta_up_theta_000_u_006_mixed_seed_1,17.69492027350803,VP+,12.008790109179358,12.008790109179358,12.008790306513625
2.05,3.0,VP,14.013033274383496,False,0.7384592144596525,-35.96006811204711,-36.69852732650676,theta_up,single_gap,theta_up_theta_001_u_006_warm,17.499742080218663,VP+,14.013033274383496,14.013033274383496,14.01303340426324
2.1,3.0,VP,15.594892587410094,False,0.8572100453198317,-35.6015226107756,-36.458732656095435,theta_down,single_gap,theta_down_theta_002_u_006_warm,17.276227403126917,VP+,15.594892587410094,15.594892587410094,15.59489262160458
2.15,3.0,VP,16.2625407089974,False,0.9763134248931564,-35.24374528963335,-36.22005871452651,theta_down,single_gap,theta_down_theta_003_u_006_warm,17.024414738792984,VP+,16.2625407089974,16.2625407089974,16.262540732905922
2.2,3.0,VP,16.88590502753848,False,1.094981227712175,-34.88650640712412,-35.9814876348363,theta_down,single_gap,theta_down_theta_004_u_006_warm,16.744355402519805,VP+,16.88590502753848,16.88590502753848,16.885905044635614
2.25,3.0,VP,17.47424884172259,False,1.2126373599021463,-34.52959587189255,-35.7422332317947,u_D_down,large_gap,u_D_down_theta_005_u_006_warm,16.436111623631614,VP+,17.47424884172259,17.47424884172259,17.47424885416249
2.3,3.0,VP,18.033770112264072,False,1.3288493412749816,-34.172821414697815,-35.501670755972796,u_D_down,large_gap,u_D_down_theta_006_u_006_warm,16.0997542979321,VP+,18.033770112264072,18.033770112264072,18.033770121441655
2.35,3.0,VP,18.56883708796308,False,1.4432870142868879,-33.81600690937853,-35.25929392366542,theta_up,large_gap,theta_up_theta_007_u_006_warm,15.735360616910008,VP+,18.56883708796308,18.56883708796308,18.56883709481227
2.4,3.0,VP,19.08265535948088,False,1.520134028008023,-33.494552667040175,-35.0146866950482,u_D_up,small_gap,u_D_up_theta_008_u_006_warm,-0.1757848194011408,VP+,19.08265535948088,19.08265535948088,19.082655364642687
2.45,3.0,VP,19.57765538381779,False,1.4733098360581707,-33.29419390170957,-34.76750373776774,u_D_up,small_gap,u_D_up_theta_009_u_006_warm,-0.2301156035463982,VP+,19.57765538381779,19.57765538381779,19.577655387741164
2.5,3.0,VP,20.04266634670856,False,1.428279674045342,-33.08917666967466,-34.51745634372,theta_down,small_gap,theta_down_theta_010_u_006_warm,0.0853444381221777,VP+,20.04266634670856,20.04266634670856,20.042666349025
2.55,3.0,VP,19.77689042991769,False,1.3849838288616425,-32.8793181158134,-34.26430194467504,theta_down,small_gap,theta_down_theta_011_u_006_warm,0.4243025101850186,VP+,19.77689042991769,19.77689042991769,19.77689042262658
2.6,3.0,VP,19.30476379538344,False,1.3436000970631454,-32.66423600260917,-34.00783609967232,u_D_up,small_gap,u_D_up_theta_012_u_006_warm,0.7457659533715919,VP+,19.30476379538344,19.30476379538344,19.304763789570067
2.65,3.0,VP,18.805635472438016,False,1.3039790380749139,-32.44390719829906,-33.74788623637397,theta_down,small_gap,theta_down_theta_013_u_006_warm,1.0503865187458672,VP+,18.805635472438016,18.805635472438016,18.805635467788548
2.7,3.0,VP,18.279094917866335,False,1.2659871537950949,-32.2183195174174,-33.484306671212494,theta_down,small_gap,theta_down_theta_014_u_006_warm,1.3388551579378678,VP+,18.279094917866335,18.279094917866335,18.279094914136504
2.75,3.0,VP,17.724815326691424,False,1.2295044340376045,-31.987470149407994,-33.2169745834456,theta_down,small_gap,theta_down_theta_015_u_006_warm,1.3302653937134856,VP+,17.724815326691424,17.724815326691424,17.72481532369059
2.8,3.0,VP,17.1425384445868,False,1.1944224514029216,-31.75136426339664,-32.94578671479956,theta_down,single_gap,theta_down_theta_016_u_006_warm,1.0103140630107958,VP+,17.1425384445868,17.1425384445868,17.14253844216541
2.85,3.0,VP,16.532062615066234,False,1.1606428524360943,-31.51001377800988,-32.670656630445976,theta_up,single_gap,theta_up_theta_017_u_006_warm,0.6540216908733889,VP+,16.532062615066234,16.532062615066234,16.532062613107
2.9,3.0,VP,15.893233269050748,False,1.128076139228316,-31.26343628152519,-32.39151242075351,theta_up,single_gap,theta_up_theta_018_u_006_warm,0.2618843649699585,VP+,15.893233269050748,15.893233269050748,15.893233267461188
2.95,3.0,VP,15.225935284570028,False,1.0966406674303961,-31.01165408636319,-32.10829475379359,theta_up,single_gap,theta_up_theta_019_u_006_warm,-0.1656274891339357,VP+,15.225935284570028,15.225935284570028,15.225935283277042
3.0,3.0,VP,14.530086796945156,False,1.0662618082527189,-30.75469340212595,-31.82095521037867,theta_up,single_gap,theta_up_theta_020_u_006_warm,-0.6280698371563673,VP+,14.530086796945156,14.530086796945156,14.530086795890703
3.05,3.0,VP,13.80563414472766,False,1.036871236850562,-30.49258361242109,-31.52945484927165,theta_up,single_gap,theta_up_theta_021_u_006_warm,-1.1250246292263455,VP+,13.80563414472766,13.80563414472766,13.805634143865705
3.1,3.0,VP,13.052547713997187,False,1.0084063197683015,-30.22535664216073,-31.23376296192903,u_D_down,single_gap,u_D_down_theta_022_u_006_warm,-1.6560987040746369,VP+,13.052547713997187,13.052547713997187,13.052547713290814
3.1500000000000004,3.0,VP,12.270818498871826,False,0.9808095813286322,-29.95304640360568,-30.93385598493431,theta_up,single_gap,theta_up_theta_023_u_006_warm,-2.2209223052282177,VP+,12.270818498871826,12.270818498871826,12.27081849829171
3.2,3.0,VP,11.460455237605554,False,0.9540282339604893,-29.675688310987727,-30.629716544948216,u_D_down,single_gap,u_D_down_theta_024_u_006_warm,-2.819147412462504,VP+,11.460455237605554,11.460455237605554,11.460455237128077
3.25,3.0,VP,10.621482013583677,False,0.9280137611337196,-29.393318854983857,-30.321332616117576,theta_up,single_gap,theta_up_theta_025_u_006_warm,-3.450446016308383,VP+,10.621482013583677,10.621482013583677,10.621482013189812
3.3,3.0,VP,9.753936235313734,False,0.9027215442208316,-29.105975229610426,-30.008696773831257,theta_up,single_gap,theta_up_theta_026_u_006_warm,-4.114508422036847,VP+,9.753936235313734,9.753936235313734,9.75393623498817
3.35,3.0,VP,8.85786692582844,False,0.8781105265683209,-28.813695005220413,-29.691805531788734,u_D_up,single_gap,u_D_up_theta_027_u_006_warm,-4.811041627886777,VP+,8.85786692582844,8.85786692582844,8.857866925558834
3.4000000000000004,3.0,VP,7.933333266482613,False,0.8541429094953159,-28.516515842244637,-29.370658751739953,theta_down,single_gap,theta_down_theta_028_u_006_warm,-5.539767808753519,VP+,7.933333266482613,7.933333266482613,7.933333266258877
3.45,3.0,VP,6.980403350400863,False,0.8307838760265049,-28.214475241116848,-29.045259117143353,theta_down,single_gap,theta_down_theta_029_u_006_warm,-6.300422915924241,VP+,6.980403350400863,6.980403350400863,6.980403350214868
3.5,3.0,VP,5.999153109096362,False,0.8080013389813878,-27.90761032448571,-28.715611663467097,u_D_down,single_gap,u_D_down_theta_030_u_006_warm,-7.092755398088073,VP+,5.999153109096362,5.999153109096362,5.999153108941542
3.55,3.0,VP,4.989665382234794,False,0.7857657106648226,-27.595957648361537,-28.38172335902636,theta_up,single_gap,theta_up_theta_031_u_006_warm,-7.916525040563426,VP+,4.989665382234794,4.989665382234794,4.989665382105617
3.6,3.0,VP,3.952029105590409,False,0.7640496918865409,-27.279553039288647,-28.043602731175188,theta_down,single_gap,theta_down_theta_032_u_006_warm,-8.771501918290642,VP+,3.952029105590409,3.952029105590409,3.952029105482456
3.65,3.0,VP,2.8863385963398365,False,0.7428280784080563,-26.95843145499316,-27.701259533401217,u_D_down,single_gap,u_D_down_theta_033_u_006_warm,-9.657465453979484,VP+,2.8863385963398365,2.8863385963398365,2.8863385962494874
3.7,3.0,VP,1.792692918113998,False,0.7220775832080868,-26.63262686624906,-27.354704449457145,theta_up,single_gap,theta_up_theta_034_u_006_warm,-10.57420357527016,VP+,1.792692918113998,1.792692918113998,1.792692918038231
3.75,3.0,VP,0.6711953109862439,False,0.7017766731876947,-26.30217215793994,-27.003948831127634,theta_down,single_gap,theta_down_theta_035_u_006_warm,-11.521511961285883,VP+,0.6711953109862439,0.6711953109862439,0.6711953109226361
3.8,3.0,VP,-0.478047326118439,True,0.6819054191196052,-25.967099047489356,-26.64900446660896,u_D_down,single_gap,u_D_down_theta_036_u_006_warm,-12.499193369846187,VP+,-0.478047326118439,-0.478047326118439,-0.4780473261719233
3.85,3.0,VP,-1.654924911106992,True,0.6624453577874228,-25.627438018994955,-26.289883376782377,theta_up,single_gap,theta_up_theta_037_u_006_warm,-13.507057040225368,VP+,-1.654924911106992,-1.654924911106992,-1.654924911151996
3.9,3.0,VP,-2.8593246211943484,True,0.6433793653833142,-25.28321827153634,-25.926597636919656,theta_down,single_gap,theta_down_theta_038_u_006_warm,-14.54491816196274,VP+,-2.8593246211943484,-2.8593246211943484,-2.859324621232288
3.95,3.0,VP,-4.091131309537083,True,0.6246915413186969,-24.93446768024725,-25.559159221565945,u_D_up,single_gap,u_D_up_theta_039_u_006_warm,-15.612597403533396,VP+,-4.091131309537083,-4.091131309537083,-4.091131309569221
4.0,3.0,VP,-5.35022790117322,True,0.6063671016834533,-24.581212768847237,-25.18757987053069,u_D_up,single_gap,u_D_up_theta_040_u_006_warm,-16.709920497017876,VP+,-5.35022790117322,-5.35022790117322,-5.350227901200348
2.0,3.5,VP,8.90242925835092,False,0.47342253899530107,-36.650078951164545,-37.123501490159846,theta_up,single_gap,theta_up_theta_000_u_007_mixed_seed_13,18.391111800811824,VP+,8.90242925835092,8.90242925835092,8.902429550788241
2.05,3.5,VP,11.38355357748322,False,0.5807128714289078,-36.287646943532614,-36.86835981496152,theta_down,single_gap,theta_down_theta_001_u_007_warm,18.199265885267103,VP+,11.38355357748322,11.38355357748322,11.383553750196342
2.1,3.5,VP,13.504315809832695,False,0.6919392193593907,-35.92643302881349,-36.61837224817288,u_D_up,single_gap,u_D_up_theta_002_u_007_warm,17.979653418692326,VP+,13.504315809832695,13.504315809832695,13.50431592232698
2.15,3.5,VP,15.401123552092027,False,0.8050950947644466,-35.56618921818238,-36.37128431294683,theta_down,single_gap,theta_down_theta_003_u_007_warm,17.732232582354797,VP+,15.401123552092027,15.401123552092027,15.401123580832738
2.2,3.5,VP,16.075577457431073,False,0.9189106410458479,-35.20668700621175,-36.1255976472576,u_D_down,single_gap,u_D_down_theta_004_u_007_warm,17.45698112979602,VP+,16.075577457431073,16.075577457431073,16.075577477474656
2.25,3.5,VP,16.701202911628464,False,1.0325073219033598,-34.847715864548704,-35.88022318645206,theta_up,single_gap,theta_up_theta_005_u_007_warm,17.15389407800823,VP+,16.701202911628464,16.701202911628464,16.701202925954867
2.3,3.5,VP,17.288835811225557,False,1.1452470265417318,-34.48908177507779,-35.634328801619525,u_D_down,large_gap,u_D_down_theta_006_u_007_warm,16.822981101148194,VP+,17.288835811225557,17.288835811225557,17.28883582165754
2.35,3.5,VP,17.845596605251643,False,1.2566524542624933,-34.130605833170634,-35.38725828743313,theta_up,large_gap,theta_up_theta_007_u_007_warm,16.464263825394127,VP+,17.845596605251643,17.845596605251643,17.845596612960417
2.4,3.5,VP,18.376438002472344,False,1.3663600418970319,-33.77212293904803,-35.138482980945064,u_D_down,large_gap,u_D_down_theta_008_u_007_warm,16.07777316478152,VP+,18.376438002472344,18.376438002472344,18.376438008237965
2.45,3.5,VP,18.88495794314848,False,1.474089912987786,-33.4134805858101,-34.887570498797885,u_D_down,large_gap,u_D_down_theta_009_u_007_warm,15.66354679204312,VP+,18.88495794314848,18.88495794314848,18.884957947504976
2.5,3.5,VP,19.37386240628245,False,1.4532010423037534,-33.1809623071119,-34.63416334941565,u_D_up,small_gap,u_D_up_theta_010_u_007_warm,-0.0227674945420268,VP+,19.37386240628245,19.37386240628245,19.37386240960349
2.55,3.5,VP,19.807650397919563,False,1.4071717989256456,-32.97079185511268,-34.377963654038325,theta_down,small_gap,theta_down_theta_011_u_007_warm,0.3146441354390461,VP+,19.807650397919563,19.807650397919563,19.807650390046568
2.6,3.5,VP,19.321262765916348,False,1.3632576046631755,-32.755464250211425,-34.1187218548746,u_D_up,small_gap,u_D_up_theta_012_u_007_warm,0.6345547474255007,VP+,19.321262765916348,19.321262765916348,19.32126275964547
2.65,3.5,VP,18.80889280639855,False,1.3212776406590265,-32.53495049749798,-33.85622813815701,u_D_up,small_gap,u_D_up_theta_013_u_007_warm,0.9375735874437404,VP+,18.80889280639855,18.80889280639855,18.808892801388534
2.7,3.5,VP,18.26999997538223,False,1.2810726065594906,-32.30923316368301,-33.5903057702425,u_D_up,small_gap,u_D_up_theta_014_u_007_warm,1.11203025742725,VP+,18.26999997538223,18.26999997538223,18.269999971367504
2.75,3.5,VP,17.704150678366446,False,1.2425010730918657,-32.07830474722746,-33.32080582031933,theta_down,small_gap,theta_down_theta_015_u_007_warm,0.9744346425283972,VP+,17.704150678366446,17.704150678366446,17.704150675139847
2.8,3.5,VP,17.110997976215113,False,1.2054366840053916,-31.84216622819106,-33.04760291219645,theta_down,small_gap,theta_down_theta_016_u_007_warm,0.8020221990689578,VP+,17.110997976215113,17.110997976215113,17.110997973614513
2.85,3.5,VP,16.49026585036444,False,1.1697659682295765,-31.600825787133104,-32.77059175536268,theta_up,small_gap,theta_up_theta_017_u_007_warm,0.5955415718857182,VP+,16.49026585036444,16.49026585036444,16.49026584826249
2.9,3.5,VP,15.841736838052746,False,1.13538659795773,-31.3542976785433,-32.48968427650103,u_D_down,single_gap,u_D_down_theta_018_u_007_warm,0.2960286464046504,VP+,15.841736838052746,15.841736838052746,15.84173683634922
2.95,3.5,VP,15.165242202682393,False,1.1022059780220097,-31.10260124279245,-32.20480722081446,theta_up,single_gap,theta_up_theta_019_u_007_warm,-0.1295790598499593,VP+,15.165242202682393,15.165242202682393,15.165242201298144
3.0,3.5,VP,14.460654041076625,False,1.0701400853819045,-30.84576004063853,-31.915900126020436,theta_down,single_gap,theta_down_theta_020_u_007_warm,-0.5901240080661836,VP+,14.460654041076625,14.460654041076625,14.460654039948947
3.05,3.5,VP,13.727878888517331,False,1.0391125004092423,-30.58380109527046,-31.6229135956797,u_D_up,single_gap,u_D_up_theta_021_u_007_warm,-1.0851929325447005,VP+,13.727878888517331,13.727878888517331,13.727878887596376
3.1,3.5,VP,12.96685249611517,False,1.009053587501704,-30.3167542282758,-31.325807815777505,u_D_up,single_gap,u_D_up_theta_022_u_007_warm,-1.6143966990441214,VP+,12.96685249611517,12.96685249611517,12.966852495361213
3.1500000000000004,3.5,VP,12.177535533816863,False,0.9798997936773866,-30.044651477490103,-31.02455127116749,theta_up,single_gap,theta_up_theta_023_u_007_warm,-2.1773690058788286,VP+,12.177535533816863,12.177535533816863,12.17753553319828
3.2,3.5,VP,11.359910032100904,False,0.9515930417193772,-29.767526586257286,-30.719119627976664,u_D_down,single_gap,u_D_down_theta_024_u_007_warm,-2.77376485219326,VP+,11.359910032100904,11.359910032100904,11.359910031592186
3.25,3.5,VP,10.51397641650924,False,0.9240802001328916,-29.48541455509364,-30.409494755226532,u_D_down,single_gap,u_D_down_theta_025_u_007_warm,-3.403258913945701,VP+,10.51397641650924,10.51397641650924,10.513976416090031
3.3,3.5,VP,9.63975102205734,False,0.8973126163321261,-29.19835124806784,-30.095663864399967,theta_up,single_gap,theta_up_theta_026_u_007_warm,-4.065543920972413,VP+,9.63975102205734,9.63975102205734,9.639751021711074
3.35,3.5,VP,8.737263998249485,False,0.8712457025274389,-28.90637304735756,-29.777618749885,theta_up,single_gap,theta_up_theta_027_u_007_warm,-4.760329090651856,VP+,8.737263998249485,8.737263998249485,8.737263997962962
3.4000000000000004,3.5,VP,7.806557533758166,False,0.8458385660647849,-28.60951655042431,-29.455355116489095,u_D_down,single_gap,u_D_down_theta_028_u_007_warm,-5.487338650233898,VP+,7.806557533758166,7.806557533758166,7.806557533520568
3.45,3.5,VP,6.847684343840932,False,0.8210536776768258,-28.30781830507807,-29.128871982754895,u_D_up,single_gap,u_D_up_theta_029_u_007_warm,-6.246310465629673,VP+,6.847684343840932,6.847684343840932,6.847684343643483
3.5,3.5,VP,5.860706374393093,False,0.7968565724093821,-28.00131457838358,-28.798171150792964,u_D_down,single_gap,u_D_down_theta_030_u_007_warm,-7.036994783252127,VP+,5.860706374393093,5.860706374393093,5.86070637422878
3.55,3.5,VP,4.84569368496102,False,0.773215578987049,-27.690041155925265,-28.463256734912314,theta_up,single_gap,theta_up_theta_031_u_007_warm,-7.85915308263655,VP+,4.84569368496102,4.84569368496102,4.845693684824067
3.6,3.5,VP,3.8027234796641487,False,0.7501015741470702,-27.37403316840546,-28.12413474255253,theta_down,single_gap,theta_down_theta_032_u_007_warm,-8.712557039862435,VP+,3.8027234796641487,3.8027234796641487,3.802723479549602
3.65,3.5,VP,2.731879260218946,False,0.7274877590854949,-27.053324942917005,-27.7808127020025,theta_up,single_gap,theta_up_theta_033_u_007_warm,-9.59698759095228,VP+,2.731879260218946,2.731879260218946,2.731879260123204
3.7,3.5,VP,1.633250079502865,False,0.7053494556258855,-26.7279498765332,-27.433299332159084,u_D_up,single_gap,u_D_up_theta_034_u_007_warm,-10.512234093173817,VP+,1.633250079502865,1.633250079502865,1.633250079422691
3.75,3.5,VP,0.5069298775389335,False,0.68366392010428,-26.39794033009852,-27.0816042502028,u_D_up,single_gap,u_D_up_theta_035_u_007_warm,-11.458093571833746,VP+,0.5069298775389335,0.5069298775389335,0.5069298774715811
3.8,3.5,VP,-0.6469831153149368,True,0.6624101732618648,-26.063327540299767,-26.72573771356163,u_D_down,single_gap,u_D_down_theta_036_u_007_warm,-12.434370049121714,VP+,-0.6469831153149368,-0.6469831153149368,-0.646983115371528
3.85,3.5,VP,-1.8283869207316457,True,0.641568844680549,-25.724141548263688,-26.365710392944237,theta_down,single_gap,theta_down_theta_037_u_007_warm,-13.440873945087592,VP+,-1.8283869207316457,-1.8283869207316457,-1.828386920779263
3.9,3.5,VP,-3.03717631097496,True,0.6211220304882055,-25.380411143064315,-26.00153317355252,theta_down,single_gap,theta_down_theta_038_u_007_warm,-14.477421546432751,VP+,-3.03717631097496,-3.03717631097496,-3.0371763110151644
3.95,3.5,VP,-4.273243272388305,True,0.6010531632169531,-25.03216381864558,-25.63321698186253,u_D_up,single_gap,u_D_up_theta_039_u_007_warm,-15.543834535059204,VP+,-4.273243272388305,-4.273243272388305,-4.2732432724222065
4.0,3.5,VP,-5.536477440878704,True,0.5813468928233334,-24.679425742773944,-25.260772635597277,theta_up,single_gap,theta_up_theta_040_u_007_warm,-16.639939572314233,VP+,-5.536477440878704,-5.536477440878704,-5.536477440907362
2.0,4.0,VP,3.674363331611048,False,0.35259090471208765,-36.98998176911893,-37.342572673831015,theta_up,single_gap,theta_up_theta_000_u_008_mixed_seed_7,19.079812899997556,VP+,3.674363331611048,3.674363331611048,3.674364288854989
2.05,4.0,VP,8.074351712294984,False,0.44322867816950406,-36.624810854835275,-37.06803953300478,u_D_up,single_gap,u_D_up_theta_001_u_008_warm,18.891432449622364,VP+,8.074351712294984,8.074351712294984,8.074351978748012
2.1,4.0,VP,10.774023590730124,False,0.543569226664701,-36.261038787098826,-36.80460801376353,u_D_up,single_gap,u_D_up_theta_002_u_008_warm,18.675823368141725,VP+,10.774023590730124,10.774023590730124,10.774023741838889
2.15,4.0,VP,13.013687267369768,False,0.6485286417839902,-35.89842154457423,-36.54695018635822,theta_down,single_gap,theta_down_theta_003_u_008_warm,18.432873811394565,VP+,13.013687267369768,13.013687267369768,13.013687364593103
2.2,4.0,VP,15.021556835980434,False,0.7558199179814835,-35.536732576694014,-36.2925524946755,u_D_down,single_gap,u_D_down_theta_004_u_008_warm,18.1624966481613,VP+,15.021556835980434,15.021556835980434,15.021556902241205
2.25,4.0,VP,15.905174948345577,False,0.8640419564346473,-35.17576169916367,-36.03980365559832,u_D_up,single_gap,u_D_up_theta_005_u_008_warm,17.864626962890966,VP+,15.905174948345577,15.905174948345577,15.905174965159205
2.3,4.0,VP,16.532694395228194,False,0.97223852769892,-34.81531394967192,-35.78755247737084,theta_down,single_gap,theta_down_theta_006_u_008_warm,17.53921926671751,VP+,16.532694395228194,16.532694395228194,16.532694407235937
2.35,4.0,VP,17.119264704096402,False,1.079719670132043,-34.45520844965913,-35.534928119791175,theta_up,large_gap,theta_up_theta_007_u_008_warm,17.186244605982903,VP+,17.119264704096402,17.119264704096402,17.11926471284416
2.4,4.0,VP,17.67296421920428,False,1.1859710579823428,-34.09527730278233,-35.28124836076467,theta_up,large_gap,theta_up_theta_008_u_008_warm,16.80568770611522,VP+,17.67296421920428,17.67296421920428,17.67296422567723
2.45,4.0,VP,18.199339706263153,False,1.2906016166971597,-33.7353645490017,-35.02596616569886,u_D_down,large_gap,u_D_down_theta_009_u_008_warm,16.397544242780075,VP+,18.199339706263153,18.199339706263153,18.199339711113815
2.5,4.0,VP,18.70238128916617,False,1.3933105438581066,-33.37532518458982,-34.768635728447926,theta_up,large_gap,theta_up_theta_010_u_008_warm,15.96181830427097,VP+,18.70238128916617,18.70238128916617,18.702381292840037
2.55,4.0,VP,19.18506664474848,False,1.4331682427244061,-33.075721263691406,-34.50888950641581,theta_down,small_gap,theta_down_theta_011_u_008_warm,0.1878555221619073,VP+,19.18506664474848,19.18506664474848,19.185066647556553
2.6,4.0,VP,19.37237786104101,False,1.3863028264229982,-32.86011912728935,-34.24642195371235,theta_down,small_gap,theta_down_theta_012_u_008_warm,0.5061375936292656,VP+,19.37237786104101,19.37237786104101,19.37237785429968
2.65,4.0,VP,18.84597142390049,False,1.3415781666059772,-32.639399410387554,-33.98097757699353,u_D_up,small_gap,u_D_up_theta_013_u_008_warm,0.7514837787129487,VP+,18.84597142390049,18.84597142390049,18.845971418519472
2.7,4.0,VP,18.29404744201906,False,1.2988031568568772,-32.41353875273262,-33.7123419095895,u_D_up,small_gap,u_D_up_theta_014_u_008_warm,0.6465481510856641,VP+,18.29404744201906,18.29404744201906,18.29404743771122
2.75,4.0,VP,17.716044482733526,False,1.257810178946194,-32.18252434932554,-33.440334528271734,theta_down,small_gap,theta_down_theta_015_u_008_warm,0.5059415005115042,VP+,17.716044482733526,17.716044482733526,17.716044479274593
2.8,4.0,VP,17.1115107103829,False,1.2184511027479914,-31.946352439898092,-33.164803542646084,theta_down,small_gap,theta_down_theta_016_u_008_warm,0.330373646050937,VP+,17.1115107103829,17.1115107103829,17.11151070759767
2.85,4.0,VP,16.480083013413015,False,1.1805942011116812,-31.705026971577908,-32.88562117268959,u_D_up,small_gap,u_D_up_theta_017_u_008_warm,0.1205532739816348,VP+,16.480083013413015,16.480083013413015,16.480083011164066
2.9,4.0,VP,15.821470867060423,False,1.1441217267815915,-31.45855842051101,-32.6026801472926,u_D_up,small_gap,u_D_up_theta_018_u_008_warm,-0.1228241236442357,VP+,15.821470867060423,15.821470867060423,15.821470865239526
2.95,4.0,VP,15.135443676262632,False,1.108927977025079,-31.20696275647364,-32.31589073349872,u_D_up,small_gap,u_D_up_theta_019_u_008_warm,-0.3990842474807294,VP+,15.135443676262632,15.135443676262632,15.13544367478437
3.0,4.0,VP,14.421820726854596,False,1.0749177235925131,-30.950260534377954,-32.02517825797047,theta_down,single_gap,theta_down_theta_020_u_008_warm,-0.7075790234201058,VP+,14.421820726854596,14.421820726854596,14.421820725651424
3.05,4.0,VP,13.680463121775492,False,1.042004920671733,-30.688476097407985,-31.73048101807972,theta_down,single_gap,theta_down_theta_021_u_008_warm,-1.0476895032177715,VP+,13.680463121775492,13.680463121775492,13.680463120793846
3.1,4.0,VP,12.911267248774893,False,1.0101116275498327,-30.42163687786781,-31.431748505417644,u_D_down,single_gap,u_D_down_theta_022_u_008_warm,-1.5668932663066195,VP+,12.911267248774893,12.911267248774893,12.91126724797192
3.1500000000000004,4.0,VP,12.114159445201444,False,0.9791670994570723,-30.14977278337353,-31.1289398828306,theta_down,single_gap,theta_down_theta_023_u_008_warm,-2.1277094136588115,VP+,12.114159445201444,12.114159445201444,12.114159444543208
3.2,4.0,VP,11.289091606947764,False,0.9491070119316873,-29.872915657595325,-30.822022669527012,theta_up,single_gap,theta_up_theta_024_u_008_warm,-2.721975502105682,VP+,11.289091606947764,11.289091606947764,11.289091606406805
3.25,4.0,VP,10.436037549857506,False,0.9198727925578538,-29.591098806237778,-30.51097159879563,theta_down,single_gap,theta_down_theta_025_u_008_warm,-3.3493691958743295,VP+,10.436037549857506,10.436037549857506,10.43603754941198
3.3,4.0,VP,9.554989975523338,False,0.8914110401098085,-29.304356580292563,-30.19576762040237,u_D_down,single_gap,u_D_down_theta_026_u_008_warm,-4.009585917900235,VP+,9.554989975523338,9.554989975523338,9.55498997515564
3.35,4.0,VP,8.645957926081358,False,0.8636730156820036,-29.01272400977549,-29.876397025457493,theta_up,single_gap,theta_up_theta_027_u_008_warm,-4.702337346675073,VP+,8.645957926081358,8.645957926081358,8.64595792577732
3.4000000000000004,4.0,VP,7.708964637463016,False,0.8366141937665823,-28.71623648217308,-29.552850675939663,theta_down,single_gap,theta_down_theta_028_u_008_warm,-5.427349984816615,VP+,7.708964637463016,7.708964637463016,7.708964637211036
3.45,4.0,VP,6.744045718165548,False,0.810193863779638,-28.414929460676177,-29.225123324455815,theta_down,single_gap,theta_down_theta_029_u_008_warm,-6.184363820167718,VP+,6.744045718165548,6.744045718165548,6.744045717956244
3.5,4.0,VP,5.7512475965208445,False,0.784374774465217,-28.10883823798885,-28.893213012454066,theta_down,single_gap,theta_down_theta_030_u_008_warm,-6.9731310916845075,VP+,5.7512475965208445,5.7512475965208445,5.751247596346804
3.55,4.0,VP,4.730626188721516,False,0.7591228150867622,-27.797997722084737,-28.5571205371715,theta_down,single_gap,theta_down_theta_031_u_008_warm,-7.793415159532707,VP+,4.730626188721516,4.730626188721516,4.730626188576434
3.6,4.0,VP,3.682245749455028,False,0.734406728458616,-27.48244225075372,-28.216848979212337,u_D_down,single_gap,u_D_down_theta_032_u_008_warm,-8.644989479017763,VP+,3.682245749455028,3.682245749455028,3.6822457493339975
3.65,4.0,VP,2.606177873385949,False,0.7101978517707437,-27.16220543216663,-27.872403283937373,u_D_up,single_gap,u_D_up_theta_033_u_008_warm,-9.52763667246724,VP+,2.606177873385949,2.606177873385949,2.606177873284704
3.7,4.0,VP,1.5025006211519385,False,0.6864698818566737,-26.837320008992563,-27.523789890849237,theta_up,single_gap,theta_up_theta_034_u_008_warm,-10.441147693986911,VP+,1.5025006211519385,1.5025006211519385,1.50250062106716
3.75,4.0,VP,0.3712977478973549,False,0.6631986621260673,-26.5078177438506,-27.17101640597667,theta_down,single_gap,theta_down_theta_035_u_008_warm,-11.38532107894093,VP+,0.3712977478973549,0.3712977478973549,0.3712977478262047
3.8,4.0,VP,-0.7873419840616478,True,0.6403619888209491,-26.173729324078984,-26.814091312899933,u_D_down,single_gap,u_D_down_theta_036_u_008_warm,-12.359962272434805,VP+,-0.7873419840616478,-0.7873419840616478,-0.78734198412144
3.85,4.0,VP,-1.9733254238233435,True,0.6179394346241125,-25.83508428397168,-26.45302371859579,u_D_up,single_gap,u_D_up_theta_037_u_008_warm,-13.364883030547055,VP+,-1.9733254238233435,-1.9733254238233435,-1.97332542387368
3.9,4.0,VP,-3.186555594572912,True,0.595912187928306,-25.491910942773263,-26.08782313070157,theta_down,single_gap,theta_down_theta_038_u_008_warm,-14.39990088747331,VP+,-3.186555594572912,-3.186555594572912,-3.18655559461539
3.95,4.0,VP,-4.42693221092318,True,0.5742629063171627,-25.14423635684578,-25.718499263162943,theta_up,single_gap,theta_up_theta_039_u_008_warm,-15.464838682365446,VP+,-4.42693221092318,-4.42693221092318,-4.426932210958997
4.0,4.0,VP,-5.694352159562754,True,0.5529755829890135,-24.792086284532697,-25.34506186752171,theta_down,single_gap,theta_down_theta_040_u_008_mixed_seed_13,-16.559524143501786,VP+,-5.694352159562754,-5.694352159562754,-5.694352159593157
2.0,4.5,VP,6.4887130616339235,False,0.29759608644837954,-37.33831424321022,-37.6359103296586,u_D_down,single_gap,u_D_down_theta_000_u_009_warm,19.76075852130045,VP+,6.4887130616339235,6.4887130616339235,6.488712777144144
2.05,4.5,VP,3.6703519359155905,False,0.3390611719021308,-36.97052875374149,-37.30958992564362,u_D_down,single_gap,u_D_down_theta_001_u_009_warm,19.576067680948206,VP+,3.6703519359155905,3.6703519359155905,3.6703515108395592
2.1,4.5,VP,7.224224131043741,False,0.41553140442526626,-36.60430755877596,-37.019838963201224,theta_down,single_gap,theta_down_theta_002_u_009_warm,19.36464983978039,VP+,7.224224131043741,7.224224131043741,7.224224377266623
2.15,4.5,VP,10.174642618499789,False,0.5088196546724433,-36.23941086796864,-36.74823052264108,u_D_up,single_gap,u_D_up_theta_003_u_009_warm,19.12633229622317,VP+,10.174642618499789,10.174642618499789,10.174642750798014
2.2,4.5,VP,12.537050113069212,False,0.607378460361744,-35.87561452175815,-36.482992982119896,u_D_up,single_gap,u_D_up_theta_004_u_009_warm,18.860970919928224,VP+,12.537050113069212,12.537050113069212,12.537050196977866
2.25,4.5,VP,14.62457763400753,False,0.7086247805135315,-35.512709221435664,-36.221334001949195,u_D_up,single_gap,u_D_up_theta_005_u_009_warm,18.568447604347156,VP+,14.62457763400753,14.62457763400753,14.62457769092094
2.3,4.5,VP,15.747935591646982,False,0.811036768134997,-35.150499662258525,-35.96153643039352,theta_up,single_gap,theta_up_theta_006_u_009_warm,18.248667414990784,VP+,15.747935591646982,15.747935591646982,15.747935605768491
2.35,4.5,VP,16.37726499700703,False,0.9135915697968784,-34.78880362377912,-35.702395193575995,u_D_up,single_gap,u_D_up_theta_007_u_009_warm,17.901555619442508,VP+,16.37726499700703,16.37726499700703,16.377265007080727
2.4,4.5,VP,16.96267463340434,False,1.0155564422226888,-34.427451055819496,-35.443007498042185,u_D_down,large_gap,u_D_down_theta_008_u_009_warm,17.527054734976055,VP+,16.96267463340434,16.96267463340434,16.96267464074495
2.45,4.5,VP,17.513240115149372,False,1.1163871194881807,-34.06628318603946,-35.182670305527644,theta_up,large_gap,theta_up_theta_009_u_009_warm,17.12512168633833,VP+,17.513240115149372,17.513240115149372,17.51324012058701
2.5,4.5,VP,18.035114687719098,False,1.2156704804455387,-33.70515166552602,-34.920822145971556,u_D_down,large_gap,u_D_down_theta_010_u_009_warm,16.695725141323976,VP+,18.035114687719098,18.035114687719098,18.03511469180098
2.55,4.5,VP,18.53268292743237,False,1.3130889930891314,-33.34391776182843,-34.65700675491756,u_D_down,large_gap,u_D_down_theta_011_u_009_warm,16.238843065044044,VP+,18.53268292743237,18.53268292743237,18.53268293053051
2.6,4.5,VP,19.009192560602592,False,1.4083971629031282,-32.98245160387043,-34.39084876677356,theta_up,large_gap,theta_up_theta_012_u_009_warm,15.754460519869925,VP+,19.009192560602592,19.009192560602592,19.00919256297633
2.65,4.5,VP,18.915710786193436,False,1.3650265690399692,-32.757010070383586,-34.122036639423555,theta_down,small_gap,theta_down_theta_013_u_009_warm,0.2767625703436991,VP+,18.915710786193436,18.915710786193436,18.915710780431898
2.7,4.5,VP,18.350044134509258,False,1.3193154810948613,-32.53099471148701,-33.85031019258187,u_D_up,small_gap,u_D_up_theta_014_u_009_warm,0.1680107038056242,VP+,18.350044134509258,18.350044134509258,18.350044129900425
2.75,4.5,VP,17.759285377633624,False,1.2755619579051185,-32.29988927630987,-33.57545123421499,u_D_up,small_gap,u_D_up_theta_015_u_009_warm,0.0235083804965121,VP+,17.759285377633624,17.759285377633624,17.759285373936166
2.8,4.5,VP,17.142857082140118,False,1.2335915866219551,-32.063684747581284,-33.29727633420324,theta_down,small_gap,theta_down_theta_016_u_009_warm,-0.1560793976500356,VP+,17.142857082140118,17.142857082140118,17.142857079165445
2.85,4.5,VP,16.50029326445463,False,1.193250764859343,-31.822380373233393,-33.015631138092736,theta_down,small_gap,theta_down_theta_017_u_009_warm,-0.3700815654705778,VP+,16.50029326445463,16.50029326445463,16.500293262054626
2.9,4.5,VP,15.831218065498708,False,1.1544033823455173,-31.57598243190508,-32.730385814250596,theta_down,small_gap,theta_down_theta_018_u_009_warm,-0.6178340401224851,VP+,15.831218065498708,15.831218065498708,15.831218063557252
2.95,4.5,VP,15.13532931629022,False,1.1169282073773026,-31.324503146066643,-32.441431353443946,theta_down,small_gap,theta_down_theta_019_u_009_warm,-0.8986885991423677,VP+,15.13532931629022,15.13532931629022,15.135329314715442
3.0,4.5,VP,14.4123856792257,False,1.0807167950213632,-31.067959726594015,-32.14867652161538,theta_down,small_gap,theta_down_theta_020_u_009_warm,-1.2120186865118363,VP+,14.4123856792257,14.4123856792257,14.412385677945032
3.05,4.5,VP,13.662196454787235,False,1.045671788137522,-30.80637353331595,-31.85204532145347,theta_down,small_gap,theta_down_theta_021_u_009_warm,-1.557222985147476,VP+,13.662196454787235,13.662196454787235,13.662196453743135
3.1,4.5,VP,12.884613409279671,False,1.0117055187905386,-30.539769337326852,-31.55147485611739,theta_up,small_gap,theta_up_theta_022_u_009_warm,-1.9337273946215845,VP+,12.884613409279671,12.884613409279671,12.884613408426308
3.1500000000000004,4.5,VP,12.079524158843029,False,0.9787388427107793,-30.26817467237226,-31.24691351508304,theta_up,single_gap,theta_up_theta_023_u_009_warm,-2.340985883620558,VP+,12.079524158843029,12.079524158843029,12.079524158143997
3.2,4.5,VP,11.24684676574007,False,0.9467001570198406,-29.9916192641816,-30.93831942120144,theta_up,single_gap,theta_up_theta_024_u_009_warm,-2.778480565651213,VP+,11.24684676574007,11.24684676574007,11.246846765166037
3.25,4.5,VP,10.386525290742089,False,0.915524563913845,-29.71013452811994,-30.625659092033786,u_D_up,single_gap,u_D_up_theta_025_u_009_warm,-3.288997352788611,VP+,10.386525290742089,10.386525290742089,10.386525290269638
3.3,4.5,VP,9.4985261057475,False,0.885153151994075,-29.423753126897232,-30.308906278891307,theta_up,single_gap,theta_up_theta_026_u_009_warm,-3.9468485907545574,VP+,9.4985261057475,9.4985261057475,9.498526105357822
3.35,4.5,VP,8.582834817772,False,0.8555323735105773,-29.132508581280653,-29.98804095479123,u_D_up,single_gap,u_D_up_theta_027_u_009_warm,-4.637274465151908,VP+,8.582834817772,8.582834817772,8.582834817449974
3.4000000000000004,4.5,VP,7.639453686803648,False,0.8266135006396276,-28.83643492779897,-29.663048428438596,u_D_up,single_gap,u_D_up_theta_028_u_009_warm,-5.360003951152018,VP+,7.639453686803648,7.639453686803648,7.639453686536999
3.45,4.5,VP,6.668399446073646,False,0.7983521475570612,-28.53556641830683,-29.33391856586389,theta_up,single_gap,theta_up_theta_029_u_009_warm,-6.114779341609081,VP+,6.668399446073646,6.668399446073646,6.668399445852295
3.5,4.5,VP,5.669701451717319,False,0.7707078478117779,-28.22993725701778,-29.00064510482956,theta_down,single_gap,theta_down_theta_030_u_009_warm,-6.901355039430399,VP+,5.669701451717319,5.669701451717319,5.669701451533271
3.55,4.5,VP,4.643400103218671,False,0.743643678608553,-27.91958137121548,-28.66322504982403,theta_up,single_gap,theta_up_theta_031_u_009_warm,-7.71949644722405,VP+,4.643400103218671,4.643400103218671,4.643400103065417
3.6,4.5,VP,3.589545487112833,False,0.717125925223673,-27.604532212350502,-28.321658137574175,theta_up,single_gap,theta_up_theta_032_u_009_warm,-8.56897895556393,VP+,3.589545487112833,3.589545487112833,3.5895454869849885
3.65,4.5,VP,2.5081962050676694,False,0.6911237800434833,-27.284822584622685,-27.975946364666168,theta_down,single_gap,theta_down_theta_033_u_009_warm,-9.449587023336615,VP+,2.5081962050676694,2.5081962050676694,2.50819620496074
3.7,4.5,VP,1.399418354282492,False,0.6656090717065339,-26.960484498472017,-27.62609357017855,u_D_down,single_gap,u_D_down_theta_034_u_009_warm,-10.361113347931092,VP+,1.399418354282492,1.399418354282492,1.399418354192921
3.75,4.5,VP,0.2632846336080057,False,0.6405560206173639,-26.6315490466527,-27.272105067270065,theta_down,single_gap,theta_down_theta_035_u_009_warm,-11.30335811838211,VP+,0.2632846336080057,0.2632846336080057,0.263284633532816
3.8,4.5,VP,-0.9001264467710115,True,0.6159410177293516,-26.298046300775106,-26.913987318504457,theta_down,single_gap,theta_down_theta_036_u_009_warm,-12.276128344593449,VP+,-0.9001264467710115,-0.9001264467710115,-0.9001264468342072
3.85,4.5,VP,-2.090731270562177,True,0.5917424239978324,-25.960005226365045,-26.551747650362877,theta_down,single_gap,theta_down_theta_037_u_009_warm,-13.27923725760814,VP+,-2.090731270562177,-2.090731270562177,-2.090731270615315
3.9,4.5,VP,-3.308441750897938,True,0.5679403883133354,-25.617453614636617,-26.185394002949952,u_D_down,single_gap,u_D_down_theta_038_u_009_warm,-14.312503775366451,VP+,-3.308441750897938,-3.308441750897938,-3.3084417509427375
3.95,4.5,VP,-4.553165908906838,True,0.5445166820502578,-25.27041802929642,-25.814934711346677,u_D_up,single_gap,u_D_up_theta_039_u_009_warm,-15.37575202809849,VP+,-4.553165908906838,-4.553165908906838,-4.553165908944614
4.0,4.5,VP,-5.824808405771039,True,0.5214545486340363,-24.918923766809304,-25.44037831544334,u_D_down,single_gap,u_D_down_theta_040_u_009_warm,-16.46881094002077,VP+,-5.824808405771039,-5.824808405771039,-5.824808405803006
2.0,5.0,VP,8.616663630544998,False,0.2570420103797204,-37.69421381145132,-37.95125582183104,theta_up,single_gap,theta_up_theta_000_u_010_mixed_seed_29,20.433472446310404,VP+,8.616663630544998,8.616663630544998,8.616663406513936
2.05,5.0,VP,6.932171156183209,False,0.28889666012208437,-37.32393310930677,-37.612829769428856,u_D_down,single_gap,u_D_down_theta_001_u_010_warm,20.252746331842292,VP+,6.932171156183209,6.932171156183209,6.9321709406590415
2.1,5.0,VP,4.436507345530011,False,0.32631447154701476,-36.955369010455506,-37.28168348200252,u_D_down,single_gap,u_D_down_theta_002_u_010_warm,20.04575874626074,VP+,4.436507345530011,4.436507345530011,4.436507071896351
2.15,5.0,VP,6.332576640825209,False,0.3895199878611777,-36.5882859681305,-36.97780595599168,u_D_down,single_gap,u_D_down_theta_003_u_010_warm,19.81228387207814,VP+,6.332576640825209,6.332576640825209,6.332576873366449
2.2,5.0,VP,9.580982183078312,False,0.47569461487127285,-36.22246242533694,-36.698157040208216,theta_up,single_gap,theta_up_theta_004_u_010_warm,19.552127393623664,VP+,9.580982183078312,9.580982183078312,9.58098229909234
2.25,5.0,VP,12.071381668356082,False,0.5677785358448304,-35.857690312775304,-36.425468848620135,theta_up,single_gap,theta_up_theta_005_u_010_warm,19.26512395969505,VP+,12.071381668356082,12.071381668356082,12.071381740715132
2.3,5.0,VP,14.2383781322047,False,0.6628631223815944,-35.49377441246625,-36.156637534847846,theta_up,single_gap,theta_up_theta_006_u_010_warm,18.9511343321887,VP+,14.2383781322047,14.2383781322047,14.238378181020408
2.35,5.0,VP,15.601176623890764,False,0.7593137282761617,-35.13053164392643,-35.88984537220259,theta_down,single_gap,theta_down_theta_007_u_010_warm,18.61004240037981,VP+,15.601176623890764,15.601176623890764,15.601176635770152
2.4,5.0,VP,16.232426264343434,False,0.856050413633298,-34.76779031502919,-35.623840728662486,u_D_down,single_gap,u_D_down_theta_008_u_010_warm,18.241752193805507,VP+,16.232426264343434,16.232426264343434,16.232426272806322
2.45,5.0,VP,16.816754322076875,False,0.95230562808851,-34.405389367557916,-35.357694995646426,u_D_down,large_gap,u_D_down_theta_009_u_010_warm,17.846184986926158,VP+,16.816754322076875,16.816754322076875,16.816754328243924
2.5,5.0,VP,17.364274793678835,False,1.0475114761718487,-34.04317763787972,-35.09068911405157,theta_up,large_gap,theta_up_theta_010_u_010_warm,17.4232765650967,VP+,17.364274793678835,17.364274793678835,17.36427479825145
2.55,5.0,VP,17.881760961648958,False,1.1412377260101962,-33.68101314585433,-34.822250871864526,theta_up,large_gap,theta_up_theta_011_u_010_warm,16.972974694316882,VP+,17.881760961648958,17.881760961648958,17.881760965086617
2.6,5.0,VP,18.37399523258692,False,1.2331539682566799,-33.31876241968444,-34.55191638794112,theta_up,large_gap,theta_up_theta_012_u_010_warm,16.495236824007698,VP+,18.37399523258692,18.37399523258692,18.373995235201107
2.65,5.0,VP,18.84449484302521,False,1.3230048040006892,-32.95629986053142,-34.27930466453211,theta_up,large_gap,theta_up_theta_013_u_010_warm,15.990028038408704,VP+,18.84449484302521,18.84449484302521,18.844494845032635
2.7,5.0,VP,18.436764772984155,False,1.342764268948045,-32.661335587619504,-34.00409985656755,theta_down,small_gap,theta_down_theta_014_u_010_warm,-0.3204381257146593,VP+,18.436764772984155,18.436764772984155,18.43676476806723
2.75,5.0,VP,17.832611819066035,False,1.2959023871062811,-32.43013602080072,-33.726038407907,theta_down,small_gap,theta_down_theta_015_u_010_warm,-0.4695038826557827,VP+,17.832611819066035,17.832611819066035,17.832611815124324
2.8,5.0,VP,17.20375458175749,False,1.250998215086888,-32.19390120197409,-33.44489941706098,u_D_up,small_gap,u_D_up_theta_016_u_010_warm,-0.6537700819385002,VP+,17.20375458175749,17.20375458175749,17.203754578588686
2.85,5.0,VP,16.549603714180783,False,1.2078719886860618,-31.95262524503759,-33.16049723372365,u_D_up,small_gap,u_D_up_theta_017_u_010_warm,-0.8726009027311683,VP+,16.549603714180783,16.549603714180783,16.549603711626155
2.9,5.0,VP,15.869682555314569,False,1.1663658087839401,-31.706309838483396,-32.872675647267336,u_D_up,small_gap,u_D_up_theta_018_u_010_warm,-1.125361722831741,VP+,15.869682555314569,15.869682555314569,15.869682553249518
2.95,5.0,VP,15.16360544188768,False,1.1263401386997032,-31.454963103572943,-32.58130324227265,theta_down,small_gap,theta_down_theta_019_u_010_warm,-1.4114288552084453,VP+,15.16360544188768,15.16360544188768,15.16360544021395
3.0,5.0,VP,14.431061056837912,False,1.08767104056626,-31.198598588615692,-32.28626962918195,theta_down,small_gap,theta_down_theta_020_u_010_warm,-1.7301960828189848,VP+,14.431061056837912,14.431061056837912,14.431061055477784
3.05,5.0,VP,13.671799435232554,False,1.050247960341924,-30.937234383718287,-31.98748234406021,u_D_up,small_gap,u_D_up_theta_021_u_010_warm,-2.081078853668526,VP+,13.671799435232554,13.671799435232554,13.671799434124493
3.1,5.0,VP,12.885621682893015,False,1.0139719271777992,-30.67089234153472,-31.68486426871252,theta_down,small_gap,theta_down_theta_022_u_010_warm,-2.463516783009691,VP+,12.885621682893015,12.885621682893015,12.88562168198795
3.1500000000000004,5.0,VP,12.072371744923238,False,0.9787540706276907,-30.3995973910199,-31.37835146164759,theta_down,small_gap,theta_down_theta_023_u_010_warm,-2.876974948299827,VP+,12.072371744923238,12.072371744923238,12.072371744182316
3.2,5.0,VP,11.231929746462251,False,0.9445143851761095,-30.12337693273394,-31.06789131791005,theta_down,small_gap,theta_down_theta_024_u_010_warm,-3.3209443424195424,VP+,11.231929746462251,11.231929746462251,11.231929745854304
3.25,5.0,VP,10.36420655550437,False,0.9111806897587336,-29.842260305751,-30.753440995509735,theta_up,small_gap,theta_up_theta_025_u_010_warm,-3.794941737449168,VP+,10.36420655550437,10.36420655550437,10.364206555004298
3.3,5.0,VP,9.469139308300662,False,0.8786877429219082,-29.556278317607685,-30.434966060529593,u_D_up,single_gap,u_D_up_theta_026_u_010_warm,-4.298509156894983,VP+,9.469139308300662,9.469139308300662,9.469139307888486
3.35,5.0,VP,8.546687699232464,False,0.8469764836468698,-29.26546282996037,-30.11243931360724,u_D_down,single_gap,u_D_down_theta_027_u_010_warm,-4.8312130859576055,VP+,8.546687699232464,8.546687699232464,8.546687698892068
3.4000000000000004,5.0,VP,7.596830884296676,False,0.8159933747390369,-28.96984639368675,-29.785839768425788,u_D_down,single_gap,u_D_down_theta_028_u_010_warm,-5.392643521862565,VP+,7.596830884296676,7.596830884296676,7.596830884014853
3.45,5.0,VP,6.619564880680702,False,0.785689830782367,-28.669461928080896,-29.455151758863263,theta_up,single_gap,theta_up_theta_029_u_010_warm,-6.037770900660998,VP+,6.619564880680702,6.619564880680702,6.619564880446941
3.5,5.0,VP,5.614900370075059,False,0.7560217164934215,-28.36434243954969,-29.120364156043113,theta_down,single_gap,theta_down_theta_030_u_010_warm,-6.821874631588893,VP+,5.614900370075059,5.614900370075059,5.614900369880797
3.55,5.0,VP,4.582860832722581,False,0.7269489042091166,-28.05452077585194,-28.781469680061058,theta_down,single_gap,theta_down_theta_031_u_010_warm,-7.637599182973522,VP+,4.582860832722581,4.582860832722581,4.582860832560819
3.6,5.0,VP,3.523480952487646,False,0.6984348814806296,-27.740029412433685,-28.438464293914315,theta_up,single_gap,theta_up_theta_032_u_010_warm,-8.484722014527588,VP+,3.523480952487646,3.523480952487646,3.5234809523527097
3.65,5.0,VP,2.4368052463265037,False,0.6704464014653517,-27.4209002678285,-28.091346669293852,theta_up,single_gap,theta_up_theta_033_u_010_warm,-9.36302955113224,VP+,2.4368052463265037,2.4368052463265037,2.4368052462136873
3.7,5.0,VP,1.3228868782635104,False,0.6429531701673028,-27.097164545424555,-27.740117715591857,u_D_down,single_gap,u_D_down_theta_034_u_010_warm,-10.272316359463431,VP+,1.3228868782635104,1.3228868782635104,1.3228868781690544
3.75,5.0,VP,0.1817866260459339,False,0.6159275656417087,-26.76885259916512,-27.384780164806827,theta_down,single_gap,theta_down_theta_035_u_010_warm,-11.21238440486999,VP+,0.1817866260459339,0.1817866260459339,0.1817866259667262
3.8,5.0,VP,-0.9864280262264772,True,0.5893443851299836,-26.4359938209636,-27.025338206093583,u_D_down,single_gap,u_D_down_theta_036_u_010_warm,-12.183042383434987,VP+,-0.9864280262264772,-0.9864280262264772,-0.9864280262930336
3.85,5.0,VP,-2.1816836916357474,True,0.5631806167736606,-26.098616547784363,-26.661797164558024,u_D_down,single_gap,u_D_down_theta_037_u_010_warm,-13.184105121730685,VP+,-2.1816836916357474,-2.1816836916357474,-2.1816836916917275
3.9,5.0,VP,-3.403901798548354,True,0.5374152331052748,-25.75674798648831,-26.294163219593585,theta_up,single_gap,theta_up_theta_038_u_010_warm,-14.21539304111501,VP+,-3.403901798548354,-3.403901798548354,-3.4039017985955056
3.95,5.0,VP,-4.652999238529034,True,0.5120290039557425,-25.41041415466462,-25.92244315862036,theta_down,single_gap,theta_down_theta_039_u_010_warm,-15.276731681513414,VP+,-4.652999238529034,-4.652999238529034,-4.652999238568864
4.0,5.0,VP,-5.928888956616486,True,0.487004326778699,-25.05963983578346,-25.54664416256216,theta_down,single_gap,theta_down_theta_040_u_010_ordered,-16.367951278775994,VP+,-5.928888956616486,-5.928888956616486,-5.928888956650134
2.0,5.5,VP,10.26609281002085,False,0.22407260601995205,-38.0569484629348,-38.28102106895475,theta_up,single_gap,theta_up_theta_000_u_011_mixed_seed_13,21.09742682554088,VP+,10.26609281002085,10.26609281002085,10.266092609583184
2.05,5.5,VP,8.95205298654583,False,0.24999010185436532,-37.68428621024458,-37.934276312098945,theta_up,single_gap,theta_up_theta_001_u_011_warm,20.92096231752712,VP+,8.95205298654583,8.95205298654583,8.952052811012138
2.1,5.5,VP,7.319540011220255,False,0.2789998393246833,-37.313481592780455,-37.59248143210514,theta_up,single_gap,theta_up_theta_002_u_011_warm,20.71866863928841,VP+,7.319540011220255,7.319540011220255,7.319539845230857
2.15,5.5,VP,5.020171493800788,False,0.3127136286336736,-36.94430314041006,-37.25701676904373,u_D_down,single_gap,u_D_down_theta_003_u_011_warm,20.490273114914356,VP+,5.020171493800788,5.020171493800788,5.020171300713237
2.2,5.5,VP,5.370998468561467,False,0.36453330061387845,-36.57653193910621,-36.94106523972009,theta_down,single_gap,theta_down_theta_004_u_011_warm,20.235536896145796,VP+,5.370998468561467,5.370998468561467,5.370998695799564
2.25,5.5,VP,8.989449532387034,False,0.4435500301129167,-36.209961334980854,-36.65351136509377,u_D_up,single_gap,u_D_up_theta_005_u_011_warm,19.95425243347259,VP+,8.989449532387034,8.989449532387034,8.989449634367979
2.3,5.5,VP,11.614513892722911,False,0.5291259480521688,-35.84439648325258,-36.37352243130475,u_D_down,single_gap,u_D_down_theta_006_u_011_warm,19.64624063797792,VP+,11.614513892722911,11.614513892722911,11.614513955098689
2.35,5.5,VP,13.861194113596046,False,0.6179779093384496,-35.479653797474036,-36.097631706812486,u_D_down,single_gap,u_D_down_theta_007_u_011_warm,19.311347903503435,VP+,13.861194113596046,13.861194113596046,13.861194155424698
2.4,5.5,VP,15.462783073320072,False,0.7083641486130503,-35.11556034163695,-35.82392449025,u_D_up,single_gap,u_D_up_theta_008_u_011_warm,18.949443115177917,VP+,15.462783073320072,15.462783073320072,15.462783083331033
2.45,5.5,VP,16.09619190370229,False,0.7991558362144957,-34.75195319678853,-35.55110903300302,theta_down,single_gap,theta_down_theta_009_u_011_warm,18.56041473620727,VP+,16.09619190370229,16.09619190370229,16.096191910823322
2.5,5.5,VP,16.67963769952173,False,0.8895575832284308,-34.38867882475991,-35.27823640798834,u_D_down,large_gap,u_D_down_theta_010_u_011_warm,18.144168039526203,VP+,16.67963769952173,16.67963769952173,16.67963770471058
2.55,5.5,VP,17.224314072076456,False,0.9789834256950414,-34.025592444454865,-35.00457587014991,theta_up,large_gap,theta_up_theta_011_u_011_warm,17.700622531259363,VP+,17.224314072076456,17.224314072076456,17.224314075926813
2.6,5.5,VP,17.737627872577352,False,1.0669904127338228,-33.66255743067966,-34.729547843413485,theta_up,large_gap,theta_up_theta_012_u_011_warm,17.229709594376523,VP+,17.737627872577352,17.737627872577352,17.73762787547594
2.65,5.5,VP,18.224762938848293,False,1.1532387260757986,-33.29944474142397,-34.45268346749977,theta_up,large_gap,theta_up_theta_013_u_011_warm,16.73137036991232,VP+,18.224762938848293,18.224762938848293,18.224762941056344
2.7,5.5,VP,18.553009421826307,False,1.237465806067732,-32.936132376575976,-34.17359818264371,u_D_down,large_gap,u_D_down_theta_014_u_011_warm,16.205553883302336,VP+,18.553009421826307,18.553009421826307,18.553009416594513
2.75,5.5,VP,17.934760057398112,False,1.3189936095603016,-32.57297986479994,-33.89197347436024,u_D_up,small_gap,u_D_up_theta_015_u_011_warm,-0.9706254820524088,VP+,17.934760057398112,17.934760057398112,17.934760053206883
2.8,5.5,VP,17.292899158276,False,1.2708250790496507,-32.33671862671016,-33.60754370575981,u_D_up,small_gap,u_D_up_theta_016_u_011_warm,-1.160060627208587,VP+,17.292899158276,17.292899158276,17.292899154908753
2.85,5.5,VP,16.626686095128726,False,1.2246067137382397,-32.09547958286836,-33.3200862966066,theta_down,small_gap,theta_down_theta_017_u_011_warm,-1.3842051663590489,VP+,16.626686095128726,16.626686095128726,16.626686092416143
2.9,5.5,VP,15.935523020800732,False,1.1801547329839224,-31.84925946606718,-33.029414199051104,u_D_up,small_gap,u_D_up_theta_018_u_011_warm,-1.642452171353856,VP+,15.935523020800732,15.935523020800732,15.935523018609484
2.95,5.5,VP,15.218925528978737,False,1.13730803840701,-31.598061965731215,-32.735370004138225,u_D_up,small_gap,u_D_up_theta_019_u_011_warm,-1.9342009247237255,VP+,15.218925528978737,15.218925528978737,15.21892552720388
3.0,5.5,VP,14.476500670829443,False,1.0959245701359386,-31.34189666913444,-32.43782123927038,theta_down,small_gap,theta_down_theta_020_u_011_warm,-2.258864196225254,VP+,14.476500670829443,14.476500670829443,14.476500669388187
3.05,5.5,VP,13.707930144314304,False,1.0558784285779765,-31.08077812763083,-32.136656556208806,theta_down,small_gap,theta_down_theta_021_u_011_warm,-2.6158730479103447,VP+,13.707930144314304,13.707930144314304,13.707930143140814
3.1,5.5,VP,12.91295721437011,False,1.0170575653485159,-30.814725033222057,-31.831782598570573,u_D_up,small_gap,u_D_up_theta_022_u_011_warm,-3.004679845023972,VP+,12.91295721437011,12.91295721437011,12.91295721341234
3.1500000000000004,5.5,VP,12.091376387489095,False,0.9793619048404523,-30.543759492185117,-31.52312139702557,u_D_up,small_gap,u_D_up_theta_023_u_011_warm,-3.424759972778393,VP+,12.091376387489095,12.091376387489095,12.091376386705502
3.2,5.5,VP,11.243025157405937,False,0.9427017967737861,-30.267906384004977,-31.210608180778763,u_D_up,small_gap,u_D_up_theta_024_u_011_warm,-3.875612635158566,VP+,11.243025157405937,11.243025157405937,11.243025156763306
3.25,5.5,VP,10.367777333862133,False,0.9069967267782886,-29.9871927953554,-30.89418952213369,u_D_up,small_gap,u_D_up_theta_025_u_011_warm,-4.356761015508836,VP+,10.367777333862133,10.367777333862133,10.36777733333389
3.3,5.5,VP,9.465537600117138,False,0.8721742307843172,-29.701647520263652,-30.57382175104797,u_D_up,small_gap,u_D_up_theta_026_u_011_warm,-4.867751993493496,VP+,9.465537600117138,9.465537600117138,9.465537599681916
3.35,5.5,VP,8.536237034497216,False,0.8381689723395134,-29.411300618849232,-30.249469591188745,theta_up,small_gap,theta_up_theta_027_u_011_warm,-5.408155567727825,VP+,8.536237034497216,8.536237034497216,8.536237034137965
3.4000000000000004,5.5,VP,7.579829397868863,False,0.8049219516449249,-29.116183028114023,-29.921104979758947,theta_up,small_gap,theta_up_theta_028_u_011_warm,-5.977564083726687,VP+,7.579829397868863,7.579829397868863,7.579829397571622
3.45,5.5,VP,6.596288033994703,False,0.7723798221979976,-28.816326219198597,-29.588706041396595,theta_up,single_gap,theta_up_theta_029_u_011_warm,-6.575591348283076,VP+,6.596288033994703,6.596288033994703,6.596288033748255
3.5,5.5,VP,5.585603266122476,False,0.7404942962115904,-28.511761896306982,-29.252256192518573,u_D_down,single_gap,u_D_down_theta_030_u_011_warm,-7.201871672032722,VP+,5.585603266122476,5.585603266122476,5.585603265917793
3.55,5.5,VP,4.547780196405061,False,0.7092216239499507,-28.202521733155617,-28.911743357105568,theta_down,single_gap,theta_down_theta_031_u_011_warm,-7.856058885695798,VP+,4.547780196405061,4.547780196405061,4.547780196234658
3.6,5.5,VP,3.482836835114224,False,0.6785221351498052,-27.888637143335465,-28.56715927848527,u_D_up,single_gap,u_D_up_theta_032_u_011_warm,-8.537825350815039,VP+,3.482836835114224,3.482836835114224,3.482836834972076
3.65,5.5,VP,2.390802500692253,False,0.6483598330131386,-27.570139081415853,-28.21849891442899,theta_up,single_gap,theta_up_theta_033_u_011_warm,-9.26816957118567,VP+,2.390802500692253,2.390802500692253,2.3908025005735425
3.7,5.5,VP,1.2717164429088967,False,0.6187020330746229,-27.247057871962692,-27.865759905037315,u_D_down,single_gap,u_D_down_theta_034_u_011_warm,-10.174956312612313,VP+,1.2717164429088967,1.2717164429088967,1.2717164428095664
3.75,5.5,VP,0.1256266501298668,False,0.5895190406548849,-26.919423063924732,-27.508942104579617,theta_down,single_gap,theta_down_theta_035_u_011_warm,-11.11259379479672,VP+,0.1256266501298668,0.1256266501298668,0.1256266500466054
3.8,5.5,VP,-1.0474111913939517,True,0.5607838617469483,-26.58726330806306,-27.14804716981001,theta_down,single_gap,theta_down_theta_036_u_011_warm,-12.080892501012082,VP+,-1.0474111913939517,-1.0474111913939517,-1.0474111914639046
3.85,5.5,VP,-2.247334612751601,True,0.5324719430702949,-26.250606255277415,-26.78307819834771,theta_up,single_gap,theta_up_theta_037_u_011_warm,-13.079668953257904,VP+,-2.247334612751601,-2.247334612751601,-2.247334612810505
3.9,5.5,VP,-3.474075174080159,True,0.5045609377545546,-25.909478473830827,-26.41403941158538,u_D_up,single_gap,u_D_up_theta_038_u_011_warm,-14.108745176635695,VP+,-3.474075174080159,-3.474075174080159,-3.47407517412978
3.95,5.5,VP,-4.727559190962609,True,0.47703049369559025,-25.563905383600563,-26.040935877296153,theta_down,single_gap,theta_down_theta_039_u_011_warm,-15.167948219879436,VP+,-4.727559190962609,-4.727559190962609,-4.72755919100457
4.0,5.5,VP,-6.00770839052851,True,0.4498620620962157,-25.213911205595128,-25.663773267691344,u_D_down,single_gap,u_D_down_theta_040_u_011_warm,-16.25710973063426,VP+,-6.00770839052851,-6.00770839052851,-6.007708390563913
2.0,6.0,VP,11.665822671602,False,0.19639965353183442,-38.42589141140993,-38.62229106494176,theta_up,single_gap,theta_up_theta_000_u_012_mixed_seed_29,21.752123368667007,VP+,11.665822671602,11.665822671602,11.66582248283433
2.05,6.0,VP,10.55522138562126,False,0.21798425733448568,-38.05095521135075,-38.26893946868523,theta_down,single_gap,theta_down_theta_001_u_012_warm,21.580218730705063,VP+,10.55522138562126,10.55522138562126,10.555221226972854
2.1,6.0,VP,9.255251923910087,False,0.24151922979936558,-37.67800798624652,-37.919527216045886,theta_down,single_gap,theta_down_theta_002_u_012_warm,21.382888212532272,VP+,9.255251923910087,9.255251923910087,9.255251785388111
2.15,6.0,VP,7.66201016637914,False,0.2677095845617643,-37.30682205563353,-37.574531640195296,u_D_up,single_gap,u_D_up_theta_003_u_012_warm,21.15981716711943,VP+,7.66201016637914,7.66201016637914,7.662010036993834
2.2,6.0,VP,5.495981478337768,False,0.2979072919124661,-36.93718106424199,-37.235088356154456,theta_down,single_gap,theta_down_theta_004_u_012_warm,20.910726758709757,VP+,5.495981478337768,5.495981478337768,5.495981335832575
2.25,6.0,VP,4.293339214434276,False,0.34002781856628417,-36.56887983788844,-36.90890765645472,u_D_down,single_gap,u_D_down_theta_005_u_012_warm,20.63537139661765,VP+,4.293339214434276,4.293339214434276,4.293339448491828
2.3,6.0,VP,8.39708850309124,False,0.4118380277427889,-36.20172407658434,-36.61356210432713,theta_down,single_gap,theta_down_theta_006_u_012_warm,20.333535888084945,VP+,8.39708850309124,8.39708850309124,8.397088593024613
2.35,6.0,VP,11.164979689558862,False,0.49090157426534375,-35.83552993580656,-36.326431510071906,theta_up,single_gap,theta_up_theta_007_u_012_warm,20.00503246232818,VP+,11.164979689558862,11.164979689558862,11.164979743326043
2.4,6.0,VP,13.491856843584037,False,0.5734835184378753,-35.47012353669855,-36.04360705513643,u_D_up,single_gap,u_D_up_theta_008_u_012_warm,19.649697778346223,VP+,13.491856843584037,13.491856843584037,13.491856879401348
2.45,6.0,VP,15.3310970365671,False,0.6577386577745088,-35.1053404365866,-35.76307909436111,theta_up,single_gap,theta_up_theta_009_u_012_warm,19.267390007667984,VP+,15.3310970365671,15.3310970365671,15.33109704501912
2.5,6.0,VP,15.96698311692636,False,0.7424963389999562,-34.74102508310872,-35.48352142210867,theta_up,single_gap,theta_up_theta_010_u_012_warm,18.857986050703825,VP+,15.96698311692636,15.96698311692636,15.96698312292883
2.55,6.0,VP,16.54982308052479,False,0.8269394185454928,-34.377030268605985,-35.20396968715148,u_D_down,large_gap,u_D_down_theta_011_u_012_warm,18.42137893646037,VP+,16.54982308052479,16.54982308052479,16.549823084897763
2.6,6.0,VP,17.091930148980147,False,0.9104687397804838,-34.01321659615611,-34.9236853359366,u_D_down,large_gap,u_D_down_theta_012_u_012_warm,17.95747543107595,VP+,17.091930148980147,17.091930148980147,17.09193015222716
2.65,6.0,VP,17.601357369953078,False,0.9926325069538748,-33.64945196458987,-34.64208447154375,theta_up,large_gap,theta_up_theta_013_u_012_warm,17.466193876103567,VP+,17.601357369953078,17.601357369953078,17.60135737240055
2.7,6.0,VP,18.08369320329331,False,1.073084578794024,-33.28561107682122,-34.35869565561524,theta_up,large_gap,theta_up_theta_014_u_012_warm,16.947462263027194,VP+,18.08369320329331,18.08369320329331,18.08369320516086
2.75,6.0,VP,18.064519088957073,False,1.1515577021060253,-32.92157497366439,-34.07313267577042,theta_up,large_gap,theta_up_theta_015_u_012_warm,16.401216545956927,VP+,18.064519088957073,18.064519088957073,18.06451908451122
2.8,6.0,VP,17.409010831509587,False,1.2278452843280547,-32.55723059381036,-33.785075878138414,u_D_down,large_gap,u_D_down_theta_016_u_012_warm,15.712455261847968,VP+,17.409010831509587,17.409010831509587,17.409010827940094
2.85,6.0,VP,16.730215972085144,False,1.2436160299513048,-32.25064274934157,-33.49425877929288,u_D_up,small_gap,u_D_up_theta_017_u_012_warm,-1.902752801688468,VP+,16.730215972085144,16.730215972085144,16.73021596921132
2.9,6.0,VP,16.02738736882397,False,1.195926687425704,-32.00453143399739,-33.2004581214231,theta_down,small_gap,theta_down_theta_018_u_012_warm,-2.166835553413602,VP+,16.02738736882397,16.02738736882397,16.027387366503937
2.95,6.0,VP,15.29992152496576,False,1.14998599231291,-31.753500282713528,-32.90348627502644,theta_down,small_gap,theta_down_theta_019_u_012_warm,-2.464610539768387,VP+,15.29992152496576,15.29992152496576,15.299921523087749
3.0,6.0,VP,14.54732876194758,False,1.1056306569182652,-31.49755464331276,-32.603185300231026,u_D_up,small_gap,u_D_up_theta_020_u_012_warm,-2.795508272587327,VP+,14.54732876194758,14.54732876194758,14.547328760423426
3.05,6.0,VP,13.76921099319696,False,1.0627169382143897,-31.236705276686816,-32.299422214901206,u_D_up,small_gap,u_D_up_theta_021_u_012_warm,-3.158974283636212,VP+,13.76921099319696,13.76921099319696,13.769210991956813
3.1,6.0,VP,12.96524479694518,False,1.0211176756515705,-30.97096748698239,-31.99208516263396,u_D_up,small_gap,u_D_up_theta_022_u_012_warm,-3.5544726480920534,VP+,12.96524479694518,12.96524479694518,12.96524479593365
3.1500000000000004,6.0,VP,12.13516829018794,False,0.9807199130968698,-30.70036035295658,-31.68108026605345,u_D_up,small_gap,u_D_up_theta_023_u_012_warm,-3.9814881214890256,VP+,12.13516829018794,12.13516829018794,12.135168289360845
3.2,6.0,VP,11.278770790614484,False,0.9414229631553219,-30.42490604847593,-31.36632901163125,u_D_up,small_gap,u_D_up_theta_024_u_012_warm,-4.4395272830206896,VP+,11.278770790614484,11.278770790614484,11.278770789936566
3.25,6.0,VP,10.39588456787811,False,0.9031368118919865,-30.144629241612684,-31.04776605350467,u_D_up,small_gap,u_D_up_theta_025_u_012_warm,-4.928118976481654,VP+,10.39588456787811,10.39588456787811,10.395884567321122
3.3,6.0,VP,9.486378185553445,False,0.8657807892572897,-29.859556563193262,-30.725337352450552,theta_down,small_gap,theta_down_theta_026_u_012_warm,-5.446814262855169,VP+,9.486378185553445,9.486378185553445,9.486378185094836
3.35,6.0,VP,8.550151073978277,False,0.8292824496366116,-29.569716136912607,-30.39899858654922,theta_down,small_gap,theta_down_theta_027_u_012_warm,-5.995186038788477,VP+,8.550151073978277,8.550151073978277,8.550151073599881
3.4000000000000004,6.0,VP,7.587129066531691,False,0.7935766205675172,-29.27513716423914,-30.068713784806658,theta_down,small_gap,theta_down_theta_028_u_012_warm,-6.572828434486214,VP+,7.587129066531691,7.587129066531691,7.58712906621869
3.45,6.0,VP,6.597260700493521,False,0.7586045875444505,-28.9758495582903,-29.73445414583475,u_D_up,small_gap,u_D_up_theta_029_u_012_warm,-7.179356067747213,VP+,6.597260700493521,6.597260700493521,6.5972607002341555
3.5,6.0,VP,5.580514128901726,False,0.7243133900973184,-28.671883621661113,-29.39619701175843,u_D_up,small_gap,u_D_up_theta_030_u_012_warm,-7.814403214192481,VP+,5.580514128901726,5.580514128901726,5.580514128686399
3.55,6.0,VP,4.536874525806802,False,0.6906552097200773,-28.36326976387151,-29.053924973591588,theta_down,small_gap,theta_down_theta_031_u_012_warm,-8.477622929002301,VP+,4.536874525806802,4.536874525806802,4.5368745256275815
3.6,6.0,VP,3.466341892361477,False,0.6575868343115019,-28.050038254645145,-28.707625088956647,u_D_up,small_gap,u_D_up_theta_032_u_012_warm,-9.168686151523431,VP+,3.466341892361477,3.466341892361477,3.466341892212089
3.65,6.0,VP,2.3689291908615218,False,0.6250691868860763,-27.732219009694724,-28.3572881965808,u_D_down,single_gap,u_D_down_theta_033_u_012_warm,-9.887280812359354,VP+,2.3689291908615218,2.3689291908615218,2.3689291907367256
3.7,6.0,VP,1.2446607470590898,False,0.5930669087065397,-27.409841406048663,-28.002908314755203,u_D_up,single_gap,u_D_up_theta_034_u_012_warm,-10.633110946113074,VP+,1.2446607470590898,1.2446607470590898,1.2446607469546649
3.75,6.0,VP,0.0935708745005747,False,0.5615479888553594,-27.082934124252812,-27.64448211310817,u_D_down,single_gap,u_D_down_theta_035_u_012_warm,-11.405895832465196,VP+,0.0935708745005747,0.0935708745005747,0.0935708744130465
3.8,6.0,VP,-1.0842973188719969,True,0.5304834337194535,-26.751525015012064,-27.282008448731517,u_D_down,single_gap,u_D_down_theta_036_u_012_warm,-12.205369155341977,VP+,-1.0842973188719969,-1.0842973188719969,-1.0842973189454597
3.85,6.0,VP,-2.2888929733237333,True,0.4998469710364368,-26.415640988025604,-26.91548795906204,u_D_down,single_gap,u_D_down_theta_037_u_012_warm,-13.031278196945753,VP+,-2.2888929733237333,-2.2888929733237333,-2.2888929733855257
3.9,6.0,VP,-3.5201583954882985,True,0.4696147840728955,-26.07530792092288,-26.544922704995777,theta_up,single_gap,theta_up_theta_038_u_012_warm,-13.992748660715131,VP+,-3.5201583954882985,-3.5201583954882985,-3.5201583955404203
3.95,6.0,VP,-4.778029873796232,True,0.43976527225915873,-25.73055058633492,-26.17031585859408,u_D_up,single_gap,u_D_up_theta_039_u_012_warm,-15.049584131089585,VP+,-4.778029873796232,-4.778029873796232,-4.778029873840161
4.0,6.0,VP,-6.062438409083178,True,0.41027883520843034,-25.38139259524994,-25.791671430458372,u_D_up,single_gap,u_D_up_theta_040_u_012_warm,-16.13646268151049,VP+,-6.062438409083178,-6.062438409083178,-6.062438409120372
2.0,6.5,VP,12.905706868545389,False,0.17271753946335622,-38.80050182571991,-38.97321936518327,theta_up,single_gap,theta_up_theta_000_u_013_mixed_seed_7,22.397130083998203,VP+,12.905706868545389,12.905706868545389,12.905706685936458
2.05,6.5,VP,11.929015435887102,False,0.1909186143513324,-38.42339312916602,-38.614311743517355,theta_down,single_gap,theta_down_theta_001_u_013_warm,22.230071651144463,VP+,11.929015435887102,11.929015435887102,11.929015285902372
2.1,6.5,VP,10.81984158244704,False,0.21038358004607005,-38.04839639246907,-38.25877997251514,theta_up,single_gap,theta_up_theta_002_u_013_warm,22.03796623596226,VP+,10.81984158244704,10.81984158244704,10.819841456260036
2.15,6.5,VP,9.53016011888434,False,0.2314864776049319,-37.67528736497479,-37.906773842579724,u_D_down,single_gap,u_D_down_theta_003_u_013_warm,21.82046095118825,VP+,9.53016011888434,9.53016011888434,9.530160008914308
2.2,6.5,VP,7.967119357911756,False,0.2548501257774234,-37.30385208003182,-37.55870220580924,theta_down,single_gap,theta_down_theta_004_u_013_warm,21.57724055199534,VP+,7.967119357911756,7.967119357911756,7.967119256119084
2.25,6.5,VP,5.897537660079969,False,0.2816330038379604,-36.93388681701411,-37.21551982085207,theta_down,single_gap,theta_down_theta_005_u_013_warm,21.3080247646254,VP+,5.897537660079969,5.897537660079969,5.897537552044447
2.3,6.5,VP,3.0272475616243923,False,0.315554924486257,-36.565197902528126,-36.88075282701438,u_D_up,single_gap,u_D_up_theta_006_u_013_warm,21.012565385607584,VP+,3.0272475616243923,3.0272475616243923,3.0272478184726523
2.35,6.5,VP,7.801467895254412,False,0.38008555568747227,-36.197601395668194,-36.577686951355666,theta_down,single_gap,theta_down_theta_007_u_013_warm,20.6906432800602,VP+,7.801467895254412,7.801467895254412,7.801467974875649
2.4,6.5,VP,10.721904367971923,False,0.4526526006290581,-35.830922694681725,-36.28357529531078,theta_down,single_gap,theta_down_theta_008_u_013_warm,20.34206537850841,VP+,10.721904367971923,10.721904367971923,10.7219044143271
2.45,6.5,VP,13.129692441538968,False,0.5289518438241032,-35.464996094841666,-35.99394793866577,u_D_down,single_gap,u_D_down_theta_009_u_013_warm,19.966661750413827,VP+,13.129692441538968,13.129692441538968,13.129692472195089
2.5,6.5,VP,15.204832770836706,False,0.6070366048842644,-35.09966432040554,-35.7067009252898,theta_down,single_gap,theta_down_theta_010_u_013_warm,19.56428281207223,VP+,15.204832770836706,15.204832770836706,15.20483277798542
2.55,6.5,VP,15.843555003034917,False,0.6857005489865813,-34.73477804760258,-35.42047859658916,theta_up,single_gap,theta_up_theta_011_u_013_warm,19.134796711663007,VP+,15.843555003034917,15.843555003034917,15.843555008103356
2.6,6.5,VP,16.426109572777847,False,0.7641101050861892,-34.37019543071244,-35.13430553579863,theta_up,large_gap,theta_up_theta_012_u_013_warm,18.67808691720734,VP+,16.426109572777847,16.426109572777847,16.426109576469553
2.65,6.5,VP,16.965966772473628,False,0.841657193237829,-34.005781639440244,-34.84743883267807,theta_up,large_gap,theta_up_theta_013_u_013_warm,18.11563145691795,VP+,16.965966772473628,16.965966772473628,16.965966775216554
2.7,6.5,VP,17.47183682631316,False,0.9178845747474895,-33.64140841283394,-34.55929298758143,theta_up,large_gap,theta_up_theta_014_u_013_warm,17.463927058809272,VP+,17.47183682631316,17.47183682631316,17.471836828383047
2.75,6.5,VP,17.949715106124515,False,0.9924425107741683,-33.276953632798616,-34.269396143572784,theta_up,large_gap,theta_up_theta_015_u_013_warm,16.782001500857138,VP+,17.949715106124515,17.949715106124515,17.9497151077063
2.8,6.5,VP,17.550885778530706,False,1.0650612510340878,-32.912300918691585,-33.97736216972567,u_D_down,large_gap,u_D_down_theta_016_u_013_warm,16.07006933103512,VP+,17.550885778530706,17.550885778530706,17.55088577475507
2.85,6.5,VP,16.85891561973257,False,1.1355324353519265,-32.54733924341336,-33.68287167876529,u_D_down,large_gap,u_D_down_theta_017_u_013_warm,15.328355793040206,VP+,16.85891561973257,16.85891561973257,16.858915616694635
2.9,6.5,VP,16.14394937724142,False,1.2036959193764076,-32.181962570713594,-33.38565849009,u_D_down,large_gap,u_D_down_theta_018_u_013_warm,14.55709575357205,VP+,16.14394937724142,16.14394937724142,16.14394937479037
2.95,6.5,VP,15.40523612760694,False,1.1645371776351823,-31.920962436697906,-33.08549961433309,u_D_up,small_gap,u_D_up_theta_019_u_013_warm,-3.0007632086503087,VP+,15.40523612760694,15.40523612760694,15.40523612562408
3.0,6.5,VP,14.642169108904902,False,1.1169507084894335,-31.66525691492712,-32.782207623416554,theta_down,small_gap,theta_down_theta_020_u_013_warm,-3.3381331565585057,VP+,14.642169108904902,14.642169108904902,14.642169107296551
3.05,6.5,VP,13.854255456867374,False,1.0709247323563815,-31.40469996548488,-32.47562469784126,u_D_up,small_gap,u_D_up_theta_021_u_013_warm,-3.7082892528888785,VP+,13.854255456867374,13.854255456867374,13.854255455559468
3.1,6.5,VP,13.04109377523941,False,1.0263145976519326,-31.13930329216511,-32.16561788981704,theta_down,small_gap,theta_down_theta_022_u_013_warm,-4.110706328074457,VP+,13.04109377523941,13.04109377523941,13.041093774173142
3.1500000000000004,6.5,VP,12.202357127589185,False,0.9829925364623655,-30.869082754145236,-31.8520752906076,u_D_up,small_gap,u_D_up_theta_023_u_013_warm,-4.544877596356944,VP+,12.202357127589185,12.202357127589185,12.202357126717748
3.2,6.5,VP,11.337779893178286,False,0.9408452388906419,-30.5940576462842,-31.53490288517484,theta_down,small_gap,theta_down_theta_024_u_013_warm,-5.010316154891729,VP+,11.337779893178286,11.337779893178286,11.337779892464418
3.25,6.5,VP,10.447147442094966,False,0.8997718776424399,-30.31425006161607,-31.21402193925851,u_D_up,small_gap,u_D_up_theta_025_u_013_warm,-5.506555703976087,VP+,10.447147442094966,10.447147442094966,10.447147441508786
3.3,6.5,VP,9.530287913876348,False,0.859682479263995,-30.029684326636136,-30.88936680590013,u_D_up,small_gap,u_D_up_theta_026_u_013_warm,-6.033150737303869,VP+,9.530287913876348,9.530287913876348,9.530287913393895
3.35,6.5,VP,8.587065590979396,False,0.820496566169286,-29.740386501237733,-30.56088306740702,u_D_up,small_gap,u_D_up_theta_027_u_013_warm,-6.589676350690343,VP+,8.587065590979396,8.587065590979396,8.587065590581524
3.4000000000000004,6.5,VP,7.617375503479643,False,0.7821420129878653,-29.446383936283382,-30.228525949271248,u_D_up,small_gap,u_D_up_theta_028_u_013_warm,-7.1757278020004005,VP+,7.617375503479643,7.617375503479643,7.617375503150725
3.45,6.5,VP,6.621138995046319,False,0.7445540745828509,-29.147704882760348,-29.8922589573432,u_D_up,small_gap,u_D_up_theta_029_u_013_warm,-7.7909199039431485,VP+,6.621138995046319,6.621138995046319,6.621138994773865
3.5,6.5,VP,5.598300049460011,False,0.7076745531070543,-28.84437814728854,-29.552052700395596,u_D_up,small_gap,u_D_up_theta_030_u_013_warm,-8.434886311625359,VP+,5.598300049460011,5.598300049460011,5.5983000492338775
3.55,6.5,VP,4.5488222250411,False,0.6714510788215904,-28.536432789446273,-29.207883868267864,u_D_up,small_gap,u_D_up_theta_031_u_013_warm,-9.1072787486304,VP+,4.5488222250411,4.5488222250411,4.548822224852984
3.6,6.5,VP,3.4726860781096143,False,0.6358364848887064,-28.22389785694658,-28.859734341835285,u_D_up,small_gap,u_D_up_theta_032_u_013_warm,-9.807766203192518,VP+,3.4726860781096143,3.4726860781096143,3.4726860779528295
3.65,6.5,VP,2.3698869845495167,False,0.6007882604823003,-27.906802155169984,-28.507590415652285,theta_down,small_gap,theta_down_theta_033_u_013_warm,-10.536034112580287,VP+,2.3698869845495167,2.3698869845495167,2.3698869844185992
3.7,6.5,VP,1.2404332855348592,False,0.5662680697157114,-27.585174047943724,-28.151442117659435,theta_down,small_gap,theta_down_theta_034_u_013_warm,-11.291783550439623,VP+,1.2404332855348592,1.2404332855348592,1.2404332854253006
3.75,6.5,VP,0.0843446994228074,False,0.5322413263143808,-27.25904128676839,-27.79128261308277,theta_down,small_gap,theta_down_theta_035_u_013_warm,-12.074730429451588,VP+,0.0843446994228074,0.0843446994228074,0.0843446993309697
3.8,6.5,VP,-1.0983490474576811,True,0.49867681586481893,-26.928430865938275,-27.427107681803093,u_D_up,single_gap,u_D_up_theta_036_u_013_warm,-12.884604718046813,VP+,-1.0983490474576811,-1.0983490474576811,-1.0983490475347288
3.85,6.5,VP,-2.3076094095689896,True,0.4655463589557307,-26.5933689012074,-27.05891526016313,u_D_down,single_gap,u_D_down_theta_037_u_013_warm,-13.721149683976156,VP+,-2.3076094095689896,-2.3076094095689896,-2.307609409633791
3.9,6.5,VP,-3.543390062015007,True,0.4328245097256733,-26.253880529808203,-26.686705039533877,u_D_up,single_gap,u_D_up_theta_038_u_013_warm,-14.584121156475014,VP+,-3.543390062015007,-3.543390062015007,-3.5433900620696015
3.95,6.5,VP,-4.805637817420308,True,0.40048828527267233,-25.909989829771327,-26.310478115044,theta_up,single_gap,theta_up_theta_039_u_013_warm,-15.47328682285276,VP+,-4.805637817420308,-4.805637817420308,-4.805637817466444
4.0,6.5,VP,-6.094293441200669,True,0.3685169221580935,-25.56171975660318,-25.930236678761272,theta_down,single_gap,theta_down_theta_040_u_013_mixed_seed_13,-16.38842554669043,VP+,-6.094293441200669,-6.094293441200669,-6.094293441239664
2.0,7.0,VP,14.031770075699768,False,0.15217593290235953,-39.18030983651377,-39.33248576941613,theta_up,single_gap,theta_up_theta_000_u_014_mixed_seed_53,23.032093144794917,VP+,14.031770075699768,14.031770075699768,14.03176989621192
2.05,7.0,VP,13.152222030011565,False,0.16762928672365263,-38.80112403242899,-38.96875331915264,u_D_down,single_gap,u_D_down_theta_001_u_014_warm,22.870147462848028,VP+,13.152222030011565,13.152222030011565,13.152221884726956
2.1,7.0,VP,12.171343246659896,False,0.18388323485284275,-38.42416593998069,-38.60804917483353,theta_down,single_gap,theta_down_theta_002_u_014_warm,22.683513712427683,VP+,12.171343246659896,12.171343246659896,12.171343127007212
2.15,7.0,VP,11.062097787244156,False,0.20114555314895455,-38.049214341251336,-38.25035989440029,theta_up,single_gap,theta_up_theta_003_u_014_warm,22.47180359337431,VP+,11.062097787244156,11.062097787244156,11.062097686439747
2.2,7.0,VP,9.779781776785017,False,0.21975214506988294,-37.67605743301207,-37.89580957808195,u_D_up,single_gap,u_D_up_theta_004_u_014_warm,22.2346682474693,VP+,9.779781776785017,9.779781776785017,9.779781689031276
2.25,7.0,VP,8.240214419767028,False,0.2402585582218748,-37.30449285766764,-37.544751415889515,u_D_up,single_gap,u_D_up_theta_005_u_014_warm,21.97179540768355,VP+,8.240214419767028,8.240214419767028,8.240214339082314
2.3,7.0,VP,6.243249423605313,False,0.26367396504209495,-36.93432758209795,-37.198001547140045,u_D_up,single_gap,u_D_up_theta_006_u_014_warm,21.68290638979976,VP+,6.243249423605313,6.243249423605313,6.243249340213119
2.35,7.0,VP,1.5505759324808253,False,0.29072180012568793,-36.56537766236694,-36.85609946249263,theta_down,single_gap,theta_down_theta_007_u_014_warm,21.36775302861888,VP+,1.5505759324808253,1.5505759324808253,1.5505761989628937
2.4,7.0,VP,7.20068705090948,False,0.34787851370750644,-36.197467927350466,-36.54534644105797,u_D_up,single_gap,u_D_up_theta_008_u_014_warm,21.02611463948484,VP+,7.20068705090948,7.20068705090948,7.200687121717827
2.45,7.0,VP,10.284929663619202,False,0.41397935234823535,-35.83043160861559,-36.244410960963826,theta_up,single_gap,theta_up_theta_009_u_014_warm,20.657795071340697,VP+,10.284929663619202,10.284929663619202,10.284929703597657
2.5,7.0,VP,12.77444463528635,False,0.48400160877784515,-35.46410993822026,-35.948111546998106,theta_up,single_gap,theta_up_theta_010_u_014_warm,20.2626198999378,VP+,12.77444463528635,12.77444463528635,12.774444661517553
2.55,7.0,VP,14.977669824982502,False,0.5558976928513317,-35.09835173098644,-35.65424942383777,theta_down,single_gap,theta_down_theta_011_u_014_warm,19.70313710469838,VP+,14.977669824982502,14.977669824982502,14.97766984330358
2.6,7.0,VP,15.7249384654091,False,0.6284310005587059,-34.733012963425864,-35.36144396398457,theta_up,single_gap,theta_up_theta_012_u_014_warm,19.108581347546583,VP+,15.7249384654091,15.7249384654091,15.724938469696362
2.65,7.0,VP,16.30754632877066,False,0.7007562259758018,-34.36795635792555,-35.06871258390135,u_D_down,large_gap,u_D_down_theta_013_u_014_warm,18.48330054087527,VP+,16.30754632877066,16.30754632877066,16.307546331892652
2.7,7.0,VP,16.845495039723403,False,0.7722601090365302,-34.003050977984834,-34.775311087021365,u_D_down,large_gap,u_D_down_theta_014_u_014_warm,17.827481859530337,VP+,16.845495039723403,16.845495039723403,16.845495042044416
2.75,7.0,VP,17.34816064155835,False,0.8424829495693515,-33.638171838151386,-34.48065478772074,u_D_down,large_gap,u_D_down_theta_015_u_014_warm,17.141326989365677,VP+,17.34816064155835,17.34816064155835,17.34816064331174
2.8,7.0,VP,17.717459510034086,False,0.9110738073658808,-33.27319953072256,-34.18427333808844,u_D_down,large_gap,u_D_down_theta_016_u_014_warm,16.425051039121335,VP+,17.717459510034086,17.717459510034086,17.717459506048606
2.85,7.0,VP,17.011603046503794,False,0.9777623771703432,-32.90801987016838,-33.885782247338724,u_D_down,large_gap,u_D_down_theta_017_u_014_warm,15.678881357263478,VP+,17.011603046503794,17.011603046503794,17.011603043298873
2.9,7.0,VP,16.283948638638915,False,1.0423401146078461,-32.54252355547848,-33.58486367008633,theta_up,large_gap,theta_up_theta_018_u_014_warm,14.903056283369462,VP+,16.283948638638915,16.283948638638915,16.283948636054546
2.95,7.0,VP,15.533556667389597,False,1.1046469319299348,-32.17660585017105,-33.281252782100985,theta_up,large_gap,theta_up_theta_019_u_014_warm,14.097823862321484,VP+,15.533556667389597,15.533556667389597,15.533556665300043
3.0,7.0,VP,14.759674714663248,False,1.1300535123453201,-31.84467422732814,-32.97472773967346,u_D_up,small_gap,u_D_up_theta_020_u_014_warm,-3.885116686063163,VP+,14.759674714663248,14.759674714663248,14.759674712969357
3.05,7.0,VP,13.96169475739817,False,1.0806694972671522,-31.58443255399017,-32.66510205125732,u_D_up,small_gap,u_D_up_theta_021_u_014_warm,-4.262113357044292,VP+,13.96169475739817,13.96169475739817,13.961694756021412
3.1,7.0,VP,13.139122509353696,False,1.0328164862109723,-31.31940215084418,-32.35221863705515,theta_down,small_gap,theta_down_theta_022_u_014_warm,-4.671595457994499,VP+,13.139122509353696,13.139122509353696,13.139122508231832
3.1500000000000004,7.0,VP,12.291554821757812,False,0.9863496300973793,-31.04959547771982,-32.0359451078172,u_D_up,small_gap,u_D_up_theta_023_u_014_warm,-5.113063871765778,VP+,12.291554821757812,12.291554821757812,12.291554820841425
3.2,7.0,VP,11.418662623025964,False,0.9411411601841948,-30.7750287878004,-31.716169947984596,theta_down,small_gap,theta_down_theta_024_u_014_warm,-5.586037426206543,VP+,11.418662623025964,11.418662623025964,11.41866262227568
3.25,7.0,VP,10.52017777887827,False,0.8970779329331684,-30.49572145205182,-31.39279938498499,u_D_up,small_gap,u_D_up_theta_025_u_014_warm,-6.09005391259312,VP+,10.52017777887827,10.52017777887827,10.520177778262504
3.3,7.0,VP,9.595882801405397,False,0.8540594296648614,-30.21169535979889,-31.065754789463753,u_D_up,small_gap,u_D_up_theta_026_u_014_warm,-6.62467051558548,VP+,9.595882801405397,9.595882801405397,9.595882800898888
3.35,7.0,VP,8.645602670687818,False,0.8119961064366308,-29.922974387086224,-30.734970493522855,u_D_up,small_gap,u_D_up_theta_027_u_014_warm,-7.189463818854136,VP+,8.645602670687818,8.645602670687818,8.645602670270119
3.4000000000000004,7.0,VP,7.6691982555028915,False,0.770808017613188,-29.62958392558394,-30.40039194319713,u_D_up,small_gap,u_D_up_theta_028_u_014_warm,-7.784029527822336,VP+,7.6691982555028915,7.6691982555028915,7.669198255157792
3.45,7.0,VP,6.666560962515028,False,0.7304236561700606,-29.33155046577656,-30.06197412194662,theta_down,small_gap,theta_down_theta_029_u_014_warm,-8.407982000238768,VP+,6.666560962515028,6.666560962515028,6.666560962229244
3.5,7.0,VP,5.637608342509587,False,0.6907789677110969,-29.02890122900232,-29.719680196713416,theta_down,small_gap,theta_down_theta_030_u_014_warm,-9.06095364932168,VP+,5.637608342509587,5.637608342509587,5.637608342272525
3.55,7.0,VP,4.582280453105422,False,0.6518165052752884,-28.72166384360914,-29.373480348884428,theta_down,small_gap,theta_down_theta_031_u_014_warm,-9.742594273828711,VP+,4.582280453105422,4.582280453105422,4.5822804529082575
3.6,7.0,VP,3.50053682378401,False,0.6134846994197822,-28.409866061077587,-29.02335076049737,theta_down,small_gap,theta_down_theta_032_u_014_warm,-10.452570341811285,VP+,3.50053682378401,3.50053682378401,3.50053682361974
3.65,7.0,VP,2.392353905955641,False,0.5757372235944764,-28.093535508443413,-28.66927273203789,theta_down,small_gap,theta_down_theta_033_u_014_warm,-11.190564254259728,VP+,2.392353905955641,2.392353905955641,2.3923539058185312
3.7,7.0,VP,1.25772291608369,False,0.5385324389881561,-27.772699473749935,-28.31123191273809,theta_down,small_gap,theta_down_theta_034_u_014_warm,-11.956273604926931,VP+,1.25772291608369,1.25772291608369,1.2577229159690155
3.75,7.0,VP,0.0966479997142357,False,0.5018329062000007,-27.44738472158688,-27.94921762778688,theta_down,small_gap,theta_down_theta_035_u_014_warm,-12.749410443911726,VP+,0.0966479997142357,0.0966479997142357,0.0966479996181597
3.8,7.0,VP,-1.0908553425458365,True,0.4656049535471851,-27.11761733603416,-27.583222289581347,u_D_up,small_gap,u_D_up_theta_036_u_014_warm,-13.5697005535739,VP+,-1.0908553425458365,-1.0908553425458365,-1.0908553426265044
3.85,7.0,VP,-2.3047616125084183,True,0.4298182937278199,-26.783422588547708,-27.213240882275528,theta_up,small_gap,theta_up_theta_037_u_014_warm,-14.416882742763235,VP+,-2.3047616125084183,-2.3047616125084183,-2.3047616125763213
3.9,7.0,VP,-3.5450364943976993,True,0.3944456820671327,-26.44482482849366,-26.83927051056079,theta_down,small_gap,theta_down_theta_038_u_014_warm,-15.29070815398677,VP+,-3.5450364943976993,-3.5450364943976993,-3.5450364944548447
3.95,7.0,VP,-4.811637888055635,True,0.35946261077470965,-26.101847394185864,-26.461310004960573,theta_up,small_gap,theta_up_theta_039_u_014_warm,-16.190939598028972,VP+,-4.811637888055635,-4.811637888055635,-4.81163788810375
4.0,7.0,VP,-6.104516820963827,True,0.32484703460487196,-25.75451254239693,-26.079359577001803,theta_down,small_gap,theta_down_theta_040_u_014_mixed_seed_29,-17.11735090927271,VP+,-6.104516820963827,-6.104516820963827,-6.1045168210046015
2.0,7.5,VP,15.071170233215897,False,0.13417852100874228,-39.564904663205915,-39.69908318421466,theta_up,single_gap,theta_up_theta_000_u_015_mixed_seed_29,23.656735498254317,VP+,15.071170233215897,15.071170233215897,15.071170054986837
2.05,7.5,VP,14.266574774163864,False,0.1473409827894514,-39.18373129167091,-39.33107227446036,u_D_up,single_gap,u_D_up_theta_001_u_015_warm,23.50014546357936,VP+,14.266574774163864,14.266574774163864,14.266574631341058
2.1,7.5,VP,13.379958458943648,False,0.16096983638441031,-38.80489508733087,-38.96586492371528,theta_up,single_gap,theta_up_theta_002_u_015_warm,23.31921014402034,VP+,13.379958458943648,13.379958458943648,13.379958342928424
2.15,7.5,VP,12.394256755399129,False,0.17517498352972893,-38.4281774565504,-38.60335244008013,u_D_up,single_gap,u_D_up_theta_003_u_015_warm,23.11350799740643,VP+,12.394256755399129,12.394256755399129,12.394256659589352
2.2,7.5,VP,11.283746439011315,False,0.19014338308916479,-38.05336850298681,-38.24351188607597,u_D_down,single_gap,u_D_down_theta_004_u_015_warm,22.88265875639413,VP+,11.283746439011315,11.283746439011315,11.283746358166836
2.25,7.5,VP,10.006482016420506,False,0.20617869313188208,-37.68026709814236,-37.88644579127424,theta_down,single_gap,theta_down_theta_005_u_015_warm,22.62632032668853,VP+,10.006482016420506,10.006482016420506,10.006481946076626
2.3,7.5,VP,8.485235922313706,False,0.22378070772958125,-37.30868081284788,-37.53246152057746,u_D_up,single_gap,u_D_up_theta_006_u_015_warm,22.34418561907933,VP+,8.485235922313706,8.485235922313706,8.485235857960184
2.35,7.5,VP,6.54443495162154,False,0.24384035419425487,-36.93842574058839,-37.18226609478265,theta_down,single_gap,theta_down_theta_007_u_015_warm,22.03597938348781,VP+,6.54443495162154,6.54443495162154,6.54443488640478
2.4,7.5,VP,3.546078407340552,False,0.2683507918330008,-36.569326241012654,-36.837677032845654,u_D_up,single_gap,u_D_up_theta_008_u_015_warm,21.681162647297697,VP+,3.546078407340552,3.546078407340552,3.546078315483065
2.45,7.5,VP,6.593572732893364,False,0.314849777146307,-36.201214627992016,-36.51606440513832,u_D_down,single_gap,u_D_down_theta_009_u_015_warm,21.17647023364417,VP+,6.593572732893364,6.593572732893364,6.593572796155918
2.5,7.5,VP,9.85416302330625,False,0.3745253024728541,-35.8339308221789,-36.208456124651754,u_D_down,single_gap,u_D_down_theta_010_u_015_warm,20.640492194022418,VP+,9.85416302330625,9.85416302330625,9.854163057799155
2.55,7.5,VP,12.426213968785092,False,0.43829011748358937,-35.467321983745904,-35.905612101229494,u_D_down,single_gap,u_D_down_theta_011_u_015_warm,20.0733573381988,VP+,12.426213968785092,12.426213968785092,12.426213991226298
2.6,7.5,VP,14.682529818279132,False,0.5039953897381366,-35.1012421371763,-35.605237526914436,theta_up,single_gap,theta_up_theta_012_u_015_warm,19.475214069556888,VP+,14.682529818279132,14.682529818279132,14.682529833918204
2.65,7.5,VP,15.610393711639617,False,0.570379110327508,-34.735551796755466,-35.305930907082974,theta_down,single_gap,theta_down_theta_013_u_015_warm,18.846229444732785,VP+,15.610393711639617,15.610393711639617,15.61039371527212
2.7,7.5,VP,16.19339152391072,False,0.6365884074092918,-34.37011759879692,-35.00670600620621,u_D_down,large_gap,u_D_down_theta_014_u_015_warm,18.186588082772825,VP+,16.19339152391072,16.19339152391072,16.193391526555256
2.75,7.5,VP,16.72977733670865,False,0.7020081332854318,-34.00481194459957,-34.706820077885,u_D_down,large_gap,u_D_down_theta_015_u_015_warm,17.496490964010324,VP+,16.72977733670865,16.72977733670865,16.729777338675905
2.8,7.5,VP,17.229598637152854,False,0.7661787388553876,-33.6395126565923,-34.40569139544769,theta_up,large_gap,theta_up_theta_016_u_015_warm,16.776154121085103,VP+,17.229598637152854,17.229598637152854,17.22959863864069
2.85,7.5,VP,17.187252011826878,False,0.8287501836110565,-33.27410264900539,-34.10285283261645,theta_up,large_gap,theta_up_theta_017_u_015_warm,16.025807271063492,VP+,17.187252011826878,17.187252011826878,17.187252008452113
2.9,7.5,VP,16.446236457388267,False,0.889453316275592,-32.90846961363374,-33.79792292990933,theta_up,large_gap,theta_up_theta_018_u_015_warm,15.24569239885652,VP+,16.446236457388267,16.446236457388267,16.446236454668494
2.95,7.5,VP,15.683652051979724,False,0.9480808091255284,-32.54250572075241,-33.49058652987794,theta_up,large_gap,theta_up_theta_019_u_015_warm,14.436062319170734,VP+,15.683652051979724,15.683652051979724,15.68365204978199
3.0,7.5,VP,14.898558849480494,False,1.0044737844137472,-32.176107334943566,-33.18058111935731,u_D_down,large_gap,u_D_down_theta_020_u_015_warm,13.597179235377936,VP+,14.898558849480494,14.898558849480494,14.898558847699796
3.05,7.5,VP,14.09020487440867,False,1.0585120571869666,-31.809174745448573,-32.86768680263554,theta_up,large_gap,theta_up_theta_021_u_015_warm,12.729313313741816,VP+,14.09020487440867,14.09020487440867,14.090204872962095
3.1,7.5,VP,13.257982538851582,False,1.0407962533792698,-31.510922450406397,-32.55171870378567,theta_down,small_gap,theta_down_theta_022_u_015_warm,-5.235651713461273,VP+,13.257982538851582,13.257982538851582,13.257982537673485
3.1500000000000004,7.5,VP,12.401397632154346,False,0.9909651792691925,-31.24155588156979,-32.232521060838984,theta_down,small_gap,theta_down_theta_023_u_015_warm,-5.684491294768822,VP+,12.401397632154346,12.401397632154346,12.40139763119252
3.2,7.5,VP,11.52004658382813,False,0.9424869836561562,-30.967475554054936,-31.909962537711092,theta_down,small_gap,theta_down_theta_024_u_015_warm,-6.16506926854386,VP+,11.52004658382813,11.52004658382813,11.520046583040983
3.25,7.5,VP,10.613599373717314,False,0.895234458495473,-30.688697978598547,-31.58393243709402,theta_down,small_gap,theta_down_theta_025_u_015_warm,-6.676926846284514,VP+,10.613599373717314,10.613599373717314,10.613599373071551
3.3,7.5,VP,9.681786417861556,False,0.8490951133810363,-30.40524248235406,-31.254337595735095,u_D_up,small_gap,u_D_up_theta_026_u_015_warm,-7.219623225632425,VP+,9.681786417861556,9.681786417861556,9.681786417330557
3.35,7.5,VP,8.724388325315726,False,0.8039691627076593,-30.117130644446675,-30.921099807154334,theta_down,small_gap,theta_down_theta_027_u_015_warm,-7.792735807937616,VP+,8.724388325315726,8.724388325315726,8.724388324878024
3.4000000000000004,7.5,VP,7.741227777967726,False,0.7597678643696568,-29.82438579500852,-30.584153659378178,theta_down,small_gap,theta_down_theta_028_u_015_warm,-8.395860086604507,VP+,7.741227777967726,7.741227777967726,7.741227777606195
3.45,7.5,VP,6.732163009200381,False,0.7164121332203166,-29.527032571244952,-30.24344470446527,theta_down,small_gap,theta_down_theta_029_u_015_warm,-9.028609322045634,VP+,6.732163009200381,6.732163009200381,6.73216300890115
3.5,7.5,VP,5.697082507047277,False,0.6738313721878022,-29.225096524917983,-29.898927897105786,theta_down,small_gap,theta_down_theta_030_u_015_warm,-9.690614064585034,VP+,5.697082507047277,5.697082507047277,5.697082506799031
3.55,7.5,VP,4.635900670471955,False,0.631962477927722,-28.918603776334447,-29.55056625426217,u_D_up,small_gap,u_D_up_theta_031_u_015_warm,-10.38152158584769,VP+,4.635900670471955,4.635900670471955,4.635900670265688
3.6,7.5,VP,3.5485542151465665,False,0.5907489880203798,-28.60758071051062,-29.198329698531,theta_down,small_gap,theta_down_theta_032_u_015_warm,-11.100995255380166,VP+,3.5485542151465665,3.5485542151465665,3.5485542149746756
3.65,7.5,VP,2.434999176512253,False,0.5501403441446548,-28.292053711673557,-28.84219405581821,theta_down,small_gap,theta_down_theta_033_u_015_warm,-11.848713880195206,VP+,2.434999176512253,2.434999176512253,2.434999176368855
3.7,7.5,VP,1.2952083916399817,False,0.510091251196549,-27.97204893266349,-28.48214018386004,u_D_up,small_gap,u_D_up_theta_034_u_015_warm,-12.624371038807798,VP+,1.2952083916399817,1.2952083916399817,1.2952083915200667
3.75,7.5,VP,0.129169369895191,False,0.4705611164883443,-27.647592096137412,-28.118153212625757,theta_down,small_gap,theta_down_theta_035_u_015_warm,-13.42767440926713,VP+,0.129169369895191,0.129169369895191,0.1291693697948304
3.8,7.5,VP,-1.0631175206747017,True,0.43151355634571686,-27.318708324751213,-27.75022188109693,theta_down,small_gap,theta_down_theta_036_u_015_warm,-14.258345100322678,VP+,-1.0631175206747017,-1.0631175206747017,-1.0631175207590218
3.85,7.5,VP,-2.281640608221217,True,0.392915959867171,-26.985421997728483,-27.378337957595654,theta_down,small_gap,theta_down_theta_037_u_015_warm,-15.116116999440091,VP+,-2.281640608221217,-2.281640608221217,-2.2816406082920864
3.9,7.5,VP,-3.5263782595653694,True,0.3547391015302601,-26.64775663141076,-27.00249573294102,theta_down,small_gap,theta_down_theta_038_u_015_warm,-16.000736129713705,VP+,-3.5263782595653694,-3.5263782595653694,-3.5263782596250444
3.95,7.5,VP,-4.79730004779157,True,0.316956795831949,-26.305734781542363,-26.62269157737431,theta_down,small_gap,theta_down_theta_039_u_015_warm,-16.91196002306859,VP+,-4.79730004779157,-4.79730004779157,-4.797300047841908
4.0,7.5,VP,-6.094367775591596,True,0.2795455883522564,-25.959377965174877,-26.238923553527133,theta_down,small_gap,theta_down_theta_040_u_015_mixed_seed_1,-17.849557111786574,VP+,-6.094367775591596,-6.094367775591596,-6.094367775634154
2.0,8.0,VP,16.041437616197413,False,0.11828635727478343,-39.95392508552467,-40.07221144279946,theta_up,single_gap,theta_up_theta_000_u_016_ordered,24.270849141673793,VP+,16.041437616197413,16.041437616197413,16.041437437999562
2.05,8.0,VP,15.297211591270056,False,0.12950163767727219,-39.57084812627529,-39.70034976395256,u_D_up,single_gap,u_D_up_theta_001_u_016_warm,24.11983289950917,VP+,15.297211591270056,15.297211591270056,15.297211449514748
2.1,8.0,VP,14.483942730700017,False,0.14093149057643473,-39.19021227494503,-39.33114376552147,theta_down,single_gap,theta_down_theta_002_u_016_warm,23.94480117887245,VP+,14.483942730700017,14.483942730700017,14.483942616651769
2.15,8.0,VP,13.590022198061604,False,0.1526223500230799,-38.811801160058245,-38.964423510081325,theta_up,single_gap,theta_up_theta_003_u_016_warm,23.745300929470737,VP+,13.590022198061604,13.590022198061604,13.59002210509965
2.2,8.0,VP,12.598988545150178,False,0.1646717973746732,-38.43540652172861,-38.60007831910328,theta_up,single_gap,theta_up_theta_004_u_016_warm,23.520922259945586,VP+,12.598988545150178,12.598988545150178,12.598988468166638
2.25,8.0,VP,11.48624189933784,False,0.1772490134656195,-38.06082829946067,-38.238077312926286,u_D_down,single_gap,u_D_down_theta_005_u_016_warm,23.27129502997275,VP+,11.48624189933784,11.48624189933784,11.48624183426633
2.3,8.0,VP,10.21215478474663,False,0.1906302847464474,-37.68787459633498,-37.878504881081426,theta_down,single_gap,theta_down_theta_006_u_016_warm,22.975012909176872,VP+,10.21215478474663,10.21215478474663,10.21215472812797
2.35,8.0,VP,8.705173550025478,False,0.20526876443586417,-37.31636154370128,-37.52163030813714,theta_down,single_gap,theta_down_theta_007_u_016_warm,22.530403194788605,VP+,8.705173550025478,8.705173550025478,8.705173498422326
2.4,8.0,VP,6.808600645164262,False,0.22195989342972666,-36.94611308997187,-37.16807298340159,u_D_up,single_gap,u_D_up_theta_008_u_016_warm,22.054237471609905,VP+,6.808600645164262,6.808600645164262,6.808600593647071
2.45,8.0,VP,4.010340620828998,False,0.2423965725257773,-36.57696073470707,-36.81935730723285,theta_up,single_gap,theta_up_theta_009_u_016_warm,21.54658747047682,VP+,4.010340620828998,4.010340620828998,4.010340553777475
2.5,8.0,VP,5.980188779103173,False,0.280669969116758,-36.2087432259336,-36.48941319505036,theta_down,single_gap,theta_down_theta_010_u_016_warm,21.007549495824307,VP+,5.980188779103173,5.980188779103173,5.9801888358435775
2.55,8.0,VP,9.430147986263904,False,0.33396944378182525,-35.84130623520153,-36.175275678983354,theta_down,single_gap,theta_down_theta_011_u_016_warm,20.437243313381387,VP+,9.430147986263904,9.430147986263904,9.43014801603583
2.6,8.0,VP,12.0854087612028,False,0.3915068698744264,-35.47450202164695,-35.866008891521375,u_D_down,single_gap,u_D_down_theta_012_u_016_warm,19.835810946718027,VP+,12.0854087612028,12.0854087612028,12.085408780399554
2.65,8.0,VP,14.394088107211733,False,0.45103174600416196,-35.108189093477456,-35.55922083948162,u_D_down,single_gap,u_D_down_theta_013_u_016_warm,19.20341538024607,VP+,14.394088107211733,14.394088107211733,14.394088120558727
2.7,8.0,VP,15.499372524376582,False,0.5112611468554533,-34.74223187292538,-35.253493019780834,u_D_down,single_gap,u_D_down_theta_014_u_016_warm,18.540239176517694,VP+,15.499372524376582,15.499372524376582,15.499372527459052
2.75,8.0,VP,16.083078791029745,False,0.5713383778662333,-34.37650036881488,-34.947838746681114,u_D_down,large_gap,u_D_down_theta_015_u_016_warm,17.84648301799138,VP+,16.083078791029745,16.083078791029745,16.083078793273582
2.8,8.0,VP,16.618237588556177,False,0.6306493132246871,-34.01086985942019,-34.64151917264488,theta_up,large_gap,theta_up_theta_016_u_016_warm,17.122364191183717,VP+,16.618237588556177,16.618237588556177,16.618237590226286
2.85,8.0,VP,17.115569766438444,False,0.6887368465481956,-33.645220587212556,-34.33395743376075,u_D_down,large_gap,u_D_down_theta_017_u_016_warm,16.368115030032698,VP+,17.115569766438444,17.115569766438444,17.115569767702937
2.9,8.0,VP,16.62983271893944,False,0.7452536764476463,-33.279437466312714,-34.02469114276036,theta_up,large_gap,theta_up_theta_018_u_016_warm,15.583981335447112,VP+,16.62983271893944,16.62983271893944,16.629832716082056
2.95,8.0,VP,15.854415565274678,False,0.7999333039160206,-32.913409802948934,-33.713343106864954,u_D_down,large_gap,u_D_down_theta_019_u_016_warm,14.770220790248992,VP+,15.854415565274678,15.854415565274678,15.854415562967006
3.0,8.0,VP,15.05762902750573,False,0.8525708503756704,-32.54703102889215,-33.39960187926782,u_D_down,large_gap,u_D_down_theta_020_u_016_warm,13.927101383989855,VP+,15.05762902750573,15.05762902750573,15.057629025636944
3.05,8.0,VP,14.238534772304083,False,0.9030096677187416,-32.18019844766326,-33.083208115382,u_D_down,large_gap,u_D_down_theta_021_u_016_warm,13.054899864634656,VP+,14.238534772304083,14.238534772304083,14.238534770786828
3.1,8.0,VP,13.396382930421373,False,0.9511316003752412,-31.81281299323753,-32.76394459361277,theta_up,large_gap,theta_up_theta_022_u_016_warm,12.153900228792208,VP+,13.396382930421373,13.396382930421373,13.396382929186275
3.1500000000000004,8.0,VP,12.530567800602809,False,0.9968496723130897,-31.444779000971195,-32.441628673284285,theta_up,large_gap,theta_up_theta_023_u_016_warm,11.224392264341017,VP+,12.530567800602809,12.530567800602809,12.530567799594948
3.2,8.0,VP,11.640596529279495,False,0.945061422146722,-31.1710450201857,-32.11610644233242,theta_down,small_gap,theta_down_theta_024_u_016_warm,-6.746031431291138,VP+,11.640596529279495,11.640596529279495,11.64059652845498
3.25,8.0,VP,10.72606626607512,False,0.8944229668700139,-30.892825110277627,-31.78724807714764,u_D_up,small_gap,u_D_up_theta_025_u_016_warm,-7.265738320558745,VP+,10.72606626607512,10.72606626607512,10.726066265398952
3.3,8.0,VP,9.786647068343711,False,0.8449747643775929,-30.609969332660437,-31.45494409703803,u_D_up,small_gap,u_D_up_theta_026_u_016_warm,-7.816517617110241,VP+,9.786647068343711,9.786647068343711,9.786647067787996
3.35,8.0,VP,8.82206882759969,False,0.7966054321880485,-30.322496862936312,-31.11910229512436,theta_down,small_gap,theta_down_theta_027_u_016_warm,-8.397946944712686,VP+,8.82206882759969,8.82206882759969,8.822068827141969
3.4000000000000004,8.0,VP,7.83211108979857,False,0.7492163183277469,-30.03042887319041,-30.779645191518156,theta_down,small_gap,theta_down_theta_028_u_016_warm,-9.00962098334998,VP+,7.83211108979857,7.83211108979857,7.832111089420497
3.45,8.0,VP,6.816595002786592,False,0.7027198373505819,-29.733788059881995,-30.436507897232577,u_D_up,small_gap,u_D_up_theta_029_u_016_warm,-9.65115129285592,VP+,6.816595002786592,6.816595002786592,6.816595002473786
3.5,8.0,VP,5.77537686234923,False,0.657038080655358,-29.43259822575267,-30.08963630640803,u_D_up,small_gap,u_D_up_theta_030_u_016_warm,-10.322165963971162,VP+,5.77537686234923,5.77537686234923,5.775376862089882
3.55,8.0,VP,4.708342878047631,False,0.6121016441395177,-29.12688391068474,-29.738985554824257,theta_down,small_gap,theta_down_theta_031_u_016_warm,-11.02230915682378,VP+,4.708342878047631,4.708342878047631,4.708342877832035
3.6,8.0,VP,3.6154048856295127,False,0.5678486302059262,-28.816670067026127,-29.384518697232053,theta_down,small_gap,theta_down_theta_032_u_016_warm,-11.751240568122086,VP+,3.6154048856295127,3.6154048856295127,3.615404885449937
3.65,8.0,VP,2.4964968020395872,False,0.524223791244868,-28.5019817753793,-29.026205566624167,theta_down,small_gap,theta_down_theta_033_u_016_warm,-12.508634859843555,VP+,2.4964968020395872,2.4964968020395872,2.4964968018402907
3.7,8.0,VP,1.351571671184754,False,0.48117778912279263,-28.18284399725613,-28.66402178637892,theta_down,small_gap,theta_down_theta_034_u_016_warm,-13.29418105997332,VP+,1.351571671184754,1.351571671184754,1.3515716710595562
3.75,8.0,VP,0.1805991834803002,False,0.43866655072305605,-27.859281361336382,-28.29794791205944,u_D_up,small_gap,u_D_up_theta_035_u_016_warm,-14.107581957458454,VP+,0.1805991834803002,0.1805991834803002,0.1805991833755094
3.8,8.0,VP,-1.0164364230036362,True,0.3966507037365261,-27.531317980353137,-27.927968684089663,u_D_up,small_gap,u_D_up_theta_036_u_016_warm,-14.948553496478604,VP+,-1.0164364230036362,-1.0164364230036362,-1.0164364230916192
3.85,8.0,VP,-2.239538149156431,True,0.3550950800573389,-27.19897729586999,-27.55407237592733,u_D_up,small_gap,u_D_up_theta_037_u_016_warm,-15.816824173665749,VP+,-2.239538149156431,-2.239538149156431,-2.239538149230384
3.9,8.0,VP,-3.4886977680793017,True,0.313968276581722,-26.86228194841599,-27.176250224997712,u_D_up,small_gap,u_D_up_theta_038_u_016_warm,-16.712134445800867,VP+,-3.4886977680793017,-3.4886977680793017,-3.488697768141648
3.95,8.0,VP,-4.763897148939506,True,0.27324226510550886,-26.5212536706188,-26.79449593572431,theta_down,small_gap,theta_down_theta_039_u_016_warm,-17.634236148425455,VP+,-4.763897148939506,-4.763897148939506,-4.763897148992079
4.0,8.0,VP,-6.065109409492376,True,0.23289204451142353,-26.17591320112079,-26.408805245632212,theta_down,small_gap,theta_down_theta_040_u_016_ordered,-18.58289192298994,VP+,-6.065109409492376,-6.065109409492376,-6.065109409536792
2.0,8.5,VP,16.954619570657627,False,0.10416491076793477,-40.34705172334292,-40.45121663411086,theta_up,single_gap,theta_up_theta_000_u_017_ordered,24.874285109316165,VP+,16.954619570657627,16.954619570657627,16.95461939163753
2.05,8.5,VP,16.260590153360624,False,0.11370025467694944,-39.96214992279619,-40.07585017747314,u_D_up,single_gap,u_D_up_theta_001_u_017_warm,24.729036702745233,VP+,16.260590153360624,16.260590153360624,16.26059001174309
2.1,8.5,VP,15.506753648072632,False,0.1232544696366844,-39.57978830903253,-39.703042778669214,u_D_up,single_gap,u_D_up_theta_002_u_017_warm,24.560092090026497,VP+,15.506753648072632,15.506753648072632,15.506753534935669
2.15,8.5,VP,14.68478432392262,False,0.13283006531926844,-39.199752348259175,-39.33258241357844,theta_down,single_gap,theta_down_theta_003_u_017_warm,24.366968183092396,VP+,14.68478432392262,14.68478432392262,14.684784232547486
2.2,8.5,VP,13.783375464522791,False,0.14246590221902267,-38.821835144948295,-38.96430104716732,theta_up,single_gap,theta_up_theta_004_u_017_warm,24.144226477471783,VP+,13.783375464522791,13.783375464522791,13.7833753897902
2.25,8.5,VP,12.786591164287586,False,0.1522490953750122,-38.4458375304267,-38.59808662580171,u_D_down,single_gap,u_D_down_theta_005_u_017_warm,23.760476808440757,VP+,12.786591164287586,12.786591164287586,12.786591102229714
2.3,8.5,VP,11.670798977683296,False,0.1623336812091054,-38.07156804429553,-38.23390172550464,theta_down,single_gap,theta_down_theta_006_u_017_warm,23.345066505170884,VP+,11.670798977683296,11.670798977683296,11.67079892513066
2.35,8.5,VP,10.398337225429836,False,0.17297266729442384,-37.69884282656179,-37.87181549385621,u_D_down,single_gap,u_D_down_theta_007_u_017_warm,22.897990828689924,VP+,10.398337225429836,10.398337225429836,10.398337179688305
2.4,8.5,VP,8.902346878242959,False,0.18457992554497338,-37.32748543952706,-37.51206536507203,u_D_down,single_gap,u_D_down_theta_008_u_017_warm,22.41927660639195,VP+,8.902346878242959,8.902346878242959,8.902346836668684
2.45,8.5,VP,7.040997060362969,False,0.19787264004397542,-36.957326637445625,-37.1551992774896,theta_up,single_gap,theta_up_theta_009_u_017_warm,21.90898047011947,VP+,7.040997060362969,7.040997060362969,7.040997019338349
2.5,8.5,VP,4.387535511210288,False,0.21431833286737856,-36.58820409977463,-36.80252243264201,theta_down,single_gap,theta_down_theta_010_u_017_warm,21.3671871886676,VP+,4.387535511210288,4.387535511210288,4.3875354608022406
2.55,8.5,VP,5.362793827427623,False,0.24504017872791195,-36.21996214117541,-36.46500231990332,u_D_up,single_gap,u_D_up_theta_011_u_017_warm,20.79400803642621,VP+,5.362793827427623,5.362793827427623,5.362793878398712
2.6,8.5,VP,9.013852718853506,False,0.2920204331192977,-35.85245140874029,-36.14447184185959,theta_up,single_gap,theta_up_theta_012_u_017_warm,20.189579160121657,VP+,9.013852718853506,9.013852718853506,9.013852744557973
2.65,8.5,VP,11.752704492244966,False,0.34336860474429187,-35.48552857445346,-35.82889717919775,theta_down,single_gap,theta_down_theta_013_u_017_warm,19.554059924556764,VP+,11.752704492244966,11.752704492244966,11.75270450866487
2.7,8.5,VP,14.112910453196662,False,0.3967333184645696,-35.11905602876256,-35.51578934722713,theta_down,single_gap,theta_down_theta_014_u_017_warm,18.88763123099987,VP+,14.112910453196662,14.112910453196662,14.112910464586207
2.75,8.5,VP,15.391487230959676,False,0.45081501342937,-34.75290157940617,-35.20371659283554,theta_up,single_gap,theta_up_theta_015_u_017_warm,18.19049380576681,VP+,15.391487230959676,15.391487230959676,15.391487233579165
2.8,8.5,VP,15.976189429003927,False,0.5047565744844817,-34.38693815826269,-34.89169473274717,u_D_down,large_gap,u_D_down_theta_016_u_017_warm,17.462866468577033,VP+,15.976189429003927,15.976189429003927,15.976189430910608
2.85,8.5,VP,16.510436453107634,False,0.5579474832324252,-34.02104353795971,-34.57899102119214,theta_up,large_gap,theta_up_theta_017_u_017_warm,16.70498438842435,VP+,16.510436453107634,16.510436453107634,16.510436454527788
2.9,8.5,VP,16.83400326051391,False,0.6099350897387197,-33.65510005922825,-34.26503514896697,u_D_down,large_gap,u_D_down_theta_018_u_017_warm,15.917097339448947,VP+,16.83400326051391,16.83400326051391,16.834003257516315
2.95,8.5,VP,16.04491865983246,False,0.66037644059314,-33.28899436946683,-33.94937081005997,theta_up,large_gap,theta_up_theta_019_u_017_warm,15.09946796915468,VP+,16.04491865983246,16.04491865983246,16.044918657413064
3.0,8.5,VP,15.235826801900572,False,0.70900899864791,-32.922617172641445,-33.631626171289355,theta_up,large_gap,theta_up_theta_020_u_017_warm,14.252370092930224,VP+,15.235826801900572,15.235826801900572,15.235826799942563
3.05,8.5,VP,14.40553750937632,False,0.7556314135351627,-32.555862990451196,-33.31149440398636,u_D_down,large_gap,u_D_down_theta_021_u_017_warm,13.376087026306294,VP+,14.40553750937632,14.40553750937632,14.405537507787407
3.1,8.5,VP,13.55311578546536,False,0.8000901622013288,-32.18862993459587,-32.9887200967972,theta_up,large_gap,theta_up_theta_022_u_017_warm,12.470909966882946,VP+,13.55311578546536,13.55311578546536,13.55311578417264
3.1500000000000004,8.5,VP,12.677815322366625,False,0.8422698637044448,-31.82081948996501,-32.663089353669456,u_D_down,large_gap,u_D_down_theta_023_u_017_warm,11.537136436373768,VP+,12.677815322366625,12.677815322366625,12.677815321312083
3.2,8.5,VP,11.779033563310032,False,0.882086020250064,-31.452336308601836,-32.3344223288519,u_D_down,large_gap,u_D_down_theta_024_u_017_warm,10.575068790606007,VP+,11.779033563310032,11.779033563310032,11.779033562447864
3.25,8.5,VP,10.856280119173956,False,0.894825778140536,-31.107741666129712,-32.00256744427025,u_D_up,small_gap,u_D_up_theta_025_u_017_warm,-7.85524540018451,VP+,10.856280119173956,10.856280119173956,10.856280118467163
3.3,8.5,VP,9.909153848563683,False,0.8418839803816205,-30.82551282946847,-31.66739680985009,theta_down,small_gap,theta_down_theta_026_u_017_warm,-8.414063060683244,VP+,9.909153848563683,9.909153848563683,9.909153847982935
3.35,8.5,VP,8.937325776848795,False,0.7900946783931353,-30.53870785118194,-31.328802529575075,theta_down,small_gap,theta_down_theta_027_u_017_warm,-9.003759505372127,VP+,8.937325776848795,8.937325776848795,8.937325776370532
3.4000000000000004,8.5,VP,7.940526081390907,False,0.7393480220861477,-30.247345654097572,-30.98669367618372,u_D_up,small_gap,u_D_up_theta_028_u_017_warm,-9.623928084566009,VP+,7.940526081390907,7.940526081390907,7.940526080996179
3.45,8.5,VP,6.918533984851887,False,0.6895468702677228,-29.951446911334862,-30.640993781602585,u_D_up,small_gap,u_D_up_theta_029_u_017_warm,-10.274178120370683,VP+,6.918533984851887,6.918533984851887,6.918533984525485
3.5,8.5,VP,5.871169781310371,False,0.6406051310449605,-29.65103360170767,-30.29163873275263,u_D_up,small_gap,u_D_up_theta_030_u_017_warm,-10.954134694173169,VP+,5.871169781310371,5.871169781310371,5.871169781039669
3.55,8.5,VP,4.798288456960034,False,0.5924463747920825,-29.34612861653923,-29.93857499133131,theta_down,small_gap,theta_down_theta_031_u_017_warm,-11.663438303201136,VP+,4.798288456960034,4.798288456960034,4.798288456735257
3.6,8.5,VP,3.69977452440968,False,0.5450026631058194,-29.036755413282165,-29.581758076387985,u_D_up,small_gap,u_D_up_theta_032_u_017_warm,-12.401744427449913,VP+,3.69977452440968,3.69977452440968,3.6997745242225335
3.65,8.5,VP,2.5755377966545296,False,0.4982135510998482,-28.72293771180364,-29.22115126290349,u_D_up,small_gap,u_D_up_theta_033_u_017_warm,-13.16872304525101,VP+,2.5755377966545296,2.5755377966545296,2.575537796498377
3.7,8.5,VP,1.4255098963864334,False,0.4520252304311434,-28.40469922958984,-28.856724460020985,u_D_up,small_gap,u_D_up_theta_034_u_017_warm,-13.96405811049676,VP+,1.4255098963864334,1.4255098963864334,1.4255098962559885
3.75,8.5,VP,0.2496413489904654,False,0.4063897878157796,-28.08206345245271,-28.48845324026849,u_D_up,small_gap,u_D_up_theta_035_u_017_warm,-14.787447016606276,VP+,0.2496413489904654,0.2496413489904654,0.2496413488812123
3.8,8.5,VP,-0.9521008583239094,True,0.3612645592638657,-27.755053437601703,-28.11631799686557,u_D_up,small_gap,u_D_up_theta_036_u_017_warm,-15.638600050798354,VP+,-0.9521008583239094,-0.9521008583239094,-0.9521008584155446
3.85,8.5,VP,-2.17973533999551,True,0.31661156437163385,-27.423691646189383,-27.740303210561017,u_D_up,small_gap,u_D_up_theta_037_u_017_warm,-16.517239849364174,VP+,-2.17973533999551,-2.17973533999551,-2.1797353400725292
3.9,8.5,VP,-3.433268070033023,True,0.27239700814033085,-27.087999802653176,-27.360396810793507,theta_down,small_gap,theta_down_theta_038_u_017_warm,-17.4231008547514,VP+,-3.433268070033023,-3.433268070033023,-3.433268070097927
3.95,8.5,VP,-4.712693890110778,True,0.228590840201484,-26.747998778358347,-26.97658961855983,u_D_up,small_gap,u_D_up_theta_039_u_017_warm,-18.35592877775749,VP+,-4.712693890110778,-4.712693890110778,-4.712693890165532
4.0,8.5,VP,-6.017997813028238,True,0.18516636320131852,-26.403708497216044,-26.588874860417363,u_D_up,small_gap,u_D_up_theta_040_u_017_warm,-19.31548007205702,VP+,-6.017997813028238,-6.017997813028238,-6.017997813074508
2.0,9.0,VP,17.81938993565302,False,0.09155241033577965,-40.74400073716373,-40.83555314749951,theta_up,single_gap,theta_up_theta_000_u_018_mixed_seed_1,25.466943388503942,VP+,17.81938993565302,17.81938993565302,17.819389755191494
2.05,9.0,VP,17.16813968789939,False,0.09962083743558736,-40.35734794706829,-40.45696878450388,theta_down,single_gap,theta_down_theta_001_u_018_warm,25.32763439924628,VP+,17.16813968789939,17.16813968789939,17.16813954576763
2.1,9.0,VP,16.463941165472953,False,0.10755247108006216,-39.97333010901616,-40.08088258009622,u_D_up,single_gap,u_D_up_theta_002_u_018_warm,25.164939739502937,VP+,16.463941165472953,16.463941165472953,16.463941052536093
2.15,9.0,VP,15.70058505814282,False,0.11531798278851113,-39.59173416676819,-39.7070521495567,u_D_up,single_gap,u_D_up_theta_003_u_018_warm,24.86329188763271,VP+,15.70058505814282,15.70058505814282,15.700584967547536
2.2,9.0,VP,14.869903686835542,False,0.12291518542528479,-39.212354323637456,-39.33526950906274,theta_down,single_gap,theta_down_theta_004_u_018_warm,24.509148934519985,VP+,14.869903686835542,14.869903686835542,14.869903613392708
2.25,9.0,VP,13.960856774124586,False,0.1303766466500349,-38.834992120245424,-38.96536876689546,theta_down,single_gap,theta_down_theta_005_u_018_warm,24.123366116918792,VP+,13.960856774124586,13.960856774124586,13.96085671386011
2.3,9.0,VP,12.957967335458726,False,0.1377806800245125,-38.45945642154383,-38.59723710156834,u_D_up,single_gap,u_D_up_theta_006_u_018_warm,23.705875812216956,VP+,12.957967335458726,12.957967335458726,12.957967285278158
2.35,9.0,VP,11.838439547958693,False,0.14526847933603193,-38.08556332542248,-38.23083180475851,u_D_down,single_gap,u_D_down_theta_007_u_018_warm,23.256649614066365,VP+,11.838439547958693,11.838439547958693,11.838439505381764
2.4,9.0,VP,10.566290141650375,False,0.15307325288207352,-37.71313600775121,-37.86620926063328,u_D_down,single_gap,u_D_down_theta_008_u_018_warm,22.77569553492149,VP+,10.566290141650375,10.566290141650375,10.566290104568267
2.45,9.0,VP,9.078587044671082,False,0.16157563744476278,-37.34200451882854,-37.5035801562733,theta_down,single_gap,theta_down_theta_009_u_018_warm,22.263055525745933,VP+,9.078587044671082,9.078587044671082,9.078587011034962
2.5,9.0,VP,7.245442527404165,False,0.17142795429447943,-36.9720055449363,-37.14343349923078,u_D_up,single_gap,u_D_up_theta_010_u_018_warm,21.718803203865825,VP+,7.245442527404165,7.245442527404165,7.245442494515316
2.55,9.0,VP,4.701284121097629,False,0.1839229397148614,-36.60298214674911,-36.786905086463975,u_D_down,single_gap,u_D_down_theta_011_u_018_warm,21.14304171234612,VP+,4.701284121097629,4.701284121097629,4.701284082345545
2.6,9.0,VP,4.74725186670176,False,0.20768612663028563,-36.23478348418009,-36.44246961081038,u_D_down,single_gap,u_D_down_theta_012_u_018_warm,20.535901659819892,VP+,4.74725186670176,4.74725186670176,4.7472519123527945
2.65,9.0,VP,8.60667283128069,False,0.24841207581166458,-35.86726453514407,-36.11567661095574,u_D_down,single_gap,u_D_down_theta_013_u_018_warm,19.89753910810464,VP+,8.60667283128069,8.60667283128069,8.606672853473988
2.7,9.0,VP,11.429009161490235,False,0.2936154413997514,-35.500285813846354,-35.793901255246105,u_D_up,single_gap,u_D_up_theta_014_u_018_warm,19.22813358574703,VP+,11.429009161490235,11.429009161490235,11.429009175533636
2.75,9.0,VP,13.839740547898714,False,0.34084796305549503,-35.13371309262427,-35.474561055679764,u_D_up,single_gap,u_D_up_theta_015_u_018_warm,18.52788612049978,VP+,13.839740547898714,13.839740547898714,13.839740557617006
2.8,9.0,VP,15.286484828374656,False,0.3887976865748044,-34.76741713010405,-35.156214816678855,theta_up,single_gap,theta_up_theta_016_u_018_warm,17.79701728527937,VP+,15.286484828374656,15.286484828374656,15.28648483060363
2.85,9.0,VP,15.872429121275571,False,0.4366102095255613,-34.4012734074595,-34.83788361698506,u_D_down,large_gap,u_D_down_theta_017_u_018_warm,17.03576526292202,VP+,15.872429121275571,15.872429121275571,15.872429122898073
2.9,9.0,VP,16.406050421609926,False,0.48368093264009815,-34.035161873848125,-34.51884280648822,u_D_down,large_gap,u_D_down_theta_018_u_018_warm,16.244383934722197,VP+,16.406050421609926,16.406050421609926,16.406050422819362
2.95,9.0,VP,16.254485396641996,False,0.5295634356912657,-33.668966701591394,-34.19853013728266,u_D_down,large_gap,u_D_down_theta_019_u_018_warm,15.423141000799518,VP+,16.254485396641996,16.254485396641996,16.25448539410896
3.0,9.0,VP,15.432278585062448,False,0.5739205194475474,-33.30257605133459,-33.87649657078214,theta_up,large_gap,theta_up_theta_020_u_018_warm,14.572316143217272,VP+,15.432278585062448,15.432278585062448,15.43227858301372
3.05,9.0,VP,14.590207164648358,False,0.6164947499368765,-32.93588184720953,-33.552376597146406,u_D_down,large_gap,u_D_down_theta_021_u_018_warm,13.692199240246447,VP+,14.590207164648358,14.590207164648358,14.590207162986855
3.1,9.0,VP,13.727084625019277,False,0.6570892452104502,-32.568779561918326,-33.225868807128776,u_D_down,large_gap,u_D_down_theta_022_u_018_warm,12.783088642701763,VP+,13.727084625019277,13.727084625019277,13.72708462366822
3.1500000000000004,9.0,VP,12.841980875927394,False,0.6955543884756423,-32.20116801161415,-32.89672240008979,u_D_down,large_gap,u_D_down_theta_023_u_018_warm,11.845289519409388,VP+,12.841980875927394,12.841980875927394,12.841980874825854
3.2,9.0,VP,11.934154469060696,False,0.7317782249594806,-31.832949160478467,-32.56472738543795,theta_up,large_gap,theta_up_theta_024_u_018_warm,10.879112280306266,VP+,11.934154469060696,11.934154469060696,11.934154468160424
3.25,9.0,VP,11.003007100037404,False,0.7656792784497739,-31.464027934938876,-32.22970721338865,u_D_down,large_gap,u_D_down_theta_025_u_018_warm,9.88487108168632,VP+,11.003007100037404,11.003007100037404,11.003007099299731
3.3,9.0,VP,10.048051813221296,False,0.797201028371056,-31.09431204753991,-31.891513075910964,u_D_down,large_gap,u_D_down_theta_026_u_018_warm,8.862882420501624,VP+,10.048051813221296,10.048051813221296,10.048051812615505
3.35,9.0,VP,9.068890039647354,False,0.7846253963920979,-30.76539400184555,-31.550019398237648,theta_down,small_gap,theta_down_theta_027_u_018_warm,-9.609000249054688,VP+,9.068890039647354,9.068890039647354,9.068890039148664
3.4000000000000004,9.0,VP,8.065194553914566,False,0.7303560226844041,-30.474764182356985,-31.20512020504139,theta_down,small_gap,theta_down_theta_028_u_018_warm,-10.237567627447817,VP+,8.065194553914566,8.065194553914566,8.06519455350302
3.45,9.0,VP,7.036696531635027,False,0.6770915138488114,-30.17963463203242,-30.856726145881233,u_D_up,small_gap,u_D_up_theta_029_u_018_warm,-10.896436020792654,VP+,7.036696531635027,7.036696531635027,7.036696531294812
3.5,9.0,VP,5.98317552893046,False,0.6247365937434388,-29.880025434930253,-30.504762028673692,u_D_up,small_gap,u_D_up_theta_030_u_018_warm,-11.58522702493728,VP+,5.98317552893046,5.98317552893046,5.98317552864847
3.55,9.0,VP,4.904451594566943,False,0.5732069826758881,-29.57595776959445,-30.149164752270337,theta_down,small_gap,theta_down_theta_031_u_018_warm,-12.303576977092352,VP+,4.904451594566943,4.904451594566943,4.904451594332773
3.6,9.0,VP,3.8003789713316394,False,0.522428017813489,-29.26745354013868,-29.789881557952167,u_D_up,small_gap,u_D_up_theta_032_u_018_warm,-13.051136634317167,VP+,3.8003789713316394,3.8003789713316394,3.8003789711367766
3.65,9.0,VP,2.670841004934367,False,0.4723334873945255,-28.95453505223493,-29.426868539629456,u_D_up,small_gap,u_D_up_theta_033_u_018_warm,-13.82757078416841,VP+,2.670841004934367,2.670841004934367,2.6708410047718836
3.7,9.0,VP,1.5157459836667222,False,0.4228646365813482,-28.637224730144695,-29.060089366726043,u_D_up,small_gap,u_D_up_theta_034_u_018_warm,-14.632557804511714,VP+,1.5157459836667222,1.5157459836667222,1.5157459835309872
3.75,9.0,VP,0.3350237051732456,False,0.37396931275926804,-28.3155448712382,-28.689514183997467,theta_down,small_gap,theta_down_theta_035_u_018_warm,-15.465789200745832,VP+,0.3350237051732456,0.3350237051732456,0.3350237050594664
3.8,9.0,VP,-0.8713773804175382,True,0.3256012253663094,-27.98951743471635,-28.31511866008266,theta_down,small_gap,theta_down_theta_036_u_018_warm,-16.326969124819975,VP+,-0.8713773804175382,-0.8713773804175382,-0.8713773805128291
3.85,9.0,VP,-2.1034925679037215,True,0.2777193007517802,-27.659163861483773,-27.936883162235553,theta_down,small_gap,theta_down_theta_037_u_018_warm,-17.21581388938192,VP+,-2.1034925679037215,-2.1034925679037215,-2.1034925679838956
3.9,9.0,VP,-3.3613429235169576,True,0.23028711661552492,-27.324504922335898,-27.554792038951422,theta_down,small_gap,theta_down_theta_038_u_018_warm,-18.132051477272658,VP+,-3.3613429235169576,-3.3613429235169576,-3.361342923584427
3.95,9.0,VP,-4.644937011724888,True,0.1832724036617357,-26.98556059181718,-27.168832995478915,theta_down,small_gap,theta_down_theta_039_u_018_warm,-19.07542105220702,VP+,-4.644937011724888,-4.644937011724888,-4.644937011781732
4.0,9.0,VP,-5.9542723763126375,True,0.13664660447836496,-26.642349945284064,-26.77899654976243,theta_down,small_gap,theta_down_theta_040_u_018_mixed_seed_13,-20.04567247279662,VP+,-5.9542723763126375,-5.9542723763126375,-5.954272376360684
2.0,9.5,VP,18.642223880103508,False,0.08023969606227865,-41.14451865278724,-41.22475834884952,u_D_down,single_gap,u_D_down_theta_000_u_019_warm,26.048763829171808,VP+,18.642223880103508,18.642223880103508,18.642223697734885
2.05,9.5,VP,18.02815630425407,False,0.08701436622959591,-40.75618416503807,-40.84319853126767,u_D_up,single_gap,u_D_up_theta_001_u_019_warm,25.83695633686188,VP+,18.02815630425407,18.02815630425407,18.028156161131943
2.1,9.5,VP,17.366404965997866,False,0.09352613972354362,-40.370575543483056,-40.4641016832066,theta_down,single_gap,theta_down_theta_002_u_019_warm,25.543955905566687,VP+,17.366404965997866,17.366404965997866,17.366404852758315
2.15,9.5,VP,16.652198002234258,False,0.09972181373728972,-39.98748087742192,-40.08720269115921,u_D_down,single_gap,u_D_down_theta_003_u_019_warm,25.219636294215125,VP+,16.652198002234258,16.652198002234258,16.652197911870026
2.2,9.5,VP,15.87940912133874,False,0.10556919587566682,-39.60669521564952,-39.71226441152519,theta_down,single_gap,theta_down_theta_004_u_019_warm,24.86379826202432,VP+,15.87940912133874,15.87940912133874,15.879409048563396
2.25,9.5,VP,15.040011175239728,False,0.11106238156125414,-39.228020625608515,-39.33908300716977,u_D_up,single_gap,u_D_up_theta_005_u_019_warm,24.47629640799097,VP+,15.040011175239728,15.040011175239728,15.040011116029504
2.3,9.5,VP,14.123198271465675,False,0.11622882714333116,-38.8512661775669,-38.96749500471023,theta_up,single_gap,theta_up_theta_006_u_019_warm,24.05703423380368,VP+,14.123198271465675,14.123198271465675,14.123198222723666
2.35,9.5,VP,13.113894141615988,False,0.12113954333170796,-38.47624786130913,-38.59738740464084,theta_up,single_gap,theta_up_theta_007_u_019_warm,23.605959992094505,VP+,13.113894141615988,13.113894141615988,13.113894100919794
2.4,9.5,VP,11.990027969702815,False,0.1259249061922887,-38.102788446425656,-38.228713352617945,theta_up,single_gap,theta_up_theta_008_u_019_warm,23.123063113581157,VP+,11.990027969702815,11.990027969702815,11.990027935103951
2.45,9.5,VP,10.717056123624786,False,0.1308013131216157,-37.73071729835025,-37.861518611471865,theta_down,single_gap,theta_down_theta_009_u_019_warm,22.608371054986563,VP+,10.717056123624786,10.717056123624786,10.71705609346536
2.5,9.5,VP,9.235358969718291,False,0.13612120454693866,-37.35987016180347,-37.49599136635041,u_D_down,single_gap,u_D_down_theta_010_u_019_warm,22.061946450453167,VP+,9.235358969718291,9.235358969718291,9.235358942399657
2.55,9.5,VP,7.424795690152557,False,0.14248268114161533,-36.99008892197042,-37.132571603112034,theta_down,single_gap,theta_down_theta_011_u_019_warm,21.48388447730802,VP+,7.424795690152557,7.424795690152557,7.424795663634214
2.6,9.5,VP,4.965472555088425,False,0.1510396606168598,-36.62122135205221,-36.77226101266907,theta_down,single_gap,theta_down_theta_012_u_019_warm,20.87431037609759,VP+,4.965472555088425,4.965472555088425,4.965472524817471
2.65,9.5,VP,4.144430786483852,False,0.16835362673133858,-36.253120854084045,-36.421474480815384,theta_down,single_gap,theta_down_theta_013_u_019_warm,20.233377077394824,VP+,4.144430786483852,4.144430786483852,4.1444308269649
2.7,9.5,VP,8.210441394602103,False,0.20289983153796953,-35.88564619829013,-36.0885460298281,u_D_down,single_gap,u_D_down_theta_014_u_019_warm,19.56126290934994,VP+,8.210441394602103,8.210441394602103,8.21044141375743
2.75,9.5,VP,11.1154326216016,False,0.24200786808194152,-35.51866126483227,-35.76066913291421,theta_down,single_gap,theta_down_theta_015_u_019_warm,18.858169364724084,VP+,11.1154326216016,11.1154326216016,11.115432633610588
2.8,9.5,VP,13.575470222077003,False,0.2831423079073616,-35.15203479064434,-35.435177098551705,u_D_down,single_gap,u_D_down_theta_016_u_019_warm,18.12431892070372,VP+,13.575470222077003,13.575470222077003,13.575470230368872
2.85,9.5,VP,15.184225102198909,False,0.32498317820149936,-34.78564012313635,-35.11062330133785,theta_down,single_gap,theta_down_theta_017_u_019_warm,17.3599529044299,VP+,15.184225102198909,15.184225102198909,15.184225104097774
2.9,9.5,VP,15.771608204448206,False,0.36668171464478405,-34.4193549818703,-34.78603669651508,u_D_down,large_gap,u_D_down_theta_018_u_019_warm,16.565329406551363,VP+,15.771608204448206,15.771608204448206,15.771608205830749
2.95,9.5,VP,16.304854032378763,False,0.4076413168242823,-34.05306122882856,-34.46070254565284,theta_up,large_gap,theta_up_theta_019_u_019_warm,15.740721253990545,VP+,16.304854032378763,16.304854032378763,16.30485403341018
3.0,9.5,VP,15.646367192279287,False,0.4474233589635048,-33.686644647570034,-34.13406800653354,theta_up,large_gap,theta_up_theta_020_u_019_warm,14.886414032706844,VP+,15.646367192279287,15.646367192279287,15.646367190138252
3.05,9.5,VP,14.791726805279588,False,0.4856976240061499,-33.31999473136463,-33.80569235537078,theta_up,large_gap,theta_up_theta_021_u_019_warm,14.002704185087772,VP+,14.791726805279588,14.791726805279588,14.791726803544314
3.1,9.5,VP,13.917338607216053,False,0.5222127726526367,-32.95300448027789,-33.47521725293053,u_D_down,large_gap,u_D_down_theta_022_u_019_warm,13.089897179065836,VP+,13.917338607216053,13.917338607216053,13.917338605805774
3.1500000000000004,9.5,VP,13.022021656384188,False,0.5567772063879275,-32.5855702071225,-33.14234741351043,theta_up,large_gap,theta_up_theta_023_u_019_warm,12.148305759275392,VP+,13.022021656384188,13.022021656384188,13.02202165523505
3.2,9.5,VP,12.10485223377427,False,0.5892458915341479,-32.21759135219512,-32.80683724372927,theta_up,large_gap,theta_up_theta_024_u_019_warm,11.17824828530278,VP+,12.10485223377427,12.10485223377427,12.10485223283553
3.25,9.5,VP,11.165094932666817,False,0.6195108641952665,-31.848970306745823,-32.46848117094109,u_D_down,large_gap,u_D_down_theta_025_u_019_warm,10.180047161434508,VP+,11.165094932666817,11.165094932666817,11.165094931898022
3.3,9.5,VP,10.202156693525383,False,0.6474941409644792,-31.479612245193852,-32.12710638615833,theta_up,large_gap,theta_up_theta_026_u_019_warm,9.154027361638756,VP+,10.202156693525383,10.202156693525383,10.202156692894215
3.35,9.5,VP,9.21555485476946,False,0.6731422744108819,-31.10942496616974,-31.782567240580622,theta_up,large_gap,theta_up_theta_027_u_019_warm,8.100515051371222,VP+,9.21555485476946,9.21555485476946,9.215554854250112
3.4000000000000004,9.5,VP,8.204894183370971,False,0.6964220749357821,-30.73831874252659,-31.434740817462373,u_D_down,large_gap,u_D_down_theta_028_u_019_warm,7.019836308435707,VP+,8.204894183370971,8.204894183370971,8.204894182942535
3.45,9.5,VP,7.16984989342539,False,0.6655488418544913,-30.417974523807704,-31.083523365662195,theta_down,small_gap,theta_down_theta_029_u_019_warm,-11.5168145227875,VP+,7.16984989342539,7.16984989342539,7.169849893071358
3.5,9.5,VP,6.110154792255788,False,0.6096330699396866,-30.119194311803295,-30.72882738174298,u_D_up,small_gap,u_D_up_theta_030_u_019_warm,-12.214297883471115,VP+,6.110154792255788,6.110154792255788,6.110154791962408
3.55,9.5,VP,5.025589355626,False,0.5545901222541261,-29.81598906913581,-30.370579191389936,u_D_up,small_gap,u_D_up_theta_031_u_019_warm,-12.941545958285635,VP+,5.025589355626,5.025589355626,5.025589355382504
3.6,9.5,VP,3.915973933797531,False,0.5003378313442006,-29.508379091562535,-30.008716922906736,theta_down,small_gap,theta_down_theta_032_u_019_warm,-13.698204334150407,VP+,3.915973933797531,3.915973933797531,3.915973933594909
3.65,9.5,VP,2.781162540501395,False,0.4468035734210254,-29.196385220537625,-29.64318879395865,theta_down,small_gap,theta_down_theta_033_u_019_warm,-14.483932142540317,VP+,2.781162540501395,2.781162540501395,2.7811625403324385
3.7,9.5,VP,1.6210378395125709,False,0.39392311109963885,-28.88002854133096,-29.2739516524306,theta_down,small_gap,theta_down_theta_034_u_019_warm,-15.29840171685424,VP+,1.6210378395125709,1.6210378395125709,1.621037839371514
3.75,9.5,VP,0.4355070536721044,False,0.3416396055389903,-28.559330120686234,-28.900969726225224,u_D_up,small_gap,u_D_up_theta_035_u_019_warm,-16.14129820621112,VP+,0.4355070536721044,0.4355070536721044,0.4355070535539767
3.8,9.5,VP,-0.7755014071040307,True,0.2899027663000808,-28.234310780607487,-28.524213546907568,u_D_up,small_gap,u_D_up_theta_036_u_019_warm,-17.01231916928579,VP+,-0.7755014071040307,-0.7755014071040307,-0.7755014072031017
3.85,9.5,VP,-2.0120407509017717,True,0.23866811442606917,-27.90499090507568,-28.14365901950175,u_D_up,small_gap,u_D_up_theta_037_u_019_warm,-17.911174145572716,VP+,-2.0120407509017717,-2.0120407509017717,-2.012040750985051
3.9,9.5,VP,-3.2741481554685485,True,0.18789633957920415,-27.571390276700036,-27.75928661627924,theta_down,small_gap,theta_down_theta_038_u_019_warm,-18.837584224629342,VP+,-3.2741481554685485,-3.2741481554685485,-3.2741481555385477
3.95,9.5,VP,-4.561846756272367,True,0.13755273605283236,-27.233527940495332,-27.371080676548164,theta_down,small_gap,theta_down_theta_039_u_019_warm,-19.79128160328565,VP+,-4.561846756272367,-4.561846756272367,-4.561846756331441
4.0,9.5,VP,-5.875147339712637,True,0.08760670550965344,-26.891422092164333,-26.979028797673987,theta_down,small_gap,theta_down_theta_040_u_019_mixed_seed_7,-20.77200914779839,VP+,-5.875147339712637,-5.875147339712637,-5.875147339762474
2.0,10.0,VP,19.42809823143531,False,0.07005677497971163,-41.54837807553747,-41.61843485051718,theta_up,single_gap,theta_up_theta_000_u_020_mixed_seed_7,26.448818736447524,VP+,19.42809823143531,19.42809823143531,19.428098046797572
2.05,10.0,VP,18.84687409603052,False,0.07568071563652978,-41.15842694739492,-41.23410766303145,theta_up,single_gap,theta_up_theta_001_u_020_warm,26.185332317077467,VP+,18.84687409603052,18.84687409603052,18.846873951557654
2.1,10.0,VP,18.22211455837973,False,0.08093806399089232,-40.77128913941322,-40.85222720340411,theta_down,single_gap,theta_down_theta_002_u_020_warm,25.890883440146187,VP+,18.22211455837973,18.22211455837973,18.22211444446794
2.15,10.0,VP,17.550065002655884,False,0.08575725543769153,-40.38675358441227,-40.47251083984996,u_D_up,single_gap,u_D_up_theta_003_u_020_warm,25.565163424117458,VP+,17.550065002655884,17.550065002655884,17.550064912131745
2.2,10.0,VP,16.825995122101645,False,0.0900834224690783,-40.004615939330016,-40.094699361799094,u_D_down,single_gap,u_D_down_theta_004_u_020_warm,25.207931332894137,VP+,16.825995122101645,16.825995122101645,16.825995049566792
2.25,10.0,VP,16.043852826384523,False,0.09388232530662322,-39.62467862092084,-39.71856094622746,u_D_down,single_gap,u_D_down_theta_005_u_020_warm,24.819007057257583,VP+,16.043852826384523,16.043852826384523,16.04385276774503
2.3,10.0,VP,15.195734844409508,False,0.09714526218276376,-39.246750781177816,-39.34389604336058,theta_down,single_gap,theta_down_theta_006_u_020_warm,24.39826552114884,VP+,15.195734844409508,15.195734844409508,15.195734796533031
2.35,10.0,VP,14.271040466488394,False,0.09989566474021672,-38.8706482258522,-38.97054389059242,theta_up,single_gap,theta_up_theta_007_u_020_warm,23.945631752458713,VP+,14.271040466488394,14.271040466488394,14.27104042695266
2.4,10.0,VP,13.255042509239502,False,0.10219859165070488,-38.49619328385001,-38.59839187550072,theta_up,single_gap,theta_up_theta_008_u_020_warm,23.461076614393036,VP+,13.255042509239502,13.255042509239502,13.255042476141362
2.45,10.0,VP,12.126298406357344,False,0.10417539146992283,-38.123214637097504,-38.22739002856743,theta_up,single_gap,theta_up_theta_009_u_020_warm,22.94461303833522,VP+,12.126298406357344,12.126298406357344,12.126298378160511
2.5,10.0,VP,10.85150246002744,False,0.10602823850921084,-37.75154712062077,-37.85757535912998,u_D_up,single_gap,u_D_up_theta_010_u_020_warm,22.39629263438799,VP+,10.85150246002744,10.85150246002744,10.851502435423086
2.55,10.0,VP,9.37384624692706,False,0.10808562695322621,-37.38103150178074,-37.489117128733966,u_D_up,single_gap,u_D_up_theta_011_u_020_warm,21.81620258648758,VP+,9.37384624692706,9.37384624692706,9.37384622466034
2.6,10.0,VP,7.581243892382481,False,0.11090004842389334,-37.01151424633596,-37.12241429475986,theta_up,single_gap,theta_up_theta_012_u_020_warm,21.204462760931396,VP+,7.581243892382481,7.581243892382481,7.581243870892926
2.65,10.0,VP,5.188977632090477,False,0.11551317260188654,-36.64284727759158,-36.758360450193464,theta_up,single_gap,theta_up_theta_013_u_020_warm,20.561222977679986,VP+,5.188977632090477,5.188977632090477,5.1889776081567405
2.7,10.0,VP,3.5703141265169975,False,0.1268055750811996,-36.274887733520295,-36.401693308601494,u_D_up,single_gap,u_D_up_theta_014_u_020_warm,19.88666040780697,VP+,3.5703141265169975,3.5703141265169975,3.570314161779649
2.75,10.0,VP,7.827433848170671,False,0.15525810633627657,-35.907497725505976,-36.06275583184225,u_D_up,single_gap,u_D_up_theta_015_u_020_warm,19.18097707100244,VP+,7.827433848170671,7.827433848170671,7.827433864689489
2.8,10.0,VP,10.813258082770451,False,0.18832438364706405,-35.54054410131429,-35.72886848496135,u_D_down,single_gap,u_D_down_theta_016_u_020_warm,18.44439741861129,VP+,10.813258082770451,10.813258082770451,10.813258093037357
2.85,10.0,VP,13.32111248775674,False,0.22339975747348007,-35.17389821404616,-35.39729797151964,theta_down,single_gap,theta_down_theta_017_u_020_warm,17.677165993025177,VP+,13.32111248775674,13.32111248775674,13.321112494830992
2.9,10.0,VP,15.084661860166488,False,0.2591609122494276,-34.80743569818354,-35.06659661043297,theta_up,single_gap,theta_up_theta_018_u_020_warm,16.879545162575514,VP+,15.084661860166488,15.084661860166488,15.084661861785786
2.95,10.0,VP,15.673624753046852,False,0.2947674897544701,-34.44103625336606,-34.73580374312053,u_D_down,large_gap,u_D_down_theta_019_u_020_warm,16.05181292801974,VP+,15.673624753046852,15.673624753046852,15.673624754226193
3.0,10.0,VP,15.877843315395282,False,0.32963277032796157,-34.074583436222866,-34.40421620655083,theta_up,large_gap,theta_up_theta_020_u_020_warm,15.194260810559468,VP+,15.877843315395282,15.877843315395282,15.877843313159644
3.05,10.0,VP,15.009537163286566,False,0.36332730566142146,-33.70796446038272,-34.07129176604414,u_D_down,large_gap,u_D_down_theta_021_u_020_warm,14.30719182137496,VP+,15.009537163286566,15.009537163286566,15.009537161476246
3.1,10.0,VP,14.123117763502384,False,0.39552893174472814,-33.34107000466721,-33.73659893641194,u_D_down,large_gap,u_D_down_theta_022_u_020_warm,13.390918521038603,VP+,14.123117763502384,14.123117763502384,14.123117762032209
3.1500000000000004,10.0,VP,13.217043047442562,False,0.42599326197771603,-32.97379402941305,-33.399787291390766,theta_up,large_gap,theta_up_theta_023_u_020_warm,12.445761174667885,VP+,13.217043047442562,13.217043047442562,13.217043046245283
3.2,10.0,VP,12.290139512103678,False,0.45453468357303706,-32.60603360084985,-33.060568284422885,theta_up,large_gap,theta_up_theta_024_u_020_warm,11.472046005272276,VP+,12.290139512103678,12.290139512103678,12.29013951112606
3.25,10.0,VP,11.341491204974949,False,0.48101332782400874,-32.23768872346962,-32.718702051293626,theta_up,large_gap,theta_up_theta_025_u_020_warm,10.47010355021289,VP+,11.341491204974949,11.341491204974949,11.341491204174645
3.3,10.0,VP,10.37036985905242,False,0.50532570644123,-31.86866218037184,-32.37398788681307,u_D_down,large_gap,u_D_down_theta_026_u_020_warm,9.440267121306524,VP+,10.37036985905242,10.37036985905242,10.370369858395694
3.35,10.0,VP,9.376188564808626,False,0.5273977328052375,-31.498859381629966,-32.026257114435204,theta_up,large_gap,theta_up_theta_027_u_020_warm,8.382871369344343,VP+,9.376188564808626,9.376188564808626,9.376188564268496
3.4000000000000004,10.0,VP,8.358469729662417,False,0.5471793680232793,-31.12818822079926,-31.67536758882254,u_D_down,large_gap,u_D_down_theta_028_u_020_warm,7.298250952017533,VP+,8.358469729662417,8.358469729662417,8.358469729217067
3.45,10.0,VP,7.316822140929876,False,0.5646404162104659,-30.756558939751017,-31.321199355961483,theta_up,large_gap,theta_up_theta_029_u_020_warm,6.186739305252555,VP+,7.316822140929876,7.316822140929876,7.316822140561882
3.5,10.0,VP,6.250924069899412,False,0.5797671582142989,-30.383884002057965,-30.963651160272263,theta_up,large_gap,theta_up_theta_030_u_020_warm,5.048667517746278,VP+,6.250924069899412,6.250924069899412,6.250924069594582
3.55,10.0,VP,5.160510522559083,False,0.5367973947185583,-30.065840193660165,-30.602637588378723,theta_down,small_gap,theta_down_theta_031_u_020_warm,-13.576293959584042,VP+,5.160510522559083,5.160510522559083,5.160510522306165
3.6,10.0,VP,4.045363422202087,False,0.47893995719401516,-29.75914674543967,-30.238086702633684,theta_down,small_gap,theta_down_theta_032_u_020_warm,-14.341866728331487,VP+,4.045363422202087,4.045363422202087,4.045363421991635
3.65,10.0,VP,2.9053039167058117,False,0.42183831850732645,-29.448099740537323,-29.86993805904465,u_D_up,small_gap,u_D_up_theta_033_u_020_warm,-15.136697252246265,VP+,2.9053039167058117,2.9053039167058117,2.9053039165304853
3.7,10.0,VP,1.7401862590915336,False,0.3654221496039298,-29.132718882654533,-29.498141032258463,theta_down,small_gap,theta_down_theta_034_u_020_warm,-15.960451397759163,VP+,1.7401862590915336,1.7401862590915336,1.7401862589451795
3.75,10.0,VP,0.5498928773628968,False,0.30962942062150844,-28.813023969023632,-29.12265338964514,u_D_up,small_gap,u_D_up_theta_035_u_020_warm,-16.812807525443407,VP+,0.5498928773628968,0.5498928773628968,0.5498928772403779
3.8,10.0,VP,-0.6656696450240531,True,0.2544054215941891,-28.48903464861898,-28.74344007021317,u_D_up,small_gap,u_D_up_theta_036_u_020_warm,-17.693456165742326,VP+,-0.6656696450240531,-0.6656696450240531,-0.6656696451267905
3.85,10.0,VP,-1.906573878108123,True,0.19970191880111443,-28.160770215166465,-28.36047213396758,u_D_up,small_gap,u_D_up_theta_037_u_020_warm,-18.60209965791029,VP+,-1.906573878108123,-1.906573878108123,-1.9065738781944257
3.9,10.0,VP,-3.172874295747416,True,0.14547642275173445,-27.828249431813465,-27.9737258545652,theta_down,small_gap,theta_down_theta_038_u_020_warm,-19.538451779774316,VP+,-3.172874295747416,-3.172874295747416,-3.172874295820037
3.95,10.0,VP,-4.464609580423186,True,0.09169154903365495,-27.49149038448807,-27.583181933521725,theta_down,small_gap,theta_down_theta_039_u_020_warm,-20.5022373582132,VP+,-4.464609580423186,-4.464609580423186,-4.464609580484488
4.0,10.0,VP,-5.781804571466459,True,0.038314457157763826,-27.150510361157835,-27.1888248183156,theta_down,small_gap,theta_down_theta_040_u_020_ordered,-21.49319187726683,VP+,-5.781804571466459,-5.781804571466459,-5.781804571518201
2.0,10.5,VP,20.180931714253767,False,0.06086351228810827,-41.955374111680264,-42.01623762396837,u_D_up,single_gap,u_D_up_theta_000_u_021_warm,26.78694669102793,VP+,20.180931714253767,20.180931714253767,20.18093152705618
2.05,10.5,VP,19.629110882630407,False,0.06545645329994443,-41.563867479585696,-41.62932393288564,theta_down,single_gap,theta_down_theta_001_u_021_warm,26.522206997200033,VP+,19.629110882630407,19.629110882630407,19.629110736525657
2.1,10.5,VP,19.037094052566452,False,0.06959644445834812,-41.175258492283405,-41.24485493674175,theta_down,single_gap,theta_down_theta_002_u_021_warm,26.226597085213765,VP+,19.037094052566452,19.037094052566452,19.03709393770128
2.15,10.5,VP,18.401870873461583,False,0.07319752876666996,-40.7893366540953,-40.86253418286197,theta_down,single_gap,theta_down_theta_003_u_021_warm,25.89976027662823,VP+,18.401870873461583,18.401870873461583,18.40187078248836
2.2,10.5,VP,17.71970444688278,False,0.0761872660744416,-40.40589801110189,-40.48208527717633,u_D_down,single_gap,u_D_down_theta_004_u_021_warm,25.54141488830497,VP+,17.71970444688278,17.71970444688278,17.719704374282436
2.25,10.5,VP,16.985901647010877,False,0.07850985581517023,-40.02474516053633,-40.1032550163515,u_D_up,single_gap,u_D_up_theta_005_u_021_warm,25.15134657162777,VP+,16.985901647010877,16.985901647010877,16.985901588607618
2.3,10.5,VP,16.194475495151494,False,0.08012978533366777,-39.64568721338292,-39.72581699871659,theta_up,single_gap,theta_up_theta_006_u_021_warm,24.72940181541243,VP+,16.194475495151494,16.194475495151494,16.194475447762272
2.35,10.5,VP,15.337630654208976,False,0.0810364137692261,-39.268539710114446,-39.34957612388367,u_D_up,single_gap,u_D_up_theta_007_u_021_warm,24.275482358779897,VP+,15.337630654208976,15.337630654208976,15.337630615386388
2.4,10.5,VP,14.4049446597365,False,0.08125014410161668,-38.893124494482194,-38.97437463858381,u_D_up,single_gap,u_D_up_theta_008_u_021_warm,23.78954031804097,VP+,14.4049446597365,14.4049446597365,14.40494462757922
2.45,10.5,VP,13.38199296482312,False,0.08083130111798909,-38.51926955266928,-38.60010085378727,theta_down,single_gap,theta_down_theta_009_u_021_warm,23.271573867601266,VP+,13.38199296482312,13.38199296482312,13.38199293783072
2.5,10.5,VP,12.24787613429318,False,0.07989379446830469,-38.14680882579338,-38.22670262026168,u_D_down,single_gap,u_D_down_theta_010_u_021_warm,22.7216233545668,VP+,12.24787613429318,12.24787613429318,12.247876111250136
2.55,10.5,VP,10.970353373047608,False,0.07862783156533482,-37.775582003375185,-37.85420983494052,u_D_down,single_gap,u_D_down_theta_011_u_021_warm,22.139767749881393,VP+,10.970353373047608,10.970353373047608,10.970353352916504
2.6,10.5,VP,9.495011659764728,False,0.07734158196046792,-37.40543430447461,-37.48277588643508,theta_down,single_gap,theta_down_theta_012_u_021_warm,21.52612136340969,VP+,9.495011659764728,9.495011659764728,9.495011641555166
2.65,10.5,VP,7.716487947979722,False,0.07654900488596184,-37.03621625206969,-37.112765256955655,theta_down,single_gap,theta_down_theta_013_u_021_warm,20.880830766232467,VP+,7.716487947979722,7.716487947979722,7.716487930486714
2.7,10.5,VP,5.377817094778614,False,0.07719975221256448,-36.667783445124954,-36.74498319733752,theta_down,single_gap,theta_down_theta_014_u_021_warm,20.204071877474263,VP+,5.377817094778614,5.377817094778614,5.377817075673214
2.75,10.5,VP,3.0433252412226466,False,0.08282084838953807,-36.29999633174673,-36.38281718013627,theta_up,single_gap,theta_up_theta_015_u_021_warm,19.496047188933897,VP+,3.0433252412226466,3.0433252412226466,3.0433252712321064
2.8,10.5,VP,7.460350006633615,False,0.10527815674364405,-35.93271998592643,-36.03799814267008,u_D_down,single_gap,u_D_down_theta_016_u_021_warm,18.756983104327116,VP+,7.460350006633615,7.460350006633615,7.460350020856929
2.85,10.5,VP,10.523913984839709,False,0.13235964292586289,-35.56582388960645,-35.69818353253231,u_D_up,single_gap,u_D_up_theta_017_u_021_warm,17.987127384204953,VP+,10.523913984839709,10.523913984839709,10.52391399361408
2.9,10.5,VP,13.077776623839544,False,0.16141890947569237,-35.19918172119834,-35.360600630674035,theta_down,single_gap,theta_down_theta_018_u_021_warm,17.186746688308283,VP+,13.077776623839544,13.077776623839544,13.07777662987464
2.95,10.5,VP,14.987826612988748,False,0.191134426616685,-34.83267115122232,-35.023805577839006,u_D_down,single_gap,u_D_down_theta_019_u_021_warm,16.35612421378728,VP+,14.987826612988748,14.987826612988748,14.987826614370864
3.0,10.5,VP,15.578449917475954,False,0.22067689356748588,-34.4661736454094,-34.686850538976884,theta_up,large_gap,theta_up_theta_020_u_021_warm,15.495557431880028,VP+,15.578449917475954,15.578449917475954,15.578449918483171
3.05,10.5,VP,15.243445167754402,False,0.2494711827835232,-34.0995742754053,-34.349045458188826,u_D_down,large_gap,u_D_down_theta_021_u_021_warm,14.605355926272807,VP+,15.243445167754402,15.243445167754402,15.243445165867122
3.1,10.5,VP,14.343918827044751,False,0.2770982468194987,-33.73276153709218,-34.00985978391168,theta_up,large_gap,theta_up_theta_022_u_021_warm,13.685839335638857,VP+,14.343918827044751,14.343918827044751,14.343918825513384
3.1500000000000004,10.5,VP,13.426341246505022,False,0.303244906380705,-33.365627176486896,-33.6688720828676,u_D_down,large_gap,u_D_down_theta_023_u_021_warm,12.737335407006675,VP+,13.426341246505022,13.426341246505022,13.426341245258907
3.2,10.5,VP,12.48917791994574,False,0.32767446640782794,-32.99806602314284,-33.32574048955067,theta_up,large_gap,theta_up_theta_024_u_021_warm,11.760178161909714,VP+,12.48917791994574,12.48917791994574,12.489177918928842
3.25,10.5,VP,11.531264648199286,False,0.3502079006308918,-32.62997583098389,-32.98018373161478,theta_up,large_gap,theta_up_theta_025_u_021_warm,10.754706177669458,VP+,11.531264648199286,11.531264648199286,11.53126464736724
3.3,10.5,VP,10.551694596853425,False,0.37071100084828856,-32.261257126514344,-32.63196812736263,theta_up,large_gap,theta_up_theta_026_u_021_warm,9.72126098421084,VP+,10.551694596853425,10.551694596853425,10.551694596170965
3.35,10.5,VP,9.549747676791082,False,0.38908516574577945,-31.891813064391744,-32.280898230137524,u_D_down,large_gap,u_D_down_theta_027_u_021_warm,8.660185574597776,VP+,9.549747676791082,9.549747676791082,9.549747676230009
3.4000000000000004,10.5,VP,8.52484396817794,False,0.40526054718802484,-31.521549290415905,-31.92680983760393,u_D_down,large_gap,u_D_down_theta_028_u_021_warm,7.571823027062475,VP+,8.52484396817794,8.52484396817794,8.52484396771538
3.45,10.5,VP,7.476511656593768,False,0.41919079744101495,-31.1503738120672,-31.569564609508216,theta_up,large_gap,theta_up_theta_029_u_021_warm,6.45651523423248,VP+,7.476511656593768,7.476511656593768,7.476511656211702
3.5,10.5,VP,6.404364170268266,False,0.4308489460487763,-30.778196876797654,-31.20904582284643,u_D_down,large_gap,u_D_down_theta_030_u_021_warm,5.314601738259391,VP+,6.404364170268266,6.404364170268266,6.404364169952029
3.55,10.5,VP,5.308083396453753,False,0.4402240994985611,-30.40493085832542,-30.845154957823983,u_D_down,large_gap,u_D_down_theta_031_u_021_warm,4.146418668417926,VP+,5.308083396453753,5.308083396453753,5.308083396191353
3.6,10.5,VP,4.187407053781673,False,0.4473187563743579,-30.030490151176817,-30.477808907551175,theta_up,large_gap,theta_up_theta_032_u_021_warm,2.952297781631245,VP+,4.187407053781673,4.187407053781673,4.1874070535635255
3.65,10.5,VP,3.04211899233999,False,0.3976454065723338,-29.7092922606182,-30.106937667190532,theta_down,small_gap,theta_down_theta_033_u_021_warm,-15.784873229929405,VP+,3.04211899233999,3.04211899233999,3.042118992158244
3.7,10.5,VP,1.8720416096025936,False,0.33757619901708935,-29.39490620025096,-29.73248239926805,theta_down,small_gap,theta_down_theta_034_u_021_warm,-16.617689019109775,VP+,1.8720416096025936,1.8720416096025936,1.872041609450772
3.75,10.5,VP,0.6770298289241374,False,0.2781602743026994,-29.076233525113317,-29.354393799416016,u_D_up,small_gap,u_D_up_theta_035_u_021_warm,-17.47927483865814,VP+,0.6770298289241374,0.6770298289241374,0.6770298287970995
3.8,10.5,VP,-0.5430337459396988,True,0.21933802728333163,-28.753292678548387,-28.97263070583172,u_D_up,small_gap,u_D_up_theta_036_u_021_warm,-18.369313793743355,VP+,-0.5430337459396988,-0.5430337459396988,-0.54303374604617
3.85,10.5,VP,-1.7882427747703105,True,0.1610570750809508,-28.4261018340706,-28.58715890915155,u_D_up,small_gap,u_D_up_theta_037_u_021_warm,-19.28750062406848,VP+,-1.7882427747703105,-1.7882427747703105,-1.7882427748597003
3.9,10.5,VP,-3.0586704251292396,True,0.10327142156971192,-28.094678707524896,-28.197950129094608,u_D_up,small_gap,u_D_up_theta_038_u_021_warm,-20.23354139889246,VP+,-3.0586704251292396,-3.0586704251292396,-3.0586704252044754
3.95,10.5,VP,-4.354372067015021,True,0.04594073169976909,-27.75904039960831,-27.80498113130808,u_D_up,small_gap,u_D_up_theta_039_u_021_warm,-21.20715318963172,VP+,-4.354372067015021,-4.354372067015021,-4.354372067078419
4.0,10.5,IVC,-22.20806372480547,True,-0.010970302681649002,-27.419203265799517,-27.408232963117868,theta_down,small_gap,theta_down_theta_040_u_021_mixed_seed_7,-22.20806372480547,VP+,-5.675387529551465,-5.675387529551465,-5.675387529604979
2.0,11.0,VP,20.9038737669576,False,0.05254298715488659,-42.3653213639308,-42.41786435108569,theta_up,single_gap,theta_up_theta_000_u_022_mixed_seed_7,27.113333486109426,VP+,20.9038737669576,20.9038737669576,20.903873576959157
2.05,11.0,VP,20.378677821078444,False,0.05620631041406199,-41.9723167414082,-42.02852305182226,theta_up,single_gap,theta_up_theta_001_u_022_warm,26.84760632657451,VP+,20.378677821078444,20.378677821078444,20.37867767311535
2.1,11.0,VP,19.8160219039996,False,0.05934396198934877,-41.582291241521325,-41.641635203510674,theta_down,single_gap,theta_down_theta_002_u_022_warm,26.551097900953035,VP+,19.8160219039996,19.8160219039996,19.81602178796081
2.15,11.0,VP,19.213455487602857,False,0.0618585452193301,-41.19503469565075,-41.25689324087008,u_D_down,single_gap,u_D_down_theta_003_u_022_warm,26.22340513635884,VP+,19.213455487602857,19.213455487602857,19.213455395959713
2.2,11.0,VP,18.567971923292696,False,0.06366373829898464,-40.81034333853994,-40.87400707683892,u_D_up,single_gap,u_D_up_theta_004_u_022_warm,25.864206497269542,VP+,18.567971923292696,18.567971923292696,18.567971850399136
2.25,11.0,VP,17.875849987369808,False,0.06468691954888328,-40.42801978982387,-40.492706709372754,theta_up,single_gap,theta_up_theta_005_u_022_warm,25.47325377418714,VP+,17.875849987369808,17.875849987369808,17.87584992896158
2.3,11.0,VP,17.132428610488915,False,0.06487205033243981,-40.04787300089717,-40.11274505122961,theta_up,single_gap,theta_up_theta_006_u_022_warm,25.0503650395711,VP+,17.132428610488915,17.132428610488915,17.13242856332333
2.35,11.0,VP,16.33177665135378,False,0.06418307207547258,-39.66971816432371,-39.733901236399184,theta_down,single_gap,theta_down_theta_007_u_022_warm,24.59541853087386,VP+,16.33177665135378,16.33177665135378,16.33177661294653
2.4,11.0,VP,15.46619134600651,False,0.06260819944225204,-39.293376588290215,-39.35598478773247,u_D_down,single_gap,u_D_down_theta_008_u_022_warm,24.108347268596535,VP+,15.46619134600651,15.46619134600651,15.46619131443862
2.45,11.0,VP,14.525403344958429,False,0.06016571665715986,-38.91867554141022,-38.978841258067376,theta_down,single_gap,theta_down_theta_009_u_022_warm,23.58913425840768,VP+,14.525403344958429,14.525403344958429,14.52540331873226
2.5,11.0,VP,13.495248404206867,False,0.05691231290521159,-38.54544807425446,-38.60236038715967,u_D_up,single_gap,u_D_up_theta_010_u_022_warm,23.03780816124022,VP+,13.495248404206867,13.495248404206867,13.495248382135332
2.55,11.0,VP,12.355294300839113,False,0.05295587247717748,-38.17353282397445,-38.226488696451625,theta_up,single_gap,theta_up_theta_011_u_022_warm,22.454439334800796,VP+,12.355294300839113,12.355294300839113,12.355294281957232
2.6,11.0,VP,11.074214560204313,False,0.048476613920087175,-37.802773807764034,-37.85125042168412,theta_down,single_gap,theta_down_theta_012_u_022_warm,21.839136175691692,VP+,11.074214560204313,11.074214560204313,11.074214543686937
2.65,11.0,VP,9.599641243746085,False,0.04376549509831307,-37.43302021001239,-37.4767857051107,theta_up,single_gap,theta_up_theta_013_u_022_warm,21.19204170458807,VP+,9.599641243746085,9.599641243746085,9.59964122880762
2.7,11.0,VP,7.831865246017266,False,0.0393038352530084,-37.064126167078165,-37.10343000233117,u_D_down,single_gap,u_D_down_theta_014_u_022_warm,20.513330347835335,VP+,7.831865246017266,7.831865246017266,7.8318652317194335
2.75,11.0,VP,5.536247184066781,False,0.03596505178110476,-36.69595055275881,-36.731915604539914,u_D_down,single_gap,u_D_down_theta_015_u_022_warm,19.803204887471228,VP+,5.536247184066781,5.536247184066781,5.536247168695475
2.8,11.0,VP,2.579248741117631,False,0.036194979367436986,-36.32835676678841,-36.36455174615585,theta_up,single_gap,theta_up_theta_016_u_022_warm,19.061893552341143,VP+,2.579248741117631,2.579248741117631,2.5792487660632446
2.85,11.0,VP,7.11225269814895,False,0.052766475908782695,-35.9612125280718,-36.01397900398058,theta_up,single_gap,theta_up_theta_017_u_022_warm,18.28964723886684,VP+,7.11225269814895,7.11225269814895,7.1122527103679545
2.9,11.0,VP,10.248944380948952,False,0.0739229896458653,-35.59438967383221,-35.668312663478076,theta_up,single_gap,theta_up_theta_018_u_022_warm,17.486736852117573,VP+,10.248944380948952,10.248944380948952,10.248944388444077
2.95,11.0,VP,12.84664470125908,False,0.09701229097343145,-35.22776396541506,-35.32477625638849,u_D_up,single_gap,u_D_up_theta_019_u_022_warm,16.65345076369252,VP+,12.84664470125908,12.84664470125908,12.846644706407009
3.0,11.0,VP,14.893814196903456,False,0.12072032796594101,-34.861214901152294,-34.981935229118235,theta_up,single_gap,theta_up_theta_020_u_022_warm,15.790092388159216,VP+,14.893814196903456,14.893814196903456,14.89381419808391
3.05,11.0,VP,15.486115082369912,False,0.1442314229572048,-34.494625536459,-34.6388569594162,u_D_down,large_gap,u_D_down_theta_021_u_022_warm,14.896977877132109,VP+,15.486115082369912,15.486115082369912,15.486115083230755
3.1,11.0,VP,14.579600606711333,False,0.16698360257632316,-34.12788231118702,-34.294865913763346,u_D_down,large_gap,u_D_down_theta_022_u_022_warm,13.97443393789775,VP+,14.579600606711333,14.579600606711333,14.579600605117308
3.1500000000000004,11.0,VP,13.64946624772972,False,0.1885693019607757,-33.76087488418944,-33.94944418615022,theta_up,large_gap,theta_up_theta_023_u_022_warm,13.02279577672324,VP+,13.64946624772972,13.64946624772972,13.649466246433736
3.2,11.0,VP,12.701318155263234,False,0.20868513407516076,-33.39349597501705,-33.602181109092214,theta_up,large_gap,theta_up_theta_024_u_022_warm,12.04240517101826,VP+,12.701318155263234,12.701318155263234,12.7013181542064
3.25,11.0,VP,11.73363220863034,False,0.22710272742874338,-33.0256412126611,-33.25274394008984,theta_up,large_gap,theta_up_theta_025_u_022_warm,11.033608671478351,VP+,11.73363220863034,11.73363220863034,11.733632207766323
3.3,11.0,VP,10.745255387443924,False,0.24365015152267233,-32.65720899125293,-32.9008591427756,u_D_down,large_gap,u_D_down_theta_026_u_022_warm,9.996755932545046,VP+,10.745255387443924,10.745255387443924,10.74525538673555
3.35,11.0,VP,9.73529130210066,False,0.25819927581005686,-32.28810033265178,-32.54629960846184,u_D_down,large_gap,u_D_down_theta_027_u_022_warm,8.932198169627863,VP+,9.73529130210066,9.73529130210066,9.735291301518489
3.4000000000000004,11.0,VP,8.70302903677839,False,0.27065673021199643,-31.918218755886876,-32.18887548609887,theta_up,large_gap,theta_up_theta_028_u_022_warm,7.8402867380083165,VP+,8.70302903677839,8.70302903677839,8.703029036298823
3.45,11.0,VP,7.647896450697747,False,0.2809571893664078,-31.547470153488497,-31.828427342854905,theta_up,large_gap,theta_up_theta_029_u_022_warm,6.721371826514947,VP+,7.647896450697747,7.647896450697747,7.647896450301804
3.5,11.0,VP,6.569428165360804,False,0.289058230298604,-31.17576267482669,-31.464820905125293,theta_up,large_gap,theta_up_theta_030_u_022_warm,5.575801261751103,VP+,6.569428165360804,6.569428165360804,6.569428165033102
3.55,11.0,VP,5.467242820880756,False,0.29493629798066934,-30.803006616662746,-31.097942914643415,u_D_down,large_gap,u_D_down_theta_031_u_022_warm,4.403919416513766,VP+,5.467242820880756,5.467242820880756,5.467242820608998
3.6,11.0,VP,4.341026431880703,False,0.29858347663337526,-30.429114321176485,-30.72769779780986,theta_up,large_gap,theta_up_theta_032_u_022_warm,3.2060662191964333,VP+,4.341026431880703,4.341026431880703,4.341026431654729
3.65,11.0,VP,3.19051989876057,False,0.3000048631762091,-30.05400008173625,-30.354004944912457,theta_up,large_gap,theta_up_theta_033_u_022_warm,1.9825762628681964,VP+,3.19051989876057,3.19051989876057,3.1905198985723224
3.7,11.0,VP,2.015509437777382,False,0.2992164012344638,-29.677580056617497,-29.97679645785196,u_D_down,large_gap,u_D_down_theta_034_u_022_warm,0.7337780122479955,VP+,2.015509437777382,2.015509437777382,2.01550943762032
3.75,11.0,VP,0.8158191120771576,False,0.24744515214613827,-29.348570113165295,-29.596015265311433,theta_down,small_gap,theta_down_theta_035_u_022_warm,-18.139767221520597,VP+,0.8158191120771576,0.8158191120771576,0.815819111945661
3.8,11.0,VP,-0.4086950875761701,True,0.18492065697218507,-29.026692874376774,-29.21161353134896,theta_down,small_gap,theta_down_theta_036_u_022_warm,-19.038938441014903,VP+,-0.4086950875761701,-0.4086950875761701,-0.4086950876862723
3.85,11.0,VP,-1.65814999865988,True,0.12296097258321836,-28.7005903294302,-28.823551302013417,theta_down,small_gap,theta_down_theta_037_u_022_warm,-19.966403228807565,VP+,-1.65814999865988,-1.65814999865988,-1.6581499987523358
3.9,11.0,VP,-2.9326391544524455,True,0.06151622524082967,-28.370279122450903,-28.431795347691732,u_D_up,small_gap,u_D_up_theta_038_u_022_warm,-20.92185957999888,VP+,-2.9326391544524455,-2.9326391544524455,-2.9326391545302677
3.95,11.0,VP,-4.23223596177742,True,0.0005428220171737053,-28.035775346306796,-28.03631816832397,theta_down,small_gap,theta_down_theta_039_u_022_warm,-21.90501644685206,VP+,-4.23223596177742,-4.23223596177742,-4.232235961842967
4.0,11.0,IVC,-22.91559344598708,True,-0.05999726728364152,-27.69709440280389,-27.63709713552025,theta_down,small_gap,theta_down_theta_040_u_022_mixed_seed_13,-22.91559344598708,VP+,-5.556996337841635,-5.556996337841635,-5.5569963378969405
2.0,11.5,VP,21.599500831835226,False,0.04499662420050754,-42.778051408207325,-42.82304803240783,theta_up,single_gap,theta_up_theta_000_u_023_ordered,27.428107441360428,VP+,21.599500831835226,21.599500831835226,21.59950063883028
2.05,11.5,VP,21.098650152697733,False,0.0478170411228831,-42.38360295882572,-42.4314199999486,u_D_down,single_gap,u_D_down_theta_001_u_023_warm,27.16163162551407,VP+,21.098650152697733,21.098650152697733,21.098650002688505
2.1,11.5,VP,20.562614474359535,False,0.050049927031501795,-41.99221251027856,-42.042262437310065,u_D_up,single_gap,u_D_up_theta_002_u_023_warm,26.864462218944546,VP+,20.562614474359535,20.562614474359535,20.562614356969345
2.15,11.5,VP,19.989374361147306,False,0.05158870298515694,-41.60366999971985,-41.655258702705005,u_D_down,single_gap,u_D_down_theta_003_u_023_warm,26.5361513557563,VP+,19.989374361147306,19.989374361147306,19.989374268660477
2.2,11.5,VP,19.376474709246313,False,0.05233592239632401,-41.2177716663214,-41.27010758871772,theta_down,single_gap,theta_down_theta_004_u_023_warm,26.17633850972915,VP+,19.376474709246313,19.376474709246313,19.376474635884527
2.25,11.5,VP,18.72091173510961,False,0.05220558524734997,-40.83432000454648,-40.88652558979383,u_D_down,single_gap,u_D_down_theta_005_u_023_warm,25.784741921630253,VP+,18.72091173510961,18.72091173510961,18.72091167651591
2.3,11.5,VP,18.018976920203738,False,0.05112554466786179,-40.45312369321378,-40.504249237881645,theta_down,single_gap,theta_down_theta_006_u_023_warm,25.36115116909114,VP+,18.018976920203738,18.018976920203738,18.018976873070457
2.35,11.5,VP,17.266035564085826,False,0.049040176516470524,-40.07399749562797,-40.12303767214444,theta_down,single_gap,theta_down_theta_007_u_023_warm,24.90542065019109,VP+,17.266035564085826,17.266035564085826,17.266035525884934
2.4,11.5,VP,16.456202962100313,False,0.045913552321451334,-39.69676213145965,-39.7426756837811,theta_up,single_gap,theta_up_theta_008_u_023_warm,24.4174637960568,VP+,16.456202962100313,16.456202962100313,16.456202930885865
2.45,11.5,VP,15.581854035553704,False,0.041733473339306215,-39.32124412403046,-39.36297759736976,theta_up,single_gap,theta_up_theta_009_u_023_warm,23.89724787348542,VP+,15.581854035553704,15.581854035553704,15.58185400981582
2.5,11.5,VP,14.632848860848444,False,0.03651693327608285,-38.94727562795945,-38.98379256123553,u_D_down,single_gap,u_D_down_theta_010_u_023_warm,23.344789266889567,VP+,14.632848860848444,14.632848860848444,14.632848839403277
2.55,11.5,VP,13.595244443764605,False,0.03031797515828316,-38.574694242359755,-38.60501221751804,theta_down,single_gap,theta_down_theta_011_u_023_warm,22.760149151181743,VP+,13.595244443764605,13.595244443764605,13.595244425670309
2.6,11.5,VP,12.449007173571562,False,0.023239718133240217,-38.20334281438373,-38.22658253251697,u_D_up,single_gap,u_D_up_theta_012_u_023_warm,22.143429487318457,VP+,12.449007173571562,12.449007173571562,12.44900715805931
2.65,11.5,VP,11.163592076558905,False,0.015454134037383938,-37.833069237226,-37.84852337126338,u_D_up,single_gap,u_D_up_theta_013_u_023_warm,21.4947692847386,VP+,11.163592076558905,11.163592076558905,11.163592062969933
2.7,11.5,VP,9.688376925141371,False,0.0072376647884553336,-37.463726245925784,-37.47096391071424,theta_down,single_gap,theta_down_theta_014_u_023_warm,20.81434108743036,VP+,9.688376925141371,9.688376925141371,9.688376912849783
2.75,11.5,IVC,20.102347650443903,False,-0.000956048081860672,-37.095171213610925,-37.094215165529064,u_D_up,single_gap,u_D_up_theta_015_u_023_warm,20.102347650443903,VP+,7.928434403963877,7.928434403963877,7.928434392233534
2.8,11.5,IVC,19.359018781890953,False,-0.008317257029673897,-36.72726595024783,-36.71894869321816,theta_up,single_gap,theta_up_theta_016_u_023_warm,19.359018781890953,VP+,5.667372797311337,5.667372797311337,5.667372784861797
2.85,11.5,IVC,18.58460833331378,False,-0.013258523609515294,-36.35987650549495,-36.34661798188544,u_D_down,single_gap,u_D_down_theta_017_u_023_warm,18.58460833331378,VP+,2.1869556193344337,2.1869556193344337,2.186955639687284
2.9,11.5,IVC,17.77939133178747,False,-0.002456439696409518,-35.99287297686886,-35.99041653717245,u_D_down,single_gap,u_D_down_theta_018_u_023_warm,17.77939133178747,VP+,6.786446711816467,6.786446711816467,6.786446722281745
2.95,11.5,VP,9.989976132804774,False,0.012837286456147012,-35.62612932408402,-35.638966610540166,theta_down,single_gap,theta_down_theta_019_u_023_warm,16.94366124588065,VP+,9.989976132804774,9.989976132804774,9.989976139202897
3.0,11.5,VP,12.628949089624484,False,0.030005339351234284,-35.25952319010886,-35.28952852946009,theta_down,single_gap,theta_down_theta_020_u_023_warm,16.077727389248114,VP+,12.628949089624484,12.628949089624484,12.628949094015075
3.05,11.5,VP,14.802769957840738,False,0.047747441031276594,-34.89293572921824,-34.940683170249514,u_D_up,single_gap,u_D_up_theta_021_u_023_warm,15.181912460707233,VP+,14.802769957840738,14.802769957840738,14.802769958849607
3.1,11.5,VP,14.83057009386475,False,0.06526403746875076,-34.526251442124476,-34.59151547959323,u_D_down,large_gap,u_D_down_theta_022_u_023_warm,14.256550222349029,VP+,14.83057009386475,14.83057009386475,14.83057009220576
3.1500000000000004,11.5,VP,13.886323825194696,False,0.08200773811397255,-34.15935801814964,-34.24136575626361,theta_up,large_gap,theta_up_theta_023_u_023_warm,13.30198332912834,VP+,13.886323825194696,13.886323825194696,13.886323823847691
3.2,11.5,VP,12.92616012852299,False,0.09758341508352686,-33.792146184346194,-33.88972959942972,theta_up,large_gap,theta_up_theta_024_u_023_warm,12.318561292321686,VP+,12.92616012852299,12.92616012852299,12.92616012742558
3.25,11.5,VP,11.94799676314496,False,0.11169816958879153,-33.42450956145352,-33.53620773104231,u_D_down,large_gap,u_D_down_theta_025_u_023_warm,11.306638597010096,VP+,11.94799676314496,11.94799676314496,11.947996762248334
3.3,11.5,VP,10.950322902582794,False,0.12413248955714806,-33.05634452657213,-33.18047701612928,theta_up,large_gap,theta_up_theta_026_u_023_warm,10.266572960204993,VP+,10.950322902582794,10.950322902582794,10.950322901848269
3.35,11.5,VP,9.931998598429768,False,0.13472196679062876,-32.68755008243675,-32.82227204922738,theta_up,large_gap,theta_up_theta_027_u_023_warm,9.19872373098855,VP+,9.931998598429768,9.931998598429768,9.931998597826304
3.4000000000000004,11.5,VP,8.892139215870536,False,0.14334489436306086,-32.31802773317835,-32.46137262754141,u_D_down,large_gap,u_D_down_theta_028_u_023_warm,8.103450424868736,VP+,8.892139215870536,8.892139215870536,8.892139215373646
3.45,11.5,VP,7.830043976501965,False,0.14991341641735545,-31.94768136649867,-32.097594782916026,u_D_down,large_gap,u_D_down_theta_029_u_023_warm,6.981111385612547,VP+,7.830043976501965,7.830043976501965,7.830043976091851
3.5,11.5,VP,6.745149270365747,False,0.1543669619425323,-31.57641714224796,-31.73078410419049,theta_up,large_gap,theta_up_theta_030_u_023_warm,5.832062563860045,VP+,6.745149270365747,6.745149270365747,6.745149270026431
3.55,11.5,VP,5.63699677210424,False,0.15666722106489317,-31.204143387491392,-31.360810608556285,theta_up,large_gap,theta_up_theta_031_u_023_warm,4.656656405624201,VP+,5.63699677210424,5.63699677210424,5.636996771823018
3.6,11.5,VP,4.5052108641049315,False,0.15679420545481193,-30.83077049825378,-30.987564703708593,theta_up,large_gap,theta_up_theta_032_u_023_warm,3.4552408426878856,VP+,4.5052108641049315,4.5052108641049315,4.505210863871206
3.65,11.5,VP,3.349482160815189,False,0.15474309619008153,-30.45621084820697,-30.610953944397053,theta_up,large_gap,theta_up_theta_033_u_023_warm,2.2281583788592627,VP+,3.349482160815189,3.349482160815189,3.3494821606204823
3.7,11.5,VP,2.1695551783113523,False,0.15052167961333396,-30.080378704590405,-30.23090038420374,theta_up,large_gap,theta_up_theta_034_u_023_warm,0.9757452716389672,VP+,2.1695551783113523,2.1695551783113523,2.1695551781489257
3.75,11.5,VP,0.9652189038402028,False,0.14414823271714994,-29.703190151595393,-29.847338384312543,theta_up,large_gap,theta_up_theta_035_u_023_warm,-0.3016691922609027,VP+,0.9652189038402028,0.9652189038402028,0.9652189037043044
3.8,11.5,VP,-0.2637005485269377,True,0.13564975926374956,-29.324563021318195,-29.460212780581944,theta_up,large_gap,theta_up_theta_036_u_023_warm,-1.6037633250861028,VP+,-0.2637005485269377,-0.2637005485269377,-0.2637005486408199
3.85,11.5,VP,-1.517345751135501,True,0.08563083660019188,-28.98384650010664,-29.069477336706832,u_D_up,small_gap,u_D_up_theta_037_u_023_warm,-20.637937950209295,VP+,-1.517345751135501,-1.517345751135501,-1.5173457512310726
3.9,11.5,VP,-2.79583262639305,True,0.020435309972651083,-28.65465811946874,-28.67509342944139,theta_down,small_gap,theta_down_theta_038_u_023_warm,-21.602520206717877,VP+,-2.79583262639305,-2.79583262639305,-2.7958326264733806
3.95,11.5,IVC,-22.59492494851282,True,-0.044270290124032385,-28.321299214769063,-28.27702892464503,theta_down,small_gap,theta_down_theta_039_u_023_warm,-22.59492494851282,VP+,-4.099254234534175,-4.099254234534175,-4.099254234601915
4.0,11.5,IVC,-23.6148633529966,True,-0.10852700451651032,-27.983784216611262,-27.875257212094752,theta_down,small_gap,theta_down_theta_040_u_023_ordered,-23.6148633529966,VP+,-5.427683884188038,-5.427683884188038,-5.427683884245258
2.0,12.0,VP,22.269953831153135,False,0.03814054387360244,-43.19341067979338,-43.23155122366698,u_D_down,single_gap,u_D_down_theta_000_u_024_warm,27.73145827492098,VP+,22.269953831153135,22.269953831153135,22.26995363496055
2.05,12.0,VP,21.79155239960063,False,0.0401928884570566,-42.79756945747073,-42.837762345927786,u_D_up,single_gap,u_D_up_theta_001_u_024_warm,27.464445753632656,VP+,21.79155239960063,21.79155239960063,21.791552247385106
2.1,12.0,VP,21.27988129773672,False,0.041604583115827154,-42.40486273710779,-42.44646732022362,theta_down,single_gap,theta_down_theta_002_u_024_warm,27.166827919716,VP+,21.27988129773672,21.27988129773672,21.279881178847557
2.15,12.0,VP,20.733259845965662,False,0.0422616324711953,-42.015080359526536,-42.05734199199773,theta_up,single_gap,theta_up_theta_003_u_024_warm,26.838113741591275,VP+,20.733259845965662,20.733259845965662,20.73325975249442
2.2,12.0,VP,20.149659227239432,False,0.042057580946220696,-41.62801839691164,-41.67007597785786,theta_up,single_gap,theta_up_theta_004_u_024_warm,26.47790455533836,VP+,20.149659227239432,20.149659227239432,20.149659153271635
2.25,12.0,VP,19.526619492533232,False,0.04089563101634042,-41.24347907915015,-41.28437471016649,u_D_up,single_gap,u_D_up_theta_005_u_024_warm,26.08588531777175,VP+,19.526619492533232,19.526619492533232,19.526619433615014
2.3,12.0,VP,18.861137929546647,False,0.03869074869032829,-40.86127070420936,-40.89996145289969,theta_up,single_gap,theta_up_theta_006_u_024_warm,25.661816956043182,VP+,18.861137929546647,18.861137929546647,18.86113788230195
2.35,12.0,VP,18.14951504904241,False,0.03537187561193633,-40.48120752669664,-40.51657940230858,theta_up,single_gap,theta_up_theta_007_u_024_warm,25.205529586033865,VP+,18.14951504904241,18.14951504904241,18.149515010895374
2.4,12.0,VP,17.387136402968956,False,0.030884408539684216,-40.10310962418661,-40.13399403272629,theta_down,single_gap,theta_down_theta_008_u_024_warm,24.71691643064695,VP+,17.387136402968956,17.387136402968956,17.3871363719416
2.45,12.0,VP,16.568154230827094,False,0.025193172374692097,-39.72680274389649,-39.751995916271184,theta_up,single_gap,theta_up_theta_009_u_024_warm,24.195928307213727,VP+,16.568154230827094,16.568154230827094,16.568154205389718
2.5,12.0,VP,15.685006624651956,False,0.01828622333707841,-39.352118133597706,-39.370404356934785,u_D_up,single_gap,u_D_up_theta_010_u_024_warm,23.642568583868226,VP+,15.685006624651956,15.685006624651956,15.685006603612358
2.55,12.0,VP,14.727660541720962,False,0.010180015655606667,-38.978892360933415,-38.98907237658902,u_D_down,single_gap,u_D_down_theta_011_u_024_warm,23.056888529604453,VP+,14.727660541720962,14.727660541720962,14.727660524140564
2.6,12.0,VP,13.682357796022153,False,0.0009268365017973679,-38.60696712502631,-38.607893961528106,theta_up,single_gap,theta_up_theta_012_u_024_warm,22.438982992113555,VP+,13.682357796022153,13.682357796022153,13.682357781151037
2.65,12.0,IVC,21.78898635839302,False,-0.009373835114615758,-38.23618906370708,-38.226815228592464,u_D_up,single_gap,u_D_up_theta_013_u_024_warm,21.78898635839302,VP+,12.529400643328405,12.529400643328405,12.529400630552184
2.7,12.0,IVC,21.107068755119155,False,-0.020556733767314483,-37.866409559058695,-37.84585282529138,u_D_down,single_gap,u_D_down_theta_014_u_024_warm,21.107068755119155,VP+,11.23890696305659,11.23890696305659,11.23890695184749
2.75,12.0,IVC,20.393432456516027,False,-0.03235758387737775,-37.49748454338768,-37.4651269595103,theta_up,single_gap,theta_up_theta_015_u_024_warm,20.393432456516027,VP+,9.76174101858822,9.76174101858822,9.76174100844552
2.8,12.0,IVC,19.648308478417057,False,-0.04434620118077959,-37.129274307278365,-37.084928106097585,u_D_down,single_gap,u_D_down_theta_016_u_024_warm,19.648308478417057,VP+,8.007035011948211,8.007035011948211,8.007035002290593
2.85,12.0,IVC,18.87195333710142,False,-0.05576633501767958,-36.76164331107437,-36.70587697605669,theta_up,single_gap,theta_up_theta_017_u_024_warm,18.87195333710142,VP+,5.773509715313878,5.773509715313878,5.773509705172835
2.9,12.0,IVC,18.064645964934172,False,-0.06570767429904834,-36.394460000918166,-36.32875232661912,theta_up,single_gap,theta_up_theta_018_u_024_warm,18.064645964934172,VP+,1.867729781756516,1.867729781756516,1.867729798169492
2.95,12.0,IVC,17.226684777321676,False,-0.06055702839574906,-36.027596630293516,-35.96703960189777,theta_down,single_gap,theta_down_theta_019_u_024_warm,17.226684777321676,VP+,6.486295288303623,6.486295288303623,6.48629529723382
3.0,12.0,IVC,16.358384891275005,False,-0.05106202869896492,-35.660929087805556,-35.60986705910659,theta_down,single_gap,theta_down_theta_020_u_024_warm,16.358384891275005,VP+,9.748681669154635,9.748681669154635,9.748681674611824
3.05,12.0,IVC,15.46007549770398,False,-0.03976443043250555,-35.29433673169149,-35.25457230125898,u_D_down,single_gap,u_D_down_theta_021_u_024_warm,15.46007549770398,VP+,12.425950621641448,12.425950621641448,12.425950625385331
3.1,12.0,IVC,14.532097391336556,False,-0.02794389433440614,-34.927702231314115,-34.89975833697971,u_D_down,single_gap,u_D_down_theta_022_u_024_warm,14.532097391336556,VP+,14.714878215716354,14.714878215716354,14.714878216579027
3.1500000000000004,12.0,IVC,13.574800662769531,False,-0.016381406580904923,-34.560911415689745,-34.54453000910884,theta_up,large_gap,theta_up_theta_023_u_024_warm,13.574800662769531,VP+,14.137357115348138,14.137357115348138,14.137357113948124
3.2,12.0,IVC,12.588542551788176,False,-0.005608468445437609,-34.193853128975256,-34.18824466052982,u_D_down,large_gap,u_D_down_theta_024_u_024_warm,12.588542551788176,VP+,13.163651314736756,13.163651314736756,13.1636513135977
3.25,12.0,VP,12.174004378838116,False,0.003993067529748373,-33.82641909277709,-33.830412160306835,theta_up,large_gap,theta_up_theta_025_u_024_warm,11.573685464343065,VP+,12.174004378838116,12.174004378838116,12.174004377908387
3.3,12.0,VP,11.166349400118648,False,0.012141385646422975,-33.45850377512,-33.47064516076642,u_D_down,large_gap,u_D_down_theta_026_u_024_warm,10.530595151181869,VP+,11.166349400118648,11.166349400118648,11.16634939935748
3.35,12.0,VP,10.139191828574116,False,0.0186262820371752,-33.09000426591176,-33.108630547948934,u_D_down,large_gap,u_D_down_theta_027_u_024_warm,9.459639042615263,VP+,10.139191828574116,10.139191828574116,10.139191827949258
3.4000000000000004,12.0,VP,9.091406694861874,False,0.02329122236658776,-32.72082015872562,-32.74411138109221,theta_up,large_gap,theta_up_theta_028_u_024_warm,8.361184734455936,VP+,9.091406694861874,9.091406694861874,9.091406694347626
3.45,12.0,VP,8.022122418054273,False,0.02602120461312296,-32.35085343873267,-32.37687464334579,theta_up,large_gap,theta_up_theta_029_u_024_warm,7.235598615013153,VP+,8.022122418054273,8.022122418054273,8.022122417629955
3.5,12.0,VP,6.930649296416963,False,0.02673411425750416,-31.980008376638313,-32.00674249089582,theta_up,large_gap,theta_up_theta_030_u_024_warm,6.083244621135314,VP+,6.930649296416963,6.930649296416963,6.930649296066058
3.55,12.0,VP,5.81643297157305,False,0.025374317974371507,-31.60819142855054,-31.633565746524912,u_D_down,large_gap,u_D_down_theta_031_u_024_warm,4.904483112638143,VP+,5.81643297157305,5.81643297157305,5.816432971282101
3.6,12.0,VP,4.679022755731605,False,0.02190776575508835,-31.235311141816705,-31.257218907571794,u_D_down,large_gap,u_D_down_theta_032_u_024_warm,3.699669852684977,VP+,4.679022755731605,4.679022755731605,4.679022755490028
3.65,12.0,VP,3.51804927098971,False,0.016318151537866754,-30.861278066988184,-30.87759621852605,theta_up,large_gap,theta_up_theta_033_u_024_warm,2.4691550847206294,VP+,3.51804927098971,3.51804927098971,3.518049270788655
3.7,12.0,VP,2.3332081729878382,False,0.008603841886067443,-30.486004676178425,-30.494608518064492,theta_up,large_gap,theta_up_theta_034_u_024_warm,1.213282700798814,VP+,2.3332081729878382,2.3332081729878382,2.3332081728200436
3.75,12.0,IVC,-0.0676105030566169,True,-0.001224622197273817,-30.10940528812143,-30.108180665924156,u_D_down,large_gap,u_D_down_theta_035_u_024_warm,-0.0676105030566169,VP+,1.124247995781726,1.124247995781726,1.1242479956413796
3.8,12.0,IVC,-1.3731954817696137,True,-0.013146585452016524,-29.731396000198416,-29.7182494147464,u_D_down,large_gap,u_D_down_theta_036_u_024_warm,-1.3731954817696137,VP+,-0.1090391247799686,-0.1090391247799686,-0.1090391248974214
3.85,12.0,IVC,-2.703151506109652,True,-0.027132996847569757,-29.351894627569227,-29.324761630721657,u_D_down,large_gap,u_D_down_theta_037_u_024_warm,-2.703151506109652,VP+,-1.3668246658665737,-1.3668246658665737,-1.366824665965293
3.9,12.0,IVC,-4.0571666334525816,True,-0.0431478566381962,-28.970820649343057,-28.92767279270486,u_D_down,large_gap,u_D_down_theta_038_u_024_warm,-4.0571666334525816,VP+,-2.649249418006068,-2.649249418006068,-2.649249418089014
3.95,12.0,IVC,-23.27607745492633,True,-0.08827842667410124,-28.6152241438757,-28.5269457172016,theta_down,small_gap,theta_down_theta_039_u_024_warm,-23.27607745492633,VP+,-3.956428054426563,-3.956428054426563,-3.956428054496488
4.0,12.0,IVC,-24.305059627729975,True,-0.15633206418358014,-28.27888153325835,-28.12254946907477,u_D_up,small_gap,u_D_up_theta_040_u_024_warm,-24.305059627729975,VP+,-5.288452837661566,-5.288452837661566,-5.288452837720577
2.0,12.5,VP,22.91703696122268,False,0.03190277613256853,-43.611258698784425,-43.643161474916994,u_D_down,single_gap,u_D_down_theta_000_u_025_warm,28.023625359236433,VP+,22.91703696122268,22.91703696122268,22.917036761678357
2.05,12.5,VP,22.459488788512346,False,0.033252164094271563,-43.21407285706318,-43.24732502115745,u_D_down,single_gap,u_D_down_theta_001_u_025_warm,27.7562615347372,VP+,22.459488788512346,22.459488788512346,22.459488633949743
2.1,12.5,VP,21.970300709895344,False,0.03391487188662268,-42.82009584357834,-42.854010715464966,theta_down,single_gap,theta_down_theta_002_u_025_warm,27.458382970541447,VP+,21.970300709895344,21.970300709895344,21.970300589381367
2.15,12.5,VP,21.44806301181776,False,0.03377089471249661,-42.42911721930625,-42.462888114018746,u_D_up,single_gap,u_D_up_theta_003_u_025_warm,27.12945717379753,VP+,21.44806301181776,21.44806301181776,21.44806291724554
2.2,12.5,VP,20.891082987000996,False,0.03270642901751586,-42.040932729051,-42.07363915806852,theta_up,single_gap,theta_up_theta_004_u_025_warm,26.769048229949547,VP+,20.891082987000996,20.891082987000996,20.891082912315284
2.25,12.5,VP,20.29732235879777,False,0.03061586694912677,-41.655344204449634,-41.68596007139876,u_D_down,single_gap,u_D_down_theta_005_u_025_warm,26.376808066837164,VP+,20.29732235879777,20.29732235879777,20.297322299444907
2.3,12.5,VP,19.664315154065346,False,0.02740370991403296,-41.27215945674256,-41.29956316665659,u_D_down,single_gap,u_D_down_theta_006_u_025_warm,25.952468750822725,VP+,19.664315154065346,19.664315154065346,19.66431510659797
2.35,12.5,VP,18.98905720484141,False,0.022986488179739695,-40.891192152846166,-40.914178641025906,theta_up,single_gap,theta_up_theta_007_u_025_warm,25.495835586738743,VP+,18.98905720484141,18.98905720484141,18.989057166633163
2.4,12.5,VP,18.267853831094133,False,0.01729479973214154,-40.51226167384071,-40.52955647357285,theta_down,single_gap,theta_down_theta_008_u_025_warm,25.006780859298427,VP+,18.267853831094133,18.267853831094133,18.26785380013159
2.45,12.5,VP,17.49610438575647,False,0.010275620253594298,-40.13519295806176,-40.14546857831535,theta_down,single_gap,theta_down_theta_009_u_025_warm,24.485238098168143,VP+,17.49610438575647,17.49610438575647,17.496104360486388
2.5,12.5,VP,16.66798847937167,False,0.001895097907876675,-39.759816332226755,-39.76171143013463,u_D_down,single_gap,u_D_down_theta_010_u_025_warm,23.93119677941843,VP+,16.66798847937167,16.66798847937167,16.66798845858745
2.55,12.5,IVC,23.344697400439088,False,-0.007857848911314136,-39.385967334161414,-39.3781094852501,u_D_up,single_gap,u_D_up_theta_011_u_025_warm,23.344697400439088,VP+,15.775993148054994,15.775993148054994,15.775993130812118
2.6,12.5,IVC,22.725826877562252,False,-0.018966627133274017,-39.01348653027905,-38.99451990314578,theta_up,single_gap,theta_up_theta_012_u_025_warm,22.725826877562252,VP+,14.810170579545764,14.810170579545764,14.810170565097785
2.65,12.5,IVC,22.07471422362792,False,-0.031379905602499036,-38.64221933038208,-38.610839424779584,u_D_down,single_gap,u_D_down_theta_013_u_025_warm,22.07471422362792,VP+,13.756913025919747,13.756913025919747,13.756913013667678
2.7,12.5,IVC,21.391526475504847,False,-0.04500084027204565,-38.27201580177378,-38.22701496150174,u_D_up,single_gap,u_D_up_theta_014_u_025_warm,21.391526475504847,VP+,12.596800550425602,12.596800550425602,12.59680053987708
2.75,12.5,IVC,20.67646484260695,False,-0.05966950583727737,-37.90273048416842,-37.843060978331145,u_D_down,single_gap,u_D_down_theta_015_u_025_warm,20.67646484260695,VP+,11.300506627260525,11.300506627260525,11.300506617991148
2.8,12.5,IVC,19.92976105180114,False,-0.07513173341394719,-37.53422220652208,-37.459090473108134,theta_down,single_gap,theta_down_theta_016_u_025_warm,19.92976105180114,VP+,9.820154801171835,9.820154801171835,9.820154792779396
2.85,12.5,IVC,19.15167387708357,False,-0.09097717517494175,-37.16635390670323,-37.07537673152829,u_D_up,single_gap,u_D_up_theta_017_u_025_warm,19.15167387708357,VP+,8.06833068208796,8.06833068208796,8.068330674110701
2.9,12.5,IVC,18.342485836112942,False,-0.1064947213887848,-36.798992454868326,-36.69249773347954,u_D_up,single_gap,u_D_up_theta_018_u_025_warm,18.342485836112942,VP+,5.856411136346473,5.856411136346473,5.856411128043831
2.95,12.5,IVC,17.502500052354247,False,-0.12130291761699397,-36.43200848141995,-36.310705563802955,theta_up,single_gap,theta_up_theta_019_u_025_warm,17.502500052354247,VP+,1.617554778860601,1.617554778860601,1.617554792025409
3.0,12.5,IVC,16.632037280839246,False,-0.12168938480518676,-36.06527621041818,-35.943586825613,theta_up,single_gap,theta_up_theta_020_u_025_warm,16.632037280839246,VP+,6.214992466065045,6.214992466065045,6.214992473653798
3.05,12.5,IVC,15.731433101830127,False,-0.11792771549081493,-35.698673299205,-35.58074558371418,theta_down,single_gap,theta_down_theta_021_u_025_warm,15.731433101830127,VP+,9.52673699520907,9.52673699520907,9.52673699985911
3.1,12.5,IVC,14.801035287346952,False,-0.1124481185446129,-35.332080684795365,-35.21963256625075,theta_down,single_gap,theta_down_theta_022_u_025_warm,14.801035287346952,VP+,12.238917239546703,12.238917239546703,12.238917242738474
3.1500000000000004,12.5,IVC,13.84120134446948,False,-0.10650241554230178,-34.96538243732837,-34.85888002178607,u_D_down,single_gap,u_D_down_theta_023_u_025_warm,13.84120134446948,VP+,14.403906826916614,14.403906826916614,14.403906825460243
3.2,12.5,IVC,12.852296240205517,False,-0.10085064097513197,-34.59846562063601,-34.49761497966088,theta_down,single_gap,theta_down_theta_024_u_025_warm,12.852296240205517,VP+,13.414263049323797,13.414263049323797,13.414263048141487
3.25,12.5,IVC,11.834690306565856,False,-0.09600721549982438,-34.23122015981829,-34.13521294431847,theta_up,large_gap,theta_up_theta_025_u_025_warm,11.834690306565856,VP+,12.411638797828878,12.411638797828878,12.411638796864992
3.3,12.5,IVC,10.788757329462385,False,-0.09233998524281617,-33.86353871563237,-33.77119873038956,theta_up,large_gap,theta_up_theta_026_u_025_warm,10.788757329462385,VP+,11.393023092284697,11.393023092284697,11.39302309149647
3.35,12.5,IVC,9.714872805383497,False,-0.0901191805217465,-33.495316565465906,-33.40519738494416,u_D_down,large_gap,u_D_down_theta_027_u_025_warm,9.714872805383497,VP+,10.356369511957444,10.356369511957444,10.356369511310778
3.4000000000000004,12.5,IVC,8.613412371820857,False,-0.08954532747127075,-33.12645149065401,-33.03690616318274,u_D_down,large_gap,u_D_down_theta_028_u_025_warm,8.613412371820857,VP+,9.300202814993783,9.300202814993783,9.300202814461926
3.45,12.5,IVC,7.484750392651165,False,-0.09076680314586838,-32.75684366988871,-32.66607686674284,theta_up,large_gap,theta_up_theta_029_u_025_warm,7.484750392651165,VP+,8.223414925292744,8.223414925292744,8.223414924854147
3.5,12.5,IVC,6.329258689497333,False,-0.09389168220185695,-32.386395578463116,-32.29250389626126,u_D_down,large_gap,u_D_down_theta_030_u_025_warm,6.329258689497333,VP+,7.125148600688718,7.125148600688718,7.125148600326185
3.55,12.5,IVC,5.147305402785804,False,-0.09899616159395208,-32.01501189312285,-31.9160157315289,theta_up,large_gap,theta_up_theta_031_u_025_warm,5.147305402785804,VP+,6.004726133388619,6.004726133388619,6.004726133088319
3.6,12.5,IVC,3.9392539684375336,False,-0.10613079765533229,-31.642599402370553,-31.53646860471522,u_D_down,large_gap,u_D_down_theta_032_u_025_warm,3.9392539684375336,VP+,4.861603110933881,4.861603110933881,4.861603110684495
3.65,12.5,IVC,2.705462196014974,False,-0.11532527178307461,-31.269066922197695,-31.15374165041462,theta_up,large_gap,theta_up_theta_033_u_025_warm,2.705462196014974,VP+,3.69533704015333,3.69533704015333,3.695337039945791
3.7,12.5,IVC,1.4462814364896666,False,-0.12659212490920524,-30.894325217367637,-30.767733092458432,theta_up,large_gap,theta_up_theta_034_u_025_warm,1.4462814364896666,VP+,2.505565252623171,2.505565252623171,2.5055652524500367
3.75,12.5,IVC,0.1620558326326495,False,-0.13992974432793304,-30.518286928512364,-30.37835718418443,u_D_down,large_gap,u_D_down_theta_035_u_025_warm,0.1620558326326495,VP+,1.2919888584664072,1.2919888584664072,1.291988858321723
3.8,12.5,IVC,-1.1468783495040815,True,-0.15532479288108192,-30.140866505372983,-29.9855417124919,u_D_down,large_gap,u_D_down_theta_036_u_025_warm,-1.1468783495040815,VP+,0.0543607874390517,0.0543607874390517,0.0543607873177798
3.85,12.5,IVC,-2.4801933083584373,True,-0.17275421208497121,-29.76198014649432,-29.58922593440935,u_D_down,large_gap,u_D_down_theta_037_u_025_warm,-2.4801933083584373,VP+,-1.2075233242461074,-1.2075233242461074,-1.2075233243478074
3.9,12.5,IVC,-3.8375702086786454,True,-0.1921868929134014,-29.38154574555331,-29.18935885263991,theta_up,large_gap,theta_up_theta_038_u_025_warm,-3.8375702086786454,VP+,-2.4938322091215284,-2.4938322091215284,-2.4938322092070244
3.95,12.5,IVC,-5.218699593439375,True,-0.21358508257445052,-28.99948284429167,-28.78589776171722,u_D_down,large_gap,u_D_down_theta_039_u_025_warm,-5.218699593439375,VP+,-3.8047045536419866,-3.8047045536419866,-3.804704553713997
4.0,12.5,IVC,-6.623281702703606,True,-0.23690557811800517,-28.615712591763995,-28.37880701364599,theta_up,large_gap,theta_up_theta_040_u_025_warm,-6.623281702703606,VP+,-5.140253468217825,-5.140253468217825,-5.1402534682785905
2.0,13.0,VP,23.54229021557636,False,0.026221105482235885,-44.03146656141307,-44.057687666895305,theta_up,single_gap,theta_up_theta_000_u_026_mixed_seed_1,28.304887690100365,VP+,23.54229021557636,23.54229021557636,23.54229001252805
2.05,13.0,VP,23.104237398400635,False,0.0269246248773527,-43.63298154421305,-43.659906169090405,theta_up,single_gap,theta_up_theta_001_u_026_warm,28.03733198859847,VP+,23.104237398400635,23.104237398400635,23.10423724136416
2.1,13.0,VP,22.635944146552863,False,0.02690122078492152,-43.23777768514736,-43.26467890593228,theta_down,single_gap,theta_down_theta_002_u_026_warm,27.739355832846755,VP+,22.635944146552863,22.635944146552863,22.635944024303846
2.15,13.0,VP,22.13622095251908,False,0.02602601581889985,-42.845644104019215,-42.871670119838114,u_D_up,single_gap,u_D_up_theta_003_u_026_warm,27.410387117968632,VP+,22.13622095251908,22.13622095251908,22.1362208567462
2.2,13.0,VP,21.603644802661417,False,0.024179186224742466,-42.45637607087343,-42.480555257098175,u_D_up,single_gap,u_D_up_theta_004_u_026_warm,27.049953667079205,VP+,21.603644802661417,21.603644802661417,21.60364472716483
2.25,13.0,VP,21.03651085030499,False,0.02124787834183195,-42.0697748912427,-42.091022769584534,theta_up,single_gap,theta_up_theta_005_u_026_warm,26.657674679126284,VP+,21.03651085030499,21.03651085030499,21.036510790427972
2.3,13.0,VP,20.432770462603887,False,0.017127999466332255,-41.685647784741185,-41.70277578420752,theta_down,single_gap,theta_down_theta_006_u_026_warm,26.233253138007623,VP+,20.432770462603887,20.432770462603887,20.432770414825516
2.35,13.0,VP,19.78994976562788,False,0.011725948546036591,-41.303807749911215,-41.31553369845725,theta_up,single_gap,theta_up_theta_007_u_026_warm,25.776468948369203,VP+,19.78994976562788,19.78994976562788,19.789949727269008
2.4,13.0,VP,19.10504004061544,False,0.004960370011666271,-40.92407341421991,-40.92903378423158,theta_down,single_gap,theta_down_theta_008_u_026_warm,25.2871726311068,VP+,19.10504004061544,19.10504004061544,19.10504000962525
2.45,13.0,IVC,24.76527947261243,False,-0.003235961793699005,-40.54626887145085,-40.54303290965715,u_D_down,single_gap,u_D_down_theta_009_u_026_warm,24.76527947261243,VP+,18.37434676721171,18.37434676721171,18.37434674201054
2.5,13.0,IVC,24.21076405088763,False,-0.012913983675076679,-40.17022351011469,-40.15730952643961,u_D_down,single_gap,u_D_down_theta_010_u_026_warm,24.21076405088763,VP+,17.593276375100018,17.593276375100018,17.59327635446383
2.55,13.0,IVC,23.623655094106187,False,-0.02410570742699747,-39.795771836512706,-39.77166612908571,theta_up,single_gap,theta_up_theta_011_u_026_warm,23.623655094106187,VP+,16.75602619432481,16.75602619432481,16.756026177298725
2.6,13.0,IVC,23.004030633618285,False,-0.03682080437170043,-39.42275329538947,-39.38593249101777,theta_up,single_gap,theta_up_theta_012_u_026_warm,23.004030633618285,VP+,15.85511818231792,15.85511818231792,15.855118168151378
2.65,13.0,IVC,22.352013426000457,False,-0.05104193253759348,-39.0510120902301,-38.99997015769251,u_D_up,single_gap,u_D_up_theta_013_u_026_warm,22.352013426000457,VP+,14.880668789963696,14.880668789963696,14.880668778061027
2.7,13.0,IVC,21.667766620946164,False,-0.06671799953581115,-38.68039700451206,-38.61367900497625,u_D_down,single_gap,u_D_down_theta_014_u_026_warm,21.667766620946164,VP+,13.819187964295525,13.819187964295525,13.819187954177009
2.75,13.0,IVC,20.951489653959612,False,-0.08375389766636943,-38.310761224701665,-38.227007327035295,u_D_up,single_gap,u_D_up_theta_015_u_026_warm,20.951489653959612,VP+,12.651479267278432,12.651479267278432,12.651479258548092
2.8,13.0,IVC,20.203414350417734,False,-0.10199382632344367,-37.94196216546306,-37.83996833913962,u_D_down,single_gap,u_D_down_theta_016_u_026_warm,20.203414350417734,VP+,11.348673709020112,11.348673709020112,11.348673701335764
2.85,13.0,IVC,19.42380122029069,False,-0.12119190854661355,-37.57386129742766,-37.45266938888105,u_D_up,single_gap,u_D_up_theta_017_u_026_warm,19.42380122029069,VP+,9.863952695733346,9.863952695733346,9.863952688770702
2.9,13.0,IVC,18.612935938998746,False,-0.1409545023809713,-37.20632397791126,-37.06536947553029,theta_down,single_gap,theta_down_theta_018_u_026_warm,18.612935938998746,VP+,8.112840614186759,8.112840614186759,8.11284060757692
2.95,13.0,IVC,17.77112600138982,False,-0.16060869008747147,-36.839219285163495,-36.67861059507602,theta_up,single_gap,theta_up_theta_019_u_026_warm,17.77112600138982,VP+,5.917415426891477,5.917415426891477,5.917415420063087
3.0,13.0,IVC,16.89869755080532,False,-0.18017901302210504,-36.472419856948946,-36.29224084392684,u_D_down,single_gap,u_D_down_theta_020_u_026_warm,16.89869755080532,VP+,1.429975556647527,1.429975556647527,1.4299755671974452
3.05,13.0,IVC,15.995992386882495,False,-0.18599583959632326,-36.10580173440566,-35.919805894809336,theta_up,single_gap,theta_up_theta_021_u_026_warm,15.995992386882495,VP+,5.975329952355409,5.975329952355409,5.9753299587765625
3.1,13.0,IVC,15.063365155713136,False,-0.18790137744571922,-35.739244212084515,-35.551342834638795,theta_down,single_gap,theta_down_theta_022_u_026_warm,15.063365155713136,VP+,9.325775946724406,9.325775946724406,9.325775950682342
3.1500000000000004,13.0,IVC,14.10118073361222,False,-0.18818602914831217,-35.372629694862866,-35.184443665714554,u_D_down,single_gap,u_D_down_theta_023_u_026_warm,14.10118073361222,VP+,12.069103125672203,12.069103125672203,12.069103128392452
3.2,13.0,IVC,13.109811804996014,False,-0.18806644836318043,-35.005843562113384,-34.8177771137502,u_D_up,single_gap,u_D_up_theta_024_u_026_warm,13.109811804996014,VP+,13.629696743936504,13.629696743936504,13.62969674405674
3.25,13.0,IVC,12.089636645109046,False,-0.1882794120631175,-34.63877403920174,-34.450494627138625,u_D_up,single_gap,u_D_up_theta_025_u_026_warm,12.089636645109046,VP+,12.661391694321704,12.661391694321704,12.661391693322413
3.3,13.0,IVC,11.04103709388228,False,-0.18932118064901715,-34.27131207615933,-34.081990895510316,u_D_down,large_gap,u_D_down_theta_026_u_026_warm,11.04103709388228,VP+,11.630358537162266,11.630358537162266,11.630358536346108
3.35,13.0,IVC,9.964396734852642,False,-0.19154496337976212,-33.90335123326024,-33.711806269880476,u_D_down,large_gap,u_D_down_theta_027_u_026_warm,9.964396734852642,VP+,10.583257879881652,10.583257879881652,10.583257879212848
3.4000000000000004,13.0,IVC,8.860099249577221,False,-0.19520898835859413,-33.53478757317646,-33.339578584817865,theta_up,large_gap,theta_up_theta_028_u_026_warm,8.860099249577221,VP+,9.518069045726282,9.518069045726282,9.518069045176675
3.45,13.0,IVC,7.728526955176399,False,-0.20050380702727466,-33.16551955937317,-32.9650157523459,theta_up,large_gap,theta_up_theta_029_u_026_warm,7.728526955176399,VP+,8.433339152148427,8.433339152148427,8.433339151695478
3.5,13.0,IVC,6.570059502454672,False,-0.20756941786755334,-32.795447960390554,-32.587878542523,theta_down,large_gap,theta_down_theta_030_u_026_warm,6.570059502454672,VP+,7.327978921260012,7.327978921260012,7.327978920885698
3.55,13.0,IVC,5.385072721199517,False,-0.2165067992530041,-32.424475759652154,-32.20796896039915,u_D_down,large_gap,u_D_down_theta_031_u_026_warm,5.385072721199517,VP+,6.201146716840871,6.201146716840871,6.201146716530914
3.6,13.0,IVC,4.173937591777399,False,-0.22738610065229636,-32.05250807047081,-31.82512196981851,theta_down,large_gap,theta_down_theta_032_u_026_warm,4.173937591777399,VP+,5.052177718921545,5.052177718921545,5.05217771866424
3.65,13.0,IVC,2.937019332715451,False,-0.24025270217159544,-31.67945205600502,-31.439199353833423,theta_down,large_gap,theta_down_theta_033_u_026_warm,2.937019332715451,VP+,3.880538130854181,3.880538130854181,3.8805381306401223
3.7,13.0,IVC,1.6746765773882046,False,-0.2551318424646496,-31.305216854069595,-31.050085011604946,theta_up,large_gap,theta_up_theta_034_u_026_warm,1.6746765773882046,VP+,2.6857941857616225,2.6857941857616225,2.6857941855831555
3.75,13.0,IVC,0.3872606336734598,False,-0.27203224425121775,-30.9297135068869,-30.65768126263568,theta_down,large_gap,theta_down_theta_035_u_026_warm,0.3872606336734598,VP+,1.46759036962996,1.46759036962996,1.4675903694807602
3.8,13.0,IVC,-0.924885179295007,True,-0.2909490134962631,-30.552854896036006,-30.261905882539743,theta_down,large_gap,theta_down_theta_036_u_026_warm,-0.924885179295007,VP+,0.2256336375819572,0.2256336375819572,0.2256336374570757
3.85,13.0,IVC,-2.261426129690161,True,-0.31186599699255524,-30.174555682963785,-29.86268968597123,theta_down,large_gap,theta_down_theta_037_u_026_warm,-2.261426129690161,VP+,-1.040318330985702,-1.040318330985702,-1.0403183310904929
3.9,13.0,IVC,-3.6220365916321207,True,-0.334757726203474,-29.79473225541677,-29.459974529213294,theta_up,large_gap,theta_up_theta_038_u_026_warm,-3.6220365916321207,VP+,-2.330466068549182,-2.330466068549182,-2.330466068637289
3.95,13.0,IVC,-5.006400489647046,True,-0.3595910383830976,-29.413302680033368,-29.05371164165027,theta_down,large_gap,theta_down_theta_039_u_026_warm,-5.006400489647046,VP+,-3.644975248728908,-3.644975248728908,-3.644975248803096
4.0,13.0,IVC,-6.4142116512311205,True,-0.38632644133141625,-29.03018666111164,-28.643860219780223,theta_down,large_gap,theta_down_theta_040_u_026_mixed_seed_7,-6.4142116512311205,VP+,-4.9839821504157875,-4.9839821504157875,-4.983982150478358
2.0,13.5,VP,24.147043522748294,False,0.021041388415504514,-44.45391563179212,-44.474957020207626,theta_up,single_gap,theta_up_theta_000_u_027_ordered,28.57555516834539,VP+,24.147043522748294,24.147043522748294,24.147043316051825
2.05,13.5,VP,23.72731951881731,False,0.02114943603103825,-44.05417436090784,-44.075323796938875,theta_down,single_gap,theta_down_theta_001_u_027_warm,28.307941956803223,VP+,23.72731951881731,23.72731951881731,23.727319359189863
2.1,13.5,VP,23.278566230277125,False,0.020495068353895363,-43.65778473040352,-43.678279798757416,u_D_down,single_gap,u_D_down_theta_002_u_027_warm,28.010007351424665,VP+,23.278566230277125,23.278566230277125,23.278566106194106
2.15,13.5,VP,22.79977571871206,False,0.01894946400943809,-43.26453528433358,-43.28348474834302,theta_down,single_gap,theta_down_theta_003_u_027_warm,27.681141689645308,VP+,22.79977571871206,22.79977571871206,22.799775621651513
2.2,13.5,VP,22.289744798349624,False,0.01638785523125108,-42.874220688869045,-42.890608544100296,u_D_up,single_gap,u_D_up_theta_004_u_027_warm,27.320837700112993,VP+,22.289744798349624,22.289744798349624,22.28974472196294
2.25,13.5,VP,21.74703687615638,False,0.012691396308390779,-42.486641605226495,-42.499333001534886,u_D_down,single_gap,u_D_down_theta_005_u_027_warm,26.928682275070276,VP+,21.74703687615638,21.74703687615638,21.747036815680858
2.3,13.5,VP,21.16993414962358,False,0.007748876481144862,-42.10160455911301,-42.10935343559415,theta_down,single_gap,theta_down_theta_006_u_027_warm,26.504349149550787,VP+,21.16993414962358,21.16993414962358,21.169934101462307
2.35,13.5,VP,20.556376103189827,False,0.0014583281003766047,-41.71892179788799,-41.72038012598836,theta_down,single_gap,theta_down_theta_007_u_027_warm,26.04759222696031,VP+,20.556376103189827,20.556376103189827,20.556376064609225
2.4,13.5,IVC,25.55823937330391,False,-0.006271406177475569,-41.338411133738575,-41.3321397275611,theta_down,single_gap,theta_down_theta_008_u_027_warm,25.55823937330391,VP+,19.903878541433592,19.903878541433592,19.90387851034362
2.45,13.5,IVC,25.03618657193195,False,-0.01551906745673648,-40.95989577515698,-40.94437670770024,u_D_up,single_gap,u_D_up_theta_009_u_027_warm,25.03618657193195,VP+,19.209424651119814,19.209424651119814,19.209424625912902
2.5,13.5,IVC,24.481392372778885,False,-0.02634923374078113,-40.58320415080517,-40.55685491706439,theta_down,single_gap,theta_down_theta_010_u_027_warm,24.481392372778885,VP+,18.469315074399887,18.469315074399887,18.46931505383241
2.55,13.5,IVC,23.893872603683747,False,-0.03881029530883495,-40.20816973006339,-40.169359434754554,theta_down,single_gap,theta_down_theta_011_u_027_warm,23.893872603683747,VP+,17.678956359443077,17.678956359443077,17.67895634254713
2.6,13.5,IVC,23.273695327170536,False,-0.05293195926828531,-39.83463084372873,-39.78169888446045,u_D_up,single_gap,u_D_up_theta_012_u_027_warm,23.273695327170536,VP+,16.83255381782841,16.83255381782841,16.832553803845826
2.65,13.5,IVC,22.62097603427074,False,-0.06872199517845701,-39.46243050704012,-39.39370851186166,theta_up,single_gap,theta_up_theta_013_u_027_warm,22.62097603427074,VP+,15.922650429972894,15.922650429972894,15.92265041830549
2.7,13.5,IVC,21.9358730681956,False,-0.08616176591733193,-39.09141624600108,-39.00525448008375,theta_down,single_gap,theta_down_theta_014_u_027_warm,21.9358730681956,VP+,14.939406442159449,14.939406442159449,14.939406432330422
2.75,13.5,IVC,21.21858327124626,False,-0.10519977595453867,-38.72143992715438,-38.61624015119984,u_D_down,single_gap,u_D_down_theta_015_u_027_warm,21.21858327124626,VP+,13.86941801096754,13.86941801096754,13.869418002591395
2.8,13.5,IVC,20.469337842671575,False,-0.12574185025544438,-38.352357590543335,-38.22661574028789,u_D_up,single_gap,u_D_up_theta_016_u_027_warm,20.469337842671575,VP+,12.693660872537324,12.693660872537324,12.693660865294788
2.85,13.5,IVC,19.688398404485564,False,-0.14763522882400082,-37.984029285489704,-37.8363940566657,theta_up,single_gap,theta_up_theta_017_u_027_warm,19.688398404485564,VP+,11.38363297116932,11.38363297116932,11.38363296478362
2.9,13.5,IVC,18.876053258254483,False,-0.17064072000056996,-37.61631890893453,-37.44567818893396,theta_down,single_gap,theta_down_theta_018_u_027_warm,18.876053258254483,VP+,9.893393137831868,9.893393137831868,9.893393132040451
2.95,13.5,IVC,18.032613834453983,False,-0.19437866199089626,-37.24909404638205,-37.05471538439115,u_D_down,single_gap,u_D_down_theta_019_u_027_warm,18.032613834453983,VP+,8.140963047170583,8.140963047170583,8.140963041677491
3.0,13.5,IVC,17.158411321718948,False,-0.21820848787251634,-36.88222581590272,-36.664017328030205,theta_down,single_gap,theta_down_theta_020_u_027_warm,17.158411321718948,VP+,5.95754589354754,5.95754589354754,5.957545887908488
3.05,13.5,IVC,16.253793486783987,False,-0.2424571691675652,-36.51558871606898,-36.27313154690142,theta_up,single_gap,theta_up_theta_021_u_027_warm,16.253793486783987,VP+,1.2981021599492308,1.2981021599492308,1.2981021684186371
3.1,13.5,IVC,15.31912168161394,False,-0.2536074655809344,-36.14906047895284,-35.895453013371906,theta_down,single_gap,theta_down_theta_022_u_027_warm,15.31912168161394,VP+,5.769506046450559,5.769506046450559,5.769506051860851
3.1500000000000004,13.5,IVC,14.354768056486428,False,-0.2611140165741972,-35.782521929326236,-35.52140791275204,theta_down,single_gap,theta_down_theta_023_u_027_warm,14.354768056486428,VP+,9.1473431242562,9.1473431242562,9.147343127620807
3.2,13.5,IVC,13.361112979103297,False,-0.26710818365007327,-35.41585685094947,-35.148748667299394,u_D_down,single_gap,u_D_down_theta_024_u_027_warm,13.361112979103297,VP+,11.917728520995738,11.917728520995738,11.917728523313272
3.25,13.5,IVC,12.338542671274949,False,-0.27276435954590283,-35.048951860438635,-34.77618750089273,u_D_up,single_gap,u_D_up_theta_025_u_027_warm,12.338542671274949,VP+,12.823513382507738,12.823513382507738,12.823513382620613
3.3,13.5,IVC,11.28744706613077,False,-0.27879386644404747,-34.681696288797404,-34.40290242235336,u_D_up,single_gap,u_D_up_theta_026_u_027_warm,11.28744706613077,VP+,11.878860135610957,11.878860135610957,11.878860134765745
3.35,13.5,IVC,10.208217872630954,False,-0.2856738363550946,-34.313982070396314,-34.02830823404122,u_D_down,single_gap,u_D_down_theta_027_u_027_warm,10.208217872630954,VP+,10.819896969855058,10.819896969855058,10.819896969163471
3.4000000000000004,13.5,IVC,9.101246858064512,False,-0.29374230683188074,-33.94570363901809,-33.65196133218621,theta_up,large_gap,theta_up_theta_028_u_027_warm,9.101246858064512,VP+,9.744765512802095,9.744765512802095,9.744765512234263
3.45,13.5,IVC,7.966924315393832,False,-0.303245166494186,-33.57675783052006,-33.27351266402587,theta_up,large_gap,theta_up_theta_029_u_027_warm,7.966924315393832,VP+,8.65147612365137,8.65147612365137,8.651476123183748
3.5,13.5,IVC,6.805637720240217,False,-0.3143627619185807,-33.207043791652104,-32.892681029733524,theta_down,large_gap,theta_down_theta_030_u_027_warm,6.805637720240217,VP+,7.538601313040335,7.538601313040335,7.538601312654254
3.55,13.5,IVC,5.617770550439651,False,-0.3272265485255943,-32.836462894552746,-32.50923634602715,theta_down,large_gap,theta_down_theta_031_u_027_warm,5.617770550439651,VP+,6.405072480429293,6.405072480429293,6.405072480109617
3.6,13.5,IVC,4.403701251470249,False,-0.3419302882599098,-32.46491865644884,-32.12298836818893,u_D_down,large_gap,u_D_down_theta_032_u_027_warm,4.403701251470249,VP+,5.250064834387615,5.250064834387615,5.250064834122391
3.65,13.5,IVC,3.1638023267117283,False,-0.35853799527053454,-32.09231666411305,-31.733778668842515,theta_down,large_gap,theta_down_theta_033_u_027_warm,3.1638023267117283,VP+,4.072927310811732,4.072927310811732,4.072927310591272
3.7,13.5,IVC,1.898439535637877,False,-0.377089810572798,-31.718564502736513,-31.341474692163715,theta_down,large_gap,theta_down_theta_034_u_027_warm,1.898439535637877,VP+,2.873137373213634,2.873137373213634,2.8731373730298593
3.75,13.5,IVC,0.6079711727648629,False,-0.3976064873239977,-31.343571689042577,-30.94596520171858,theta_up,large_gap,theta_up_theta_035_u_027_warm,0.6079711727648629,VP+,1.6502704886628443,1.6502704886628443,1.650270488509307
3.8,13.5,IVC,-0.7072525801145062,True,-0.4200929039109411,-30.96724960869085,-30.54715670477991,u_D_down,large_gap,u_D_down_theta_036_u_027_warm,-0.7072525801145062,VP+,0.4039787203086789,0.4039787203086789,0.4039787201802127
3.85,13.5,IVC,-2.046890236623124,True,-0.4445408727978162,-30.58951145823208,-30.144970585434265,theta_down,large_gap,theta_down_theta_037_u_027_warm,-2.046890236623124,VP+,-0.8660247636384568,-0.8660247636384568,-0.8660247637462355
3.9,13.5,IVC,-3.4106095291748773,True,-0.47093142431394597,-30.210272192014145,-29.7393407677002,theta_up,large_gap,theta_up_theta_038_u_027_warm,-3.4106095291748773,VP+,-2.1599772007378277,-2.1599772007378277,-2.1599772008283686
3.95,13.5,IVC,-4.798087869838291,True,-0.49923668934049203,-29.8294484744653,-29.330211785124806,theta_down,large_gap,theta_down_theta_039_u_027_warm,-4.798087869838291,VP+,-3.478074980906406,-3.478074980906406,-3.4780749809826155
4.0,13.5,IVC,-6.209012731171253,True,-0.5294214691324335,-29.446958638061066,-28.917537168928632,theta_down,large_gap,theta_down_theta_040_u_027_mixed_seed_13,-6.209012731171253,VP+,-4.820480423607677,-4.820480423607677,-4.820480423672048
2.0,14.0,VP,24.732457708023148,False,0.01631622494428342,-44.878496393835334,-44.89481261877962,theta_up,single_gap,theta_up_theta_000_u_028_mixed_seed_29,28.83596097618952,VP+,24.732457708023148,24.732457708023148,24.73245749753936
2.05,14.0,VP,24.330051578532135,False,0.01587357417613333,-44.477539457508605,-44.49341303168474,theta_down,single_gap,theta_down_theta_001_u_028_warm,28.56840081311171,VP+,24.330051578532135,24.330051578532135,24.33005141620343
2.1,14.0,VP,23.899671353765903,False,0.014636935560460529,-44.08000291634921,-44.09463985190967,theta_down,single_gap,theta_down_theta_002_u_028_warm,28.270623782808865,VP+,23.899671353765903,23.899671353765903,23.899671227758027
2.15,14.0,VP,23.44046083350213,False,0.012474311234576874,-43.68567462940885,-43.69814894064343,theta_up,single_gap,theta_up_theta_003_u_028_warm,27.94198493700384,VP+,23.44046083350213,23.44046083350213,23.44046073507613
2.2,14.0,VP,22.95139861173398,False,0.009256871858077886,-43.29434855252191,-43.30360542437999,u_D_down,single_gap,u_D_down_theta_004_u_028_warm,27.5819433150099,VP+,22.95139861173398,22.95139861173398,22.951398534388087
2.25,14.0,VP,22.43126729821182,False,0.004860798359423768,-42.90582460004246,-42.91068539840188,theta_up,single_gap,theta_up_theta_005_u_028_warm,27.190054128628688,VP+,22.43126729821182,22.43126729821182,22.43126723707433
2.3,14.0,IVC,26.765961836002504,False,-0.0008310529298185543,-42.519908509139896,-42.51907745621008,theta_up,single_gap,theta_up_theta_006_u_028_warm,26.765961836002504,VP+,21.878615861049575,21.878615861049575,21.878615812445535
2.35,14.0,IVC,26.30939380019682,False,-0.007927621039030441,-42.13641169391504,-42.12848407287601,theta_up,single_gap,theta_up_theta_007_u_028_warm,26.30939380019682,VP+,21.291712180757997,21.291712180757997,21.291712141897708
2.4,14.0,IVC,25.82015432873157,False,-0.016528196154858676,-41.75515108551987,-41.73862288936501,u_D_down,single_gap,u_D_down_theta_008_u_028_warm,25.82015432873157,VP+,20.66848183902161,20.66848183902161,20.668481807774384
2.45,14.0,IVC,25.29811897060416,False,-0.02672099860291155,-41.37594895989991,-41.349227961297,theta_down,single_gap,theta_down_theta_009_u_028_warm,25.29811897060416,VP+,20.00642746757987,20.00642746757987,20.006427442308844
2.5,14.0,IVC,24.743229005490047,False,-0.038581704755529245,-40.998632757421234,-40.960051052665705,theta_up,single_gap,theta_up_theta_010_u_028_warm,24.743229005490047,VP+,19.302520250722363,19.302520250722363,19.30252023016302
2.55,14.0,IVC,24.15548609783258,False,-0.052171822459193606,-40.62303489942581,-40.57086307696662,u_D_up,single_gap,u_D_up_theta_011_u_028_warm,24.15548609783258,VP+,18.55305070504177,18.55305070504177,18.553050688211655
2.6,14.0,IVC,23.534947121350022,False,-0.06753678543602604,-40.24899260622739,-40.18145582079136,theta_down,single_gap,theta_down_theta_012_u_028_warm,23.534947121350022,VP+,17.753418329000297,17.753418329000297,17.753418315131544
2.65,14.0,IVC,22.88171916233264,False,-0.08470358204684203,-39.87634771966067,-39.79164413761383,u_D_down,single_gap,u_D_down_theta_013_u_028_warm,22.88171916233264,VP+,16.897826571388496,16.897826571388496,16.897826559877238
2.7,14.0,IVC,22.195954719209293,False,-0.1036776424487087,-39.50494653158391,-39.4012688891352,theta_up,single_gap,theta_up_theta_014_u_028_warm,22.195954719209293,VP+,15.978825589962216,15.978825589962216,15.97882558033006
2.75,14.0,IVC,21.4778471087631,False,-0.12443854748953243,-39.13463961829862,-39.01020107080909,u_D_down,single_gap,u_D_down_theta_015_u_028_warm,21.4778471087631,VP+,14.986599297018468,14.986599297018468,14.986599288882871
2.8,14.0,IVC,20.727626081718967,False,-0.1469338251846395,-38.76528168000094,-38.6183478548163,theta_down,single_gap,theta_down_theta_016_u_028_warm,20.727626081718967,VP+,13.907799512371527,13.907799512371527,13.90779950542171
2.85,14.0,IVC,19.945553650219,False,-0.17106951409114401,-38.39673138409565,-38.22566187000451,theta_up,single_gap,theta_up_theta_017_u_028_warm,19.945553650219,VP+,12.723525176630892,12.723525176630892,12.723525170608664
2.9,14.0,IVC,19.131920120373117,False,-0.19669492536294086,-38.02885121132064,-37.8321562859577,u_D_down,single_gap,u_D_down_theta_018_u_028_warm,19.131920120373117,VP+,11.40555662984275,11.40555662984275,11.405556624523715
2.95,14.0,IVC,18.287040329077417,False,-0.22357612384334402,-37.661507303986866,-37.43793118014352,u_D_down,single_gap,u_D_down_theta_019_u_028_warm,18.287040329077417,VP+,9.908666916036822,9.908666916036822,9.908666911207645
3.0,14.0,IVC,17.411250076289328,False,-0.25134503935461794,-37.294569316170055,-37.04322427681544,u_D_down,single_gap,u_D_down_theta_020_u_028_warm,17.411250076289328,VP+,8.152992878054171,8.152992878054171,8.15299287347624
3.05,14.0,IVC,16.50490275391777,False,-0.2793884996096736,-36.92791026632277,-36.648521766713095,theta_up,single_gap,theta_up_theta_021_u_028_warm,16.50490275391777,VP+,5.977580139027271,5.977580139027271,5.977580134352809
3.1,14.0,IVC,15.568366172108869,False,-0.3082469630023681,-36.561406393357046,-36.25315943035468,u_D_up,single_gap,u_D_up_theta_022_u_028_warm,15.568366172108869,VP+,1.2156104765942215,1.2156104765942215,1.215610483414963
3.1500000000000004,14.0,IVC,14.602019594751956,False,-0.3246445642268938,-36.19493701761247,-35.870292453385574,theta_up,single_gap,theta_up_theta_023_u_028_warm,14.602019594751956,VP+,5.599014818810893,5.599014818810893,5.599014823352054
3.2,14.0,IVC,13.606250988829125,False,-0.33768652429585444,-35.828384408142156,-35.4906978838463,u_D_down,single_gap,u_D_down_theta_024_u_028_warm,13.606250988829125,VP+,8.992849115192765,8.992849115192765,8.9928491180493
3.25,14.0,IVC,12.581454506080233,False,-0.34933478008357355,-35.46163365743009,-35.11229887734652,u_D_down,single_gap,u_D_down_theta_025_u_028_warm,12.581454506080233,VP+,11.283999837764153,11.283999837764153,11.2839998380049
3.3,14.0,IVC,11.52802819555557,False,-0.3607149684742055,-35.09457256414047,-34.733857595666265,u_D_down,single_gap,u_D_down_theta_026_u_028_warm,11.52802819555557,VP+,12.000668500636806,12.000668500636806,12.000668500741014
3.35,14.0,IVC,10.44637195143414,False,-0.372510909340491,-34.72709152397775,-34.35458061463726,u_D_up,single_gap,u_D_up_theta_027_u_028_warm,10.44637195143414,VP+,11.0667966781969,11.0667966781969,11.066796677481587
3.4000000000000004,14.0,IVC,9.33688569059223,False,-0.38517975218570655,-34.35908342834704,-33.973903676161335,u_D_down,single_gap,u_D_down_theta_028_u_028_warm,9.33688569059223,VP+,9.980352616903147,9.980352616903147,9.98035261631664
3.45,14.0,IVC,8.19996774430346,False,-0.39904391990227595,-33.99044357028639,-33.59139965038411,theta_up,large_gap,theta_up_theta_029_u_028_warm,8.19996774430346,VP+,8.877615831553754,8.877615831553754,8.877615831071306
3.5,14.0,IVC,7.036013457662037,False,-0.41433669896319714,-33.62106955707455,-33.20673285811135,u_D_down,large_gap,u_D_down_theta_030_u_028_warm,7.036013457662037,VP+,7.756632967930983,7.756632967930983,7.756632967532919
3.55,14.0,IVC,5.845413970811297,False,-0.43122806265868974,-33.250861228899645,-32.819633166240955,theta_up,large_gap,theta_up_theta_031_u_028_warm,5.845413970811297,VP+,6.616004907506138,6.616004907506138,6.6160049071768725
3.6,14.0,IVC,4.628555168357863,False,-0.4498408109180403,-32.87972058297828,-32.42987977206024,u_D_down,large_gap,u_D_down_theta_032_u_028_warm,4.628555168357863,VP+,5.454685558292635,5.454685558292635,5.454685558019538
3.65,14.0,IVC,3.385816770659389,False,-0.47026141355330964,-32.507551702519656,-32.03729028896635,theta_up,large_gap,theta_up_theta_033_u_028_warm,3.385816770659389,VP+,4.2718681748064,4.2718681748064,4.271868174579367
3.7,14.0,IVC,2.1175715455917015,False,-0.49254769976600343,-32.13426068997132,-31.641712990205317,theta_up,large_gap,theta_up_theta_034_u_028_warm,2.1175715455917015,VP+,3.066916284102053,3.066916284102053,3.066916283912988
3.75,14.0,IVC,0.8241846162225137,False,-0.5167345415310223,-31.759755604100025,-31.243021062569003,u_D_down,large_gap,u_D_down_theta_035_u_028_warm,0.8241846162225137,VP+,1.8393192276349843,1.8393192276349843,1.8393192274119663
3.8,14.0,IVC,-0.4939871555828041,True,-0.5428381920766512,-31.38394640066011,-30.84110820858346,theta_down,large_gap,theta_down_theta_036_u_028_warm,-0.4939871555828041,VP+,0.5886621894745296,0.5886621894745296,0.588662189342319
3.85,14.0,IVC,-1.836595725179695,True,-0.5708596835989965,-31.00674487666394,-30.435885193064944,theta_down,large_gap,theta_down_theta_037_u_028_warm,-1.836595725179695,VP+,-0.6853947898969537,-0.6853947898969537,-0.6853947900077983
3.9,14.0,IVC,-3.2033023712970916,True,-0.6007875435379191,-30.62806461852441,-30.02727707498649,theta_down,large_gap,theta_down_theta_038_u_028_warm,-3.2033023712970916,VP+,-1.9831319819385984,-1.9831319819385984,-1.983131982031736
3.95,14.0,IVC,-4.593778149456746,True,-0.6326000027540317,-30.24782095451888,-29.615220951764847,theta_up,large_gap,theta_up_theta_039_u_028_warm,-4.593778149456746,VP+,-3.304781226600195,-3.304781226600195,-3.304781226678525
4.0,14.0,IVC,-6.007704292900506,True,-0.6662668155209985,-29.86593091207658,-29.19966409655558,theta_down,large_gap,theta_down_theta_040_u_028_mixed_seed_1,-6.007704292900506,VP+,-4.65053447932107,-4.65053447932107,-4.650534479387172
2.0,14.5,VP,25.29955592736936,False,0.0120038906751887,-45.305107455618526,-45.317111346293714,theta_up,single_gap,theta_up_theta_000_u_029_ordered,29.08645501873977,VP+,25.29955592736936,25.29955592736936,25.29955571296256
2.05,14.5,VP,24.913584565542124,False,0.01105055957375356,-44.90297328327478,-44.914023842848536,u_D_up,single_gap,u_D_up_theta_001_u_029_warm,28.819036110578356,VP+,24.913584565542124,24.913584565542124,24.91358440040668
2.1,14.5,VP,24.500563675900604,False,0.009274907072388316,-44.504326640373925,-44.513601547446314,u_D_down,single_gap,u_D_down_theta_002_u_029_warm,28.52151072444252,VP+,24.500563675900604,24.500563675900604,24.500563547882848
2.15,14.5,VP,24.05976542820996,False,0.006542403729255852,-44.10895460439328,-44.11549700812254,theta_down,single_gap,theta_down_theta_003_u_029_warm,28.193201057478507,VP+,24.05976542820996,24.05976542820996,24.05976532834745
2.2,14.5,VP,23.59032074769283,False,0.002720891946225379,-43.71665033399821,-43.719371225944435,u_D_up,single_gap,u_D_up_theta_004_u_029_warm,27.833534106100977,VP+,23.59032074769283,23.59032074769283,23.590320669326175
2.25,14.5,IVC,27.442034285588377,False,-0.0023175827934025506,-43.327212913493376,-43.324895330699974,theta_up,single_gap,theta_up_theta_005_u_029_warm,27.442034285588377,VP+,23.091193940778695,23.091193940778695,23.09119387892404
2.3,14.5,IVC,27.01831696796005,False,-0.008695132271377304,-42.940447210749554,-42.931752078478176,theta_up,single_gap,theta_up_theta_006_u_029_warm,27.01831696796005,VP+,22.56115243270505,22.56115243270505,22.561152383607233
2.35,14.5,IVC,26.56208258521095,False,-0.016526544961095624,-42.556163731030466,-42.53963718606937,theta_up,single_gap,theta_up_theta_007_u_029_warm,26.56208258521095,VP+,21.99872944056036,21.99872944056036,21.998729401371996
2.4,14.5,IVC,26.073111048086556,False,-0.025917922336816446,-42.1741784583802,-42.14826053604338,u_D_up,single_gap,u_D_up_theta_008_u_029_warm,26.073111048086556,VP+,21.40217673703584,21.40217673703584,21.40217670558416
2.45,14.5,IVC,25.551256326028216,False,-0.036965381696305144,-41.794312683653615,-41.75734730195731,u_D_down,single_gap,u_D_down_theta_009_u_029_warm,25.551256326028216,VP+,20.76940358813379,20.76940358813379,20.769403562751897
2.5,14.5,IVC,24.99644110616945,False,-0.04975376567404055,-41.41639282261729,-41.36663905694325,theta_down,single_gap,theta_down_theta_010_u_029_warm,24.99644110616945,VP+,20.09789625196251,20.09789625196251,20.097896231363748
2.55,14.5,IVC,24.408651507286883,False,-0.0643552854086451,-41.04025022937338,-40.97589494396473,u_D_down,single_gap,u_D_down_theta_011_u_029_warm,24.408651507286883,VP+,19.38460970017255,19.38460970017255,19.384609683358907
2.6,14.5,IVC,23.78793185405618,False,-0.08082800426794279,-40.665721010548936,-40.58489300628099,u_D_up,single_gap,u_D_up_theta_012_u_029_warm,23.78793185405618,VP+,18.62581878091007,18.62581878091007,18.625818767102658
2.65,14.5,IVC,23.134379549495293,False,-0.09921403716685973,-40.29264584473312,-40.19343180756626,theta_up,single_gap,theta_up_theta_013_u_029_warm,23.134379549495293,VP+,17.816908576978868,17.816908576978868,17.81690856556659
2.7,14.5,IVC,22.44814007935121,False,-0.11953728823969101,-39.92086980986609,-39.8013325216264,theta_down,single_gap,theta_down_theta_014_u_029_warm,22.44814007935121,VP+,16.95207069809143,16.95207069809143,16.95207068859181
2.75,14.5,IVC,21.729402189890955,False,-0.14180046138192637,-39.55024221925357,-39.40844175787164,theta_down,single_gap,theta_down_theta_015_u_029_warm,21.729402189890955,VP+,16.02384861435845,16.02384861435845,16.023848606388043
2.8,14.5,IVC,20.97839325907835,False,-0.1659809234742724,-39.18061646526571,-39.014635541791435,u_D_up,single_gap,u_D_up_theta_016_u_029_warm,20.97839325907835,VP+,15.02242996811032,15.02242996811032,15.0224299613608
2.85,14.5,IVC,20.195374879218875,False,-0.19202471502313756,-38.8118498689225,-38.61982515389936,theta_down,single_gap,theta_down_theta_017_u_029_warm,20.195374879218875,VP+,13.93449236486196,13.93449236486196,13.934492359082697
2.9,14.5,IVC,19.380638656591312,False,-0.21983744443274844,-38.443803533433965,-38.223966089001216,u_D_down,single_gap,u_D_down_theta_018_u_029_warm,19.380638656591312,VP+,12.74121081165785,12.74121081165785,12.741210806639138
2.95,14.5,IVC,18.534502226334578,False,-0.24926962470348712,-38.076342200102545,-37.82707257539906,u_D_up,single_gap,u_D_up_theta_019_u_029_warm,18.534502226334578,VP+,11.414568430241433,11.414568430241433,11.41456842580062
3.0,14.5,IVC,17.657305483361508,False,-0.28009130086102374,-37.70933410558749,-37.429242804726464,u_D_up,single_gap,u_D_up_theta_020_u_029_warm,17.657305483361508,VP+,9.909903548325996,9.909903548325996,9.909903544289406
3.05,14.5,IVC,16.74940701910137,False,-0.3119438886355539,-37.34265084029252,-37.03070695165697,u_D_down,single_gap,u_D_down_theta_021_u_029_warm,16.74940701910137,VP+,8.149135002157657,8.149135002157657,8.149134998332038
3.1,14.5,IVC,15.81118076833948,False,-0.34423737052624404,-36.97616720845766,-36.631929837931416,theta_down,single_gap,theta_down_theta_022_u_029_warm,15.81118076833948,VP+,5.978099486578774,5.978099486578774,5.978099482690286
3.1500000000000004,14.5,IVC,14.843012868847268,False,-0.3776478849518341,-36.60976109128434,-36.23211320633251,theta_down,single_gap,theta_down_theta_023_u_029_warm,14.843012868847268,VP+,1.1770879675787145,1.1770879675787145,1.1770879730925363
3.2,14.5,IVC,13.84529873905944,False,-0.39921716652011696,-36.2433133148532,-35.84409614833308,u_D_up,single_gap,u_D_up_theta_024_u_029_warm,13.84529873905944,VP+,5.46463009654525,5.46463009654525,5.464630100344635
3.25,14.5,IVC,12.818440392648064,False,-0.41773013053649066,-35.87670752460239,-35.4589773940659,u_D_up,single_gap,u_D_up_theta_025_u_029_warm,12.818440392648064,VP+,8.863532135339732,8.863532135339732,8.86353213776173
3.3,14.5,IVC,11.762843996237184,False,-0.4349766152195329,-35.509830067717324,-35.07485345249779,u_D_down,single_gap,u_D_down_theta_026_u_029_warm,11.762843996237184,VP+,10.454165159512968,10.454165159512968,10.454165159724614
3.35,14.5,IVC,10.678917676363778,False,-0.4520279310783053,-35.14256988412912,-34.69054195305081,theta_down,single_gap,theta_down_theta_027_u_029_warm,10.678917676363778,VP+,11.16211594683427,11.16211594683427,11.16211594692929
3.4000000000000004,14.5,IVC,9.56706957916671,False,-0.4695385457172918,-34.7748184061604,-34.30527986044311,u_D_up,single_gap,u_D_up_theta_028_u_029_warm,9.56706957916671,VP+,10.225339014495836,10.225339014495836,10.225339013889853
3.45,14.5,IVC,8.42770616532999,False,-0.4879448906213142,-34.406469466374716,-33.9185245757534,theta_down,single_gap,theta_down_theta_029_u_029_warm,8.42770616532999,VP+,9.111834230312423,9.111834230312423,9.111834229814644
3.5,14.5,IVC,7.261230734822675,False,-0.5075534201715257,-34.037419212925194,-33.52986579275367,u_D_down,single_gap,u_D_down_theta_030_u_029_warm,7.261230734822675,VP+,7.981889886485373,7.981889886485373,7.981889886075187
3.55,14.5,IVC,6.068042156540873,False,-0.5285846263726839,-33.6675660316218,-33.13898140524912,theta_down,large_gap,theta_down_theta_031_u_029_warm,6.068042156540873,VP+,6.833594046078225,6.833594046078225,6.833594045739051
3.6,14.5,IVC,4.8485337888779085,False,-0.5511979981054509,-33.29681047393898,-32.74561247583353,theta_down,large_gap,theta_down_theta_032_u_029_warm,4.8485337888779085,VP+,5.665578841415687,5.665578841415687,5.665578841134568
3.65,14.5,IVC,3.603092559214659,False,-0.5755076151682559,-32.925055190204574,-32.34954757503632,theta_up,large_gap,theta_up_theta_033_u_029_warm,3.603092559214659,VP+,4.476822449611532,4.476822449611532,4.476822449378076
3.7,14.5,IVC,2.3320981843079913,False,-0.6015926200356176,-32.55220486723046,-31.95061224719484,theta_down,large_gap,theta_down_theta_034_u_029_warm,2.3320981843079913,VP+,3.2665373212354325,3.2665373212354325,3.2665373210409143
3.75,14.5,IVC,1.0359225058861945,False,-0.6295046419523977,-32.1781661697019,-31.548661527749505,theta_down,large_gap,theta_down_theta_035_u_029_warm,1.0359225058861945,VP+,2.034102372199129,2.034102372199129,2.0341023720368305
3.8,14.5,IVC,-0.2850710916766275,True,-0.6592732835946009,-31.80284768477654,-31.14357440118194,theta_up,large_gap,theta_up_theta_036_u_029_warm,-0.2850710916766275,VP+,0.7790194080094253,0.7790194080094253,0.7790194078735908
3.85,14.5,IVC,-1.6305281975201176,True,-0.6909103092673092,-31.42615986957732,-30.73524956031001,theta_down,large_gap,theta_down_theta_037_u_029_warm,-1.6305281975201176,VP+,-0.4991162122448997,-0.4991162122448997,-0.4991162123587855
3.9,14.5,IVC,-3.0001038400235096,True,-0.7244129248201894,-31.0480150015647,-30.32360207674451,theta_down,large_gap,theta_down_theta_038_u_029_warm,-3.0001038400235096,VP+,-1.8006360941174364,-1.8006360941174364,-1.8006360942131217
3.95,14.5,IVC,-4.393462917937942,True,-0.7597663995280577,-30.668327132076268,-29.90856073254821,theta_up,large_gap,theta_up_theta_039_u_029_warm,-4.393462917937942,VP+,-3.125813621089044,-3.125813621089044,-3.1258136211695167
4.0,14.5,IVC,-5.810280591470921,True,-0.7969461971945542,-30.28701204354632,-29.490065846351765,theta_down,large_gap,theta_down_theta_040_u_029_mixed_seed_53,-5.810280591470921,VP+,-4.4748749406626835,-4.4748749406626835,-4.474874940730501
2.0,15.0,VP,25.849248234012396,False,0.008067459364042406,-45.73365471416358,-45.74172217352762,theta_up,single_gap,theta_up_theta_000_u_030_mixed_seed_1,29.32739846639894,VP+,25.849248234012396,25.849248234012396,25.849248015548955
2.05,15.0,VP,25.478934395254832,False,0.0066394312129602895,-45.33037971291597,-45.33701914412893,theta_down,single_gap,theta_down_theta_001_u_030_warm,29.06018816423695,VP+,25.478934395254832,25.478934395254832,25.478934227210353
2.1,15.0,VP,25.082385194037613,False,0.004363419541107305,-44.930657871283834,-44.93502129082494,u_D_down,single_gap,u_D_down_theta_002_u_030_warm,28.76298784542838,VP+,25.082385194037613,25.082385194037613,25.082385063929085
2.15,15.0,VP,24.6589825383915,False,0.0011029153639796618,-44.53427538260954,-44.53537829797352,theta_down,single_gap,theta_down_theta_003_u_030_warm,28.43508936404536,VP+,24.6589825383915,24.6589825383915,24.658982437026296
2.2,15.0,IVC,28.075889499953952,False,-0.0032769466433322236,-44.14102452763891,-44.13774758099558,u_D_up,single_gap,u_D_up_theta_004_u_030_warm,28.075889499953952,VP+,24.207986546393936,24.207986546393936,24.207986466950462
2.25,15.0,IVC,27.684883008339124,False,-0.008907556981711195,-43.75070349237694,-43.74179593539523,theta_up,single_gap,theta_up_theta_005_u_030_warm,27.684883008339124,VP+,23.728514129208115,23.728514129208115,23.72851406658722
2.3,15.0,IVC,27.26165663328177,False,-0.015915199942448055,-43.363116211334855,-43.34720101139241,theta_up,single_gap,theta_up_theta_006_u_030_warm,27.26165663328177,VP+,23.219514157802156,23.219514157802156,23.219514108166265
2.35,15.0,IVC,26.805883711517264,False,-0.024419598729771508,-42.97807221794168,-42.95365261921191,theta_down,single_gap,theta_down_theta_007_u_030_warm,26.805883711517264,VP+,22.679737534755404,22.679737534755404,22.679737495197593
2.4,15.0,IVC,26.317319071032863,False,-0.034532602118595435,-42.59538648890143,-42.56085388678284,u_D_down,single_gap,u_D_down_theta_008_u_030_warm,26.317319071032863,VP+,22.107700053454412,22.107700053454412,22.10770002175913
2.45,15.0,IVC,25.795794020059574,False,-0.046356969779374424,-42.21487927657082,-42.168522306791445,theta_down,single_gap,theta_down_theta_009_u_030_warm,25.795794020059574,VP+,21.501635242527342,21.501635242527342,21.501635216996338
2.5,15.0,IVC,25.24121131464501,False,-0.05998520672800822,-41.83637592981328,-41.77639072308527,theta_up,single_gap,theta_up_theta_010_u_030_warm,25.24121131464501,VP+,20.859433320145385,20.859433320145385,20.859433299469323
2.55,15.0,IVC,24.65354005660286,False,-0.07549838910203732,-41.45970670752109,-41.384208318419056,u_D_down,single_gap,u_D_down_theta_011_u_030_warm,24.65354005660286,VP+,20.178560679645237,20.178560679645237,20.17856066280935
2.6,15.0,IVC,24.032810533237555,False,-0.09296491120218064,-41.08470659040424,-40.99174167920206,u_D_up,single_gap,u_D_up_theta_012_u_030_warm,24.032810533237555,VP+,19.455951608911555,19.455951608911555,19.455951595125185
2.65,15.0,IVC,23.379109038126867,False,-0.11243906458940955,-40.7112150965784,-40.59877603198899,theta_up,single_gap,theta_up_theta_013_u_030_warm,23.379109038126867,VP+,18.687859515566185,18.687859515566185,18.687859504210145
2.7,15.0,IVC,22.69257273358968,False,-0.13395932919866027,-40.33907610530421,-40.20511677610555,u_D_down,single_gap,u_D_down_theta_014_u_030_warm,22.69257273358968,VP+,17.86964749915109,17.86964749915109,17.869647489737368
2.75,15.0,IVC,21.97338462178116,False,-0.1575462056416015,-39.968137691197825,-39.81059148555622,u_D_down,single_gap,u_D_down_theta_015_u_030_warm,21.97338462178116,VP+,16.995485196470426,16.995485196470426,16.995485188612637
2.8,15.0,IVC,21.22176867514658,False,-0.18319933220599438,-39.598251968946265,-39.41505263674027,theta_down,single_gap,theta_down_theta_016_u_030_warm,21.22176867514658,VP+,16.057895434106648,16.057895434106648,16.057895427496053
2.85,15.0,IVC,20.43798516691175,False,-0.21089348039938471,-39.229274946787754,-39.01838146638837,u_D_down,single_gap,u_D_down_theta_017_u_030_warm,20.43798516691175,VP+,15.047049711442083,15.047049711442083,15.04704970583018
2.9,15.0,IVC,19.62232622100014,False,-0.2405727484275033,-38.861066386169554,-38.62049363774205,theta_up,single_gap,theta_up_theta_018_u_030_warm,19.62232622100014,VP+,13.949621974066629,13.949621974066629,13.949621969249968
2.95,15.0,IVC,18.77511159442063,False,-0.2721417376980071,-38.49348966502069,-38.22134792732268,theta_down,single_gap,theta_down_theta_019_u_030_warm,18.77511159442063,VP+,12.74681754419818,12.74681754419818,12.746817540006392
3.0,15.0,IVC,17.896684691987726,False,-0.3054513812351587,-38.12641164263063,-37.82096026139547,u_D_down,single_gap,u_D_down_theta_020_u_030_warm,17.896684691987726,VP+,11.410746715495776,11.410746715495776,11.41074671177973
3.05,15.0,IVC,16.987408806721124,False,-0.34027455897238923,-37.75970252495275,-37.41942796598036,theta_down,single_gap,theta_down_theta_021_u_030_warm,16.987408806721124,VP+,9.89717613213692,9.89717613213692,9.8971761287547
3.1,15.0,IVC,16.0476635879548,False,-0.3762603055510212,-37.39323573011364,-37.01697542456262,theta_up,single_gap,theta_up_theta_022_u_030_warm,16.0476635879548,VP+,8.12951448000311,8.12951448000311,8.129514476797802
3.1500000000000004,15.0,IVC,15.07784172528083,False,-0.41283810519824016,-37.02688775492456,-36.61404964972632,theta_up,single_gap,theta_up_theta_023_u_030_warm,15.07784172528083,VP+,5.959524987764368,5.959524987764368,5.959524984519241
3.2,15.0,IVC,14.07834586196455,False,-0.45075052381908165,-36.660538044059635,-36.20978752024055,theta_up,single_gap,theta_up_theta_024_u_030_warm,14.07834586196455,VP+,1.1780549575294792,1.1780549575294792,1.1780549620043068
3.25,15.0,IVC,13.049585739598594,False,-0.47742556056348207,-36.29406886406347,-35.81664330349999,theta_up,single_gap,theta_up_theta_025_u_030_warm,13.049585739598594,VP+,5.366472625208594,5.366472625208594,5.3664726283792525
3.3,15.0,IVC,11.99197559249519,False,-0.5013468275702522,-35.92736518430628,-35.42601835673603,u_D_up,single_gap,u_D_up_theta_026_u_030_warm,11.99197559249519,VP+,8.743452301920648,8.743452301920648,8.743452302308356
3.35,15.0,IVC,10.905931802772802,False,-0.5241354818103829,-35.560314566468456,-35.03617908465807,theta_down,single_gap,theta_down_theta_027_u_030_warm,10.905931802772802,VP+,9.61050417227318,9.61050417227318,9.610504172458178
3.4000000000000004,15.0,IVC,9.791870817517,False,-0.546804105736058,-35.19280706331622,-34.646002957580166,theta_down,single_gap,theta_down_theta_028_u_030_warm,9.791870817517,VP+,10.308776862547578,10.308776862547578,10.308776862633174
3.45,15.0,IVC,8.650207330879198,False,-0.5699762114069244,-34.82473512672885,-34.25475891532192,u_D_down,single_gap,u_D_down_theta_029_u_030_warm,8.650207330879198,VP+,9.35463258742957,9.35463258742957,9.354632586915743
3.5,15.0,IVC,7.4813527127130754,False,-0.5940669012736919,-34.455993524354184,-33.86192662308049,u_D_down,single_gap,u_D_down_theta_030_u_030_warm,7.4813527127130754,VP+,8.214459141479189,8.214459141479189,8.214459141056278
3.55,15.0,IVC,6.285713672000856,False,-0.6193663943084005,-34.08647926397811,-33.46711286966971,u_D_down,single_gap,u_D_down_theta_031_u_030_warm,6.285713672000856,VP+,7.057678279533896,7.057678279533896,7.057678279184689
3.6,15.0,IVC,5.06369112825605,False,-0.6460822623038851,-33.7160915246217,-33.07000926231782,u_D_down,single_gap,u_D_down_theta_032_u_030_warm,5.06369112825605,VP+,5.882424410440024,5.882424410440024,5.882424410150726
3.65,15.0,IVC,3.815679268979761,False,-0.6743634518935124,-33.344731593408206,-32.67036814151469,theta_up,large_gap,theta_up_theta_033_u_030_warm,3.815679268979761,VP+,4.687363658848394,4.687363658848394,4.687363658608355
3.7,15.0,IVC,2.5420647677143577,False,-0.704315302015921,-32.97230280728848,-32.26798750527256,theta_down,large_gap,theta_down_theta_034_u_030_warm,2.5420647677143577,VP+,3.4715001381580066,3.4715001381580066,3.4715001379580386
3.75,15.0,IVC,1.2432261353107243,False,-0.7360096294792591,-32.598710498752176,-31.862700869272917,u_D_down,large_gap,u_D_down_theta_035_u_030_warm,1.2432261353107243,VP+,2.23406658146304,2.23406658146304,2.2340665812963323
3.8,15.0,IVC,-0.0804668287746466,True,-0.7694918798645283,-32.22386194472401,-31.45437006485948,theta_up,large_gap,theta_up_theta_036_u_030_warm,-0.0804668287746466,VP+,0.9744580450222244,0.9744580450222244,0.9744580448827804
3.85,15.0,IVC,-1.428653503523872,True,-0.8047864129744475,-31.847666318000865,-31.042879905026417,theta_up,large_gap,theta_up_theta_037_u_030_warm,-1.428653503523872,VP+,-0.3078106498242228,-0.3078106498242228,-0.3078106499410502
3.9,15.0,IVC,-2.800982865832271,True,-0.8419005379292557,-31.47003464085089,-30.628134102921635,theta_down,large_gap,theta_down_theta_038_u_030_warm,-2.800982865832271,VP+,-1.6131335400844478,-1.6131335400844478,-1.6131335401825204
3.95,15.0,IVC,-4.1971138726522526,True,-0.8808276733591356,-31.090879740741546,-30.21005206738241,u_D_down,large_gap,u_D_down_theta_039_u_030_warm,-4.1971138726522526,VP+,-2.9418335230577988,-2.9418335230577988,-2.9418335231402715
4.0,15.0,IVC,-5.616715821283606,True,-0.9215498734665424,-30.71011620851512,-29.78856633504858,u_D_down,large_gap,u_D_down_theta_040_u_030_warm,-5.616715821283606,VP+,-4.29417678840581,-4.29417678840581,-4.294176788475408
2.0,15.5,VP,26.382351167318298,False,0.0044740726066194725,-46.16405067253439,-46.168524745141006,theta_up,single_gap,theta_up_theta_000_u_031_ordered,29.55915931713532,VP+,26.382351167318298,26.382351167318298,26.382350944665603
2.05,15.5,VP,26.02700573457618,False,0.0026039017340337978,-45.75966931516613,-45.76227321690016,theta_down,single_gap,theta_down_theta_001_u_031_warm,29.292205586975527,VP+,26.02700573457618,26.02700573457618,26.027005563522582
2.1,15.5,IVC,28.995384431712285,False,-0.0001377226382999197,-45.358905381125695,-45.358767658487395,u_D_up,single_gap,u_D_up_theta_002_u_031_warm,28.995384431712285,VP+,25.64614517672687,25.64614517672687,25.64614504444969
2.15,15.5,IVC,28.66795993625005,False,-0.0038888118484052825,-44.961544061183666,-44.95765524933526,theta_down,single_gap,theta_down_theta_003_u_031_warm,28.66795993625005,VP+,25.2392459882645,25.2392459882645,25.2392458853341
2.2,15.5,IVC,28.309300601656087,False,-0.008786403889985195,-44.56737666636185,-44.55859026247187,theta_down,single_gap,theta_down_theta_004_u_031_warm,28.309300601656087,VP+,24.805678971992464,24.805678971992464,24.805678891420285
2.25,15.5,IVC,27.9188728515048,False,-0.014964729982573033,-44.176200417131696,-44.16123568714912,u_D_down,single_gap,u_D_down_theta_005_u_031_warm,27.9188728515048,VP+,24.34469072929025,24.34469072929025,24.34469066585871
2.3,15.5,IVC,27.4962355159285,False,-0.022553580364153447,-43.78781826179381,-43.765264681429656,u_D_down,single_gap,u_D_down_theta_006_u_031_warm,27.4962355159285,VP+,23.85538281253602,23.85538281253602,23.85538276232272
2.35,15.5,IVC,27.04103494067497,False,-0.031676857150209514,-43.40203871353125,-43.37036185638104,u_D_up,single_gap,u_D_up_theta_007_u_031_warm,27.04103494067497,VP+,23.336687243661473,23.336687243661473,23.336687203698503
2.4,15.5,IVC,26.553000411569062,False,-0.04245128793215969,-43.01867569310908,-42.97622440517692,theta_down,single_gap,theta_down_theta_008_u_031_warm,26.553000411569062,VP+,22.787336775158153,22.787336775158153,22.7873367431859
2.45,15.5,IVC,26.03193964637417,False,-0.054985263673017926,-42.6375483664451,-42.582563102772085,u_D_up,single_gap,u_D_up_theta_009_u_031_warm,26.03193964637417,VP+,22.205827811387753,22.205827811387753,22.205827785675595
2.5,15.5,IVC,25.47773419026988,False,-0.0693777578925534,-42.258480972070984,-42.18910321417843,theta_down,single_gap,theta_down_theta_010_u_031_warm,25.47773419026988,VP+,21.59037321895964,21.59037321895964,21.590373198174905
2.55,15.5,IVC,24.89033463361482,False,-0.08571727862608469,-41.8813026392796,-41.79558536065352,u_D_down,single_gap,u_D_down_theta_011_u_031_warm,24.89033463361482,VP+,20.938841169420513,20.938841169420513,20.93884115253124
2.6,15.5,IVC,24.269755641362824,False,-0.10408079732034281,-41.505847201233856,-41.40176640391351,u_D_down,single_gap,u_D_down_theta_012_u_031_warm,24.269755641362824,VP+,20.248674451508936,20.248674451508936,20.248674437712022
2.65,15.5,IVC,23.616070832380935,False,-0.12453258735148154,-41.13195300862125,-41.00742042126977,u_D_up,single_gap,u_D_up_theta_013_u_031_warm,23.616070832380935,VP+,19.516781966285116,19.516781966285116,19.516781954952283
2.7,15.5,IVC,22.929407580584208,False,-0.14712288645349503,-40.759462749338915,-40.61233986288542,theta_up,single_gap,theta_up_theta_014_u_031_warm,22.929407580584208,VP+,18.73938968876334,18.73938968876334,18.739389679400496
2.75,15.5,IVC,22.20994182361777,False,-0.1718862673562498,-40.3882232784376,-40.21633701108135,u_D_down,single_gap,u_D_down_theta_015_u_031_warm,22.20994182361777,VP+,17.911830960378026,17.911830960378026,17.91183095259459
2.8,15.5,IVC,21.457892969773372,False,-0.1988395513315595,-40.01808546032569,-39.819245908994134,theta_down,single_gap,theta_down_theta_016_u_031_warm,21.457892969773372,VP+,17.02824311876518,17.02824311876518,17.0282431122504
2.85,15.5,IVC,20.673518970289827,False,-0.22797901578896784,-39.64890402272061,-39.42092500693164,u_D_up,single_gap,u_D_up_theta_017_u_031_warm,20.673518970289827,VP+,16.081114232992704,16.081114232992704,16.0811142274978
2.9,15.5,IVC,19.8571116047467,False,-0.25927650160360827,-39.28053741990496,-39.02126091830135,theta_down,single_gap,theta_down_theta_018_u_031_warm,19.8571116047467,VP+,15.060579727486337,15.060579727486337,15.06057972280987
2.95,15.5,IVC,19.00899201001694,False,-0.2926737604517058,-38.91284770202536,-38.620173941573654,theta_up,single_gap,theta_up_theta_019_u_031_warm,19.00899201001694,VP+,13.95328066812899,13.95328066812899,13.95328066410582
3.0,15.5,IVC,18.1295064587868,False,-0.32807386908454816,-38.54570038735419,-38.21762651826964,theta_up,single_gap,theta_up_theta_020_u_031_warm,18.1295064587868,VP+,12.74040794951462,12.74040794951462,12.740407946005888
3.05,15.5,IVC,17.219022392933454,False,-0.3653274749940323,-38.17896433520652,-37.81363686021249,u_D_up,single_gap,u_D_up_theta_021_u_031_warm,17.219022392933454,VP+,11.394126676259535,11.394126676259535,11.394126673143056
3.1,15.5,IVC,16.27792470095324,False,-0.40420926048594197,-37.812511618246816,-37.408302357760874,u_D_down,single_gap,u_D_down_theta_022_u_031_warm,16.27792470095324,VP+,9.87050498246034,9.87050498246034,9.870504979619897
3.1500000000000004,15.5,IVC,15.306612232445575,False,-0.4443742146456273,-37.446217394082424,-37.0018431794368,u_D_up,single_gap,u_D_up_theta_023_u_031_warm,15.306612232445575,VP+,8.094184313257763,8.094184313257763,8.094184310565371
3.2,15.5,IVC,14.305494549383528,False,-0.4852681564716903,-37.07995977722008,-36.59469162074839,u_D_down,single_gap,u_D_down_theta_024_u_031_warm,14.305494549383528,VP+,5.922144190354274,5.922144190354274,5.922144187637745
3.25,15.5,IVC,13.27498890867881,False,-0.5276374636556938,-36.7136197134478,-36.185982249792104,theta_up,single_gap,theta_up_theta_025_u_031_warm,13.27498890867881,VP+,1.2148587825750994,1.2148587825750994,1.2148587862205955
3.3,15.5,IVC,12.215517495697302,False,-0.5593608411474307,-36.34708085923309,-35.78772001808566,theta_down,single_gap,theta_down_theta_026_u_031_warm,12.215517495697302,VP+,5.30413160135112,5.30413160135112,5.304131603992289
3.35,15.5,IVC,11.12750491749933,False,-0.5886297803459399,-35.98022946861064,-35.3915996882647,theta_up,single_gap,theta_up_theta_027_u_031_warm,11.12750491749933,VP+,7.899611729330431,7.899611729330431,7.89961172966029
3.4000000000000004,15.5,IVC,10.011375967013883,False,-0.6169045500040937,-35.61295428934674,-34.996049739342645,u_D_down,single_gap,u_D_down_theta_028_u_031_warm,10.011375967013883,VP+,8.753899706753288,8.753899706753288,8.75389970691402
3.45,15.5,IVC,8.867553668579852,False,-0.6451359081045354,-35.24514646916376,-34.60001056105922,theta_up,single_gap,theta_up_theta_029_u_031_warm,8.867553668579852,VP+,9.441535779710744,9.441535779710744,9.44153577978723
3.5,15.5,IVC,7.696457591970461,False,-0.6739150992634109,-34.87669947185438,-34.20278437259097,theta_down,single_gap,theta_down_theta_030_u_031_warm,7.696457591970461,VP+,8.454829119588496,8.454829119588496,8.454829119152599
3.55,15.5,IVC,6.498502426526326,False,-0.703635416639365,-34.5075090024433,-33.803873585803935,theta_down,single_gap,theta_down_theta_031_u_031_warm,6.498502426526326,VP+,7.28835178332243,7.28835178332243,7.288351782962909
3.6,15.5,IVC,5.274096786927416,False,-0.7345706620466572,-34.137472940234375,-33.40290227818772,u_D_up,single_gap,u_D_up_theta_032_u_031_warm,5.274096786927416,VP+,6.105079678952297,6.105079678952297,6.105079678654846
3.65,15.5,IVC,4.023642231717524,False,-0.7669154244560232,-33.76649127853732,-32.9995758540813,u_D_up,single_gap,u_D_up_theta_033_u_031_warm,4.023642231717524,VP+,4.903198206357228,4.903198206357228,4.903198206110481
3.7,15.5,IVC,2.7475324625844344,False,-0.8008081000134553,-33.39446606992888,-32.59365796991543,theta_up,single_gap,theta_up_theta_034_u_031_warm,2.7475324625844344,VP+,3.681410045554859,3.681410045554859,3.6814100453495655
3.75,15.5,IVC,1.446152679931675,False,-0.836345306406777,-33.02130137598645,-32.18495606957967,theta_down,large_gap,theta_down_theta_035_u_031_warm,1.446152679931675,VP+,2.4387467986668625,2.4387467986668625,2.4387467984956857
3.8,15.5,IVC,0.1198790623850065,False,-0.8735915699799612,-32.64690322049396,-31.773311650514,theta_up,large_gap,theta_up_theta_036_u_031_warm,0.1198790623850065,VP+,1.174462490173397,1.174462490173397,1.1744624900302476
3.85,15.5,IVC,-1.2309216635705198,True,-0.9125861971633888,-32.27117954520896,-31.35859334804557,theta_down,large_gap,theta_down_theta_037_u_031_warm,-1.2309216635705198,VP+,-0.1120309851038889,-0.1120309851038889,-0.1120309852236935
3.9,15.5,IVC,-2.6058925813861897,True,-0.9533483551880728,-31.894040167461355,-30.940691812273283,theta_up,large_gap,theta_up_theta_038_u_031_warm,-2.6058925813861897,VP+,-1.4212052779118274,-1.4212052779118274,-1.421205278012497
3.95,15.5,IVC,-4.004686913587648,True,-0.9958809519264804,-31.515396739151463,-30.519515787224982,theta_down,large_gap,theta_down_theta_039_u_031_warm,-4.004686913587648,VP+,-2.753443422227818,-2.753443422227818,-2.753443422312408
4.0,15.5,IVC,-5.426968320301679,True,-1.0401736749270967,-31.13516270710779,-30.094989032180692,theta_down,large_gap,theta_down_theta_040_u_031_mixed_seed_29,-5.426968320301679,VP+,-4.109059278989289,-4.109059278989289,-4.109059279060556
2.0,16.0,VP,26.899603564749462,False,0.0011943359954997845,-46.59621386761814,-46.59740820361364,theta_up,single_gap,theta_up_theta_000_u_032_mixed_seed_7,29.78210869825242,VP+,26.899603564749462,26.899603564749462,26.899603337775737
2.05,16.0,IVC,29.515441675253896,False,-0.0010883464382018815,-46.19075875184946,-46.189670405411256,u_D_down,single_gap,u_D_down_theta_001_u_032_warm,29.515441675253896,VP+,26.558611039033373,26.558611039033373,26.55861086487204
2.1,16.0,IVC,29.21903574757093,False,-0.004264161115415277,-45.78898410183053,-45.784719940715114,u_D_down,single_gap,u_D_down_theta_002_u_032_warm,29.21903574757093,VP+,26.19274332226657,26.19274332226657,26.192743187745045
2.15,16.0,IVC,28.892129973053393,False,-0.008472213293792663,-45.39067398339793,-45.38220177010414,theta_up,single_gap,theta_up_theta_003_u_032_warm,28.892129973053393,VP+,25.80155899224986,25.80155899224986,25.80155888769453
2.2,16.0,IVC,28.534066624249977,False,-0.01385124809353755,-44.99561862800096,-44.981767379907424,theta_down,single_gap,theta_down_theta_004_u_032_warm,28.534066624249977,VP+,25.384524444023594,25.384524444023594,25.38452436227403
2.25,16.0,IVC,28.144285255054537,False,-0.02053782116514924,-44.60361420874689,-44.58307638758174,theta_down,single_gap,theta_down_theta_005_u_032_warm,28.144285255054537,VP+,24.940997591865145,24.940997591865145,24.940997527582088
2.3,16.0,IVC,27.7223176921496,False,-0.028664658848484237,-44.21446263217187,-44.18579797332339,theta_down,single_gap,theta_down_theta_006_u_032_warm,27.7223176921496,VP+,24.470209966750023,24.470209966750023,24.47020991592388
2.35,16.0,IVC,27.267783647663897,False,-0.03835920713986951,-43.82797135118995,-43.78961214405008,theta_down,single_gap,theta_down_theta_007_u_032_warm,27.267783647663897,VP+,23.971246244755463,23.971246244755463,23.97124620435581
2.4,16.0,IVC,26.780386669877416,False,-0.04974235373181557,-43.443953194991956,-43.39421084126014,u_D_up,single_gap,u_D_up_theta_008_u_032_warm,26.780386669877416,VP+,23.443019967211224,23.443019967211224,23.443019934933
2.45,16.0,IVC,26.259910178063382,False,-0.06292729483578086,-43.0622262060464,-42.999298911210616,u_D_up,single_gap,u_D_up_theta_009_u_032_warm,26.259910178063382,VP+,22.884243869749987,22.884243869749987,22.884243843829587
2.5,16.0,IVC,25.70621337319648,False,-0.07801850952622402,-42.6826134743684,-42.60459496484218,theta_up,single_gap,theta_up_theta_010_u_032_warm,25.70621337319648,VP+,22.29339276078156,22.29339276078156,22.293392739862064
2.55,16.0,IVC,25.11922689253308,False,-0.0951107988068145,-42.30494296401402,-42.2098321652072,theta_down,single_gap,theta_down_theta_011_u_032_warm,25.11922689253308,VP+,21.668656190234913,21.668656190234913,21.668656173266687
2.6,16.0,IVC,24.498948160214855,False,-0.11428834201719695,-41.929047332283815,-41.81475899026662,theta_down,single_gap,theta_down_theta_012_u_032_warm,24.498948160214855,VP+,21.00787705605866,21.00787705605866,21.007877042225687
2.65,16.0,IVC,23.84543645065373,False,-0.13562371663802253,-41.554763745622694,-41.41914002898467,theta_up,single_gap,theta_up_theta_013_u_032_warm,23.84543645065373,VP+,20.30847058226162,20.30847058226162,20.30847057092597
2.7,16.0,IVC,23.158807733481336,False,-0.15917681671633943,-41.18193369762975,-41.02275688091341,u_D_down,single_gap,u_D_down_theta_014_u_032_warm,23.158807733481336,VP+,19.56731536432261,19.56731536432261,19.56731535498332
2.75,16.0,IVC,22.439229401089335,False,-0.18499358734345606,-40.8104028346067,-40.62540924726324,u_D_down,single_gap,u_D_down_theta_015_u_032_warm,22.439229401089335,VP+,18.7806037357778,18.7806037357778,18.780603728039807
2.8,16.0,IVC,21.686914988960073,False,-0.21310446328359944,-40.44002079281694,-40.22691632953334,u_D_down,single_gap,u_D_down_theta_016_u_032_warm,21.686914988960073,VP+,17.943631284682453,17.943631284682453,17.94363127823201
2.85,16.0,IVC,20.902118998819073,False,-0.24352235117031995,-40.0706410492252,-39.82711869805488,u_D_up,single_gap,u_D_up_theta_017_u_032_warm,20.902118998819073,VP+,17.0504924923342,17.0504924923342,17.050492486920756
2.9,16.0,IVC,20.08513190857524,False,-0.2762399127794666,-39.70212078472865,-39.42588087194918,u_D_down,single_gap,u_D_down_theta_018_u_032_warm,20.08513190857524,VP+,16.093626332688032,16.093626332688032,16.0936263281103
2.95,16.0,IVC,19.236275420442784,False,-0.31122576489870823,-39.33432075682249,-39.023094991923784,theta_down,single_gap,theta_down_theta_019_u_032_warm,19.236275420442784,VP+,15.06311205275233,15.06311205275233,15.063112048847046
3.0,16.0,IVC,18.355897982865333,False,-0.3484189535712048,-38.9671051778567,-38.6186862242855,u_D_up,single_gap,u_D_up_theta_020_u_032_warm,18.355897982865333,VP+,13.945528655030335,13.945528655030335,13.945528651662933
3.05,16.0,IVC,17.444370587404645,False,-0.3877205653032121,-38.60034159539231,-38.212621030089096,theta_up,single_gap,theta_up_theta_021_u_032_warm,17.444370587404645,VP+,12.722008553183848,12.722008553183848,12.722008550240496
3.1,16.0,IVC,16.50208284203708,False,-0.42898032275725484,-38.23390077214979,-37.80492044939253,u_D_up,single_gap,u_D_up_theta_022_u_032_warm,16.50208284203708,VP+,11.364701931789256,11.364701931789256,11.364701929169923
3.1500000000000004,16.0,IVC,15.52943931032932,False,-0.4719737750436792,-37.867656564294066,-37.39568278925039,theta_down,single_gap,theta_down_theta_023_u_032_warm,15.52943931032932,VP+,9.829860314688563,9.829860314688563,9.82986031229752
3.2,16.0,IVC,14.526856099085595,False,-0.5163603738319082,-37.5014857981382,-36.98512542430629,theta_up,single_gap,theta_up_theta_024_u_032_warm,14.526856099085595,VP+,8.04313142370141,8.04313142370141,8.043131421434232
3.25,16.0,IVC,13.494757691884612,False,-0.5615995130639391,-37.13526814668509,-36.57366863362115,u_D_up,single_gap,u_D_up_theta_025_u_032_warm,13.494757691884612,VP+,5.866131448254812,5.866131448254812,5.8661314459742755
3.3,16.0,IVC,12.4335740293463,False,-0.6083839689267592,-36.76888600850748,-36.16050203958072,u_D_up,single_gap,u_D_up_theta_026_u_032_warm,12.4335740293463,VP+,1.284536044029558,1.284536044029558,1.2845360470103415
3.35,16.0,IVC,11.343737843173525,False,-0.645105467018908,-36.402224391997976,-35.75711892497907,u_D_up,single_gap,u_D_up_theta_027_u_032_warm,11.343737843173525,VP+,5.276807886985232,5.276807886985232,5.276807889182727
3.4000000000000004,16.0,IVC,10.225682264468087,False,-0.6796637307165483,-36.03517080780776,-35.35550707709121,u_D_down,single_gap,u_D_down_theta_028_u_032_warm,10.225682264468087,VP+,7.045620937969829,7.045620937969829,7.04562093824908
3.45,16.0,IVC,9.079838714242925,False,-0.7133687392161789,-35.667615171420806,-34.95424643220463,u_D_up,single_gap,u_D_up_theta_029_u_032_warm,9.079838714242925,VP+,7.885173806430487,7.885173806430487,7.885173806569405
3.5,16.0,IVC,7.906635085514502,False,-0.7471076596046089,-35.29944971661905,-34.55234205701444,theta_down,single_gap,theta_down_theta_030_u_032_warm,7.906635085514502,VP+,8.561237643775502,8.561237643775502,8.56123764384332
3.55,16.0,IVC,6.7064942015844835,False,-0.7814384835794996,-34.93056891947859,-34.14913043589909,theta_up,single_gap,theta_up_theta_031_u_032_warm,6.7064942015844835,VP+,7.526085282173877,7.526085282173877,7.52608528180366
3.6,16.0,IVC,5.479832537548958,False,-0.8167323511442106,-34.56086943179102,-33.74413708064681,theta_down,single_gap,theta_down_theta_032_u_032_warm,5.479832537548958,VP+,6.333642360971346,6.333642360971346,6.3336423606654115
3.65,16.0,IVC,4.22705918047162,False,-0.8532465486237797,-34.19025002247767,-33.33700347385389,u_D_up,single_gap,u_D_up_theta_033_u_032_warm,4.22705918047162,VP+,5.124199485537996,5.124199485537996,5.124199485284436
3.7,16.0,IVC,2.9485749923934783,False,-0.8911626794222087,-33.818611525554516,-32.92744884613231,u_D_down,single_gap,u_D_down_theta_034_u_032_warm,2.9485749923934783,VP+,3.895997329651916,3.895997329651916,3.895997329441041
3.75,16.0,IVC,1.6447719540787311,False,-0.9306086270960918,-33.44585679332149,-32.5152481662254,theta_up,single_gap,theta_up_theta_035_u_032_warm,1.6447719540787311,VP+,2.647777476811118,2.647777476811118,2.6477774766354223
3.8,16.0,IVC,0.3160326562499875,False,-0.9716723446960671,-33.07189065356951,-32.100218308873444,u_D_down,single_gap,u_D_down_theta_036_u_032_warm,0.3160326562499875,VP+,1.3786004343558496,1.3786004343558496,1.378600434209062
3.85,16.0,IVC,-1.037270095873602,True,-1.014411133715985,-32.696619869687474,-31.68220873597149,theta_down,large_gap,theta_down_theta_037_u_032_warm,-1.037270095873602,VP+,0.087742438405538,0.087742438405538,0.087742438282671
3.9,16.0,IVC,-2.4147735930292527,True,-1.0588582312984443,-32.31995310266094,-31.261094871362495,theta_up,large_gap,theta_up_theta_038_u_032_warm,-2.4147735930292527,VP+,-1.2253671407394258,-1.2253671407394258,-1.2253671408425395
3.95,16.0,IVC,-3.816125484127056,True,-1.1050276836623425,-31.941800874158577,-30.836773190496235,theta_down,large_gap,theta_down_theta_039_u_032_warm,-3.816125484127056,VP+,-2.561185957558777,-2.561185957558777,-2.5611859576456233
4.0,16.0,IVC,-5.240984007095971,True,-1.152918069198261,-31.562075530232764,-30.409157461034503,theta_down,large_gap,theta_down_theta_040_u_032_mixed_seed_13,-5.240984007095971,VP+,-3.92008567789896,-3.92008567789896,-3.920085677971983
2.0,16.5,IVC,29.99661750383857,False,-0.0017981676980127759,-47.030068342281666,-47.02827017458365,theta_up,single_gap,theta_up_theta_000_u_033_mixed_seed_29,29.99661750383857,VP+,27.401679233282408,27.401679233282408,27.401679001856103
2.05,16.5,IVC,29.730251382009317,False,-0.00446624336446888,-46.62357026868638,-46.61910402532191,theta_up,single_gap,theta_up_theta_001_u_033_warm,29.730251382009317,VP+,27.074485925474473,27.074485925474473,27.07448574810778
2.1,16.5,IVC,29.43428010194655,False,-0.008047662033391134,-46.22081459380739,-46.212766931774,theta_up,single_gap,theta_up_theta_002_u_033_warm,29.43428010194655,VP+,26.722988294892563,26.722988294892563,26.72298815805256
2.15,16.5,IVC,29.107920840647868,False,-0.012682285380513747,-45.82158417034055,-45.80890188496004,theta_up,single_gap,theta_up_theta_003_u_033_warm,29.107920840647868,VP+,26.34681671474833,26.34681671474833,26.346816608510117
2.2,16.5,IVC,28.750491918498472,False,-0.018510164485661562,-45.42566803553132,-45.407157871045655,u_D_down,single_gap,u_D_down_theta_004_u_033_warm,28.750491918498472,VP+,25.945520693721107,25.945520693721107,25.945520610747824
2.25,16.5,IVC,28.36140762964024,False,-0.02566972775644416,-45.03286121377991,-45.007191486023466,theta_up,single_gap,theta_up_theta_005_u_033_warm,28.36140762964024,VP+,25.51855444244001,25.51855444244001,25.51855437726697
2.3,16.5,IVC,27.940173855078427,False,-0.034296141059009244,-44.64296449731565,-44.60866835625664,theta_down,single_gap,theta_down_theta_006_u_033_warm,27.940173855078427,VP+,25.06526122702323,25.06526122702323,25.06526117555174
2.35,16.5,IVC,27.48638422637128,False,-0.0445198494767709,-44.25578423348063,-44.21126438400386,theta_up,single_gap,theta_up_theta_007_u_033_warm,27.48638422637128,VP+,24.58485587136306,24.58485587136306,24.584855830498192
2.4,16.5,IVC,26.99971660497484,False,-0.05646529568210212,-43.87113213064163,-43.814666834959525,u_D_down,single_gap,u_D_down_theta_008_u_033_warm,26.99971660497484,VP+,24.07640450798146,24.07640450798146,24.07640447537169
2.45,16.5,IVC,26.479929658556824,False,-0.07024979679589194,-43.48882508258813,-43.41857528579224,theta_down,single_gap,theta_down_theta_009_u_033_warm,26.479929658556824,VP+,23.53880038148892,23.53880038148892,23.538800355336683
2.5,16.5,IVC,25.926859323116695,False,-0.08598255018191736,-43.10868500304378,-43.022702452861864,u_D_up,single_gap,u_D_up_theta_010_u_033_warm,25.926859323116695,VP+,22.97073414399583,22.97073414399583,22.970734122919403
2.55,16.5,IVC,25.340414977891655,False,-0.10376373050331722,-42.730538660279365,-42.62677492977605,theta_up,single_gap,theta_up_theta_011_u_033_warm,25.340414977891655,VP+,22.37065659616463,22.37065659616463,22.370656579096195
2.6,16.5,IVC,24.72057523121826,False,-0.12368363567587437,-42.35421750608852,-42.23053387041264,theta_up,single_gap,theta_up_theta_012_u_033_warm,24.72057523121826,VP+,21.73673111214015,21.73673111214015,21.736731098250026
2.65,16.5,IVC,24.067383297710823,False,-0.14582183554890094,-41.97955749896796,-41.833735663419056,u_D_down,single_gap,u_D_down_theta_013_u_033_warm,24.067383297710823,VP+,20.960136626937903,20.960136626937903,20.960136610902744
2.7,16.5,IVC,23.38094201293046,False,-0.1702462711937045,-41.60639892505717,-41.436152653863466,u_D_down,single_gap,u_D_down_theta_014_u_033_warm,23.38094201293046,VP+,20.14476375703755,20.14476375703755,20.144763744096437
2.75,16.5,IVC,22.661408582343835,False,-0.19701224237633141,-41.23458622207553,-41.0375739796992,u_D_up,single_gap,u_D_up_theta_015_u_033_warm,22.661408582343835,VP+,19.297168806482947,19.297168806482947,19.297168796002516
2.8,16.5,IVC,21.90898919211085,False,-0.22616120346872748,-40.86396781171351,-40.63780660824478,u_D_down,single_gap,u_D_down_theta_016_u_033_warm,21.90898919211085,VP+,18.41536022061154,18.41536022061154,18.415360212092377
2.85,16.5,IVC,21.123933616236737,False,-0.2577192592046629,-40.49439594469271,-40.23667668548805,u_D_down,single_gap,u_D_down_theta_017_u_033_warm,21.123933616236737,VP+,17.496961567112606,17.496961567112606,17.496961560160194
2.9,16.5,IVC,20.30652994989455,False,-0.29169520364352763,-40.125726560106166,-39.83403135646264,u_D_up,single_gap,u_D_up_theta_018_u_033_warm,20.30652994989455,VP+,16.53906196586965,16.53906196586965,16.53906196017118
2.95,16.5,IVC,19.45709956093286,False,-0.3280778650438876,-39.757819157627445,-39.42974129258356,theta_up,single_gap,theta_up_theta_019_u_033_warm,19.45709956093286,VP+,15.537993367578297,15.537993367578297,15.537993362884976
3.0,16.5,IVC,18.57599231693673,False,-0.36683238016961894,-39.390536678976346,-39.02370429880673,theta_down,single_gap,theta_down_theta_020_u_033_warm,18.57599231693673,VP+,14.488986288951304,14.488986288951304,14.488986285064378
3.05,16.5,IVC,17.663582120387304,False,-0.40789477026278576,-39.023745394296014,-38.61585062403323,theta_up,single_gap,theta_up_theta_021_u_033_warm,17.663582120387304,VP+,13.385613885856475,13.385613885856475,13.385613882616106
3.1,16.5,IVC,16.72026274854169,False,-0.45116371147409495,-38.657314789631755,-38.20615107815766,theta_up,single_gap,theta_up_theta_022_u_033_warm,16.72026274854169,VP+,12.218846965791862,12.218846965791862,12.218846963067968
3.1500000000000004,16.5,IVC,15.746443995568832,False,-0.4964874196107374,-38.29111745289778,-37.79463003328704,theta_down,single_gap,theta_down_theta_023_u_033_warm,15.746443995568832,VP+,10.97534801392442,10.97534801392442,10.975348011609498
3.2,16.5,IVC,14.742548095313424,False,-0.5436414582914324,-37.92502895716023,-37.3813874988688,theta_down,single_gap,theta_down_theta_024_u_033_warm,14.742548095313424,VP+,9.634169536887269,9.634169536887269,9.634169534888931
3.25,16.5,IVC,13.709006406629957,False,-0.5922883976295097,-37.55892774157178,-36.96663934394227,theta_down,single_gap,theta_down_theta_025_u_033_warm,13.709006406629957,VP+,7.976281264973238,7.976281264973238,7.976281263059555
3.3,16.5,IVC,12.646256352758783,False,-0.6418987914936238,-37.192694991764306,-36.55079620027068,theta_up,single_gap,theta_up_theta_026_u_033_warm,12.646256352758783,VP+,5.7915636637703045,5.7915636637703045,5.791563661850574
3.35,16.5,IVC,11.554738610678308,False,-0.6930585204236053,-36.82621452266838,-36.133156002244775,theta_down,single_gap,theta_down_theta_027_u_033_warm,11.554738610678308,VP+,1.3846819681115257,1.3846819681115257,1.3846819705568905
3.4000000000000004,16.5,IVC,10.43489456858444,False,-0.7347338094666753,-36.45937266723429,-35.724638857767616,theta_up,single_gap,theta_up_theta_028_u_033_warm,10.43489456858444,VP+,5.101576906680684,5.101576906680684,5.101576907136245
3.45,16.5,IVC,9.287164057839398,False,-0.7745253993105976,-36.092058174186405,-35.31753277487581,theta_up,single_gap,theta_up_theta_029_u_033_warm,9.287164057839398,VP+,6.1820852296132145,6.1820852296132145,6.1820852298486315
3.5,16.5,IVC,8.111983384013161,False,-0.8136050845188194,-35.72416211686785,-34.91055703234903,theta_down,single_gap,theta_down_theta_030_u_033_warm,8.111983384013161,VP+,7.005085722811408,7.005085722811408,7.005085722930925
3.55,16.5,IVC,6.909783653001199,False,-0.8527959325282595,-35.35557781383328,-34.50278188130502,u_D_down,single_gap,u_D_down_theta_031_u_033_warm,6.909783653001199,VP+,7.668685816796589,7.668685816796589,7.66868581685625
3.6,16.5,IVC,5.680989380205318,False,-0.8926220446019286,-34.9862007605866,-34.09357871598467,u_D_up,single_gap,u_D_up_theta_032_u_033_warm,5.680989380205318,VP+,6.56856148472961,6.56856148472961,6.568561484414872
3.65,16.5,IVC,4.426017369832106,False,-0.9334322041724832,-34.61592857104928,-33.6824963668768,u_D_up,single_gap,u_D_up_theta_033_u_033_warm,4.426017369832106,VP+,5.350465652432977,5.350465652432977,5.350465652172375
3.7,16.5,IVC,3.14527582324353,False,-0.9754671652373332,-34.24466092703915,-33.269193761801816,theta_down,single_gap,theta_down_theta_034_u_033_warm,3.14527582324353,VP+,4.115148630717009,4.115148630717009,4.115148630500606
3.75,16.5,IVC,1.8391636541158292,False,-1.0188955995474274,-33.87229953407856,-32.85340393453113,u_D_up,single_gap,u_D_up_theta_035_u_033_warm,1.8391636541158292,VP+,2.8609102145192935,2.8609102145192935,2.860910214338997
3.8,16.5,IVC,0.5080699734881051,False,-1.063834958791439,-33.49874808203165,-32.434913123240214,theta_down,single_gap,theta_down_theta_036_u_033_warm,0.5080699734881051,VP+,1.5865329918530229,1.5865329918530229,1.5865329917025797
3.85,16.5,IVC,-0.8476262867913746,True,-1.1103646218502092,-33.1239122092359,-32.01354758738569,u_D_down,single_gap,u_D_down_theta_037_u_033_warm,-0.8476262867913746,VP+,0.2911076374389161,0.2911076374389161,0.2911076373129795
3.9,16.5,IVC,-2.2275566469945396,True,-1.1585347584720935,-32.74769946890589,-31.5891647104338,u_D_up,single_gap,u_D_up_theta_038_u_033_warm,-2.2275566469945396,VP+,-1.0260665807457665,-1.0260665807457665,-1.0260665808513387
3.95,16.5,IVC,-3.6313632770011033,True,-1.2083726290360275,-32.37001929671992,-31.16164666768389,theta_down,single_gap,theta_down_theta_039_u_033_warm,-3.6313632770011033,VP+,-2.3655422478029458,-2.3655422478029458,-2.3655422478917743
4.0,16.5,IVC,-5.0586991602301445,True,-1.2598872491206485,-31.990782978722407,-30.73089572960176,theta_down,large_gap,theta_down_theta_040_u_033_ordered,-5.0586991602301445,VP+,-3.727762601996208,-3.727762601996208,-3.727762602070875
2.0,17.0,IVC,30.203053024367424,False,-0.004527260901014074,-47.46554310216418,-47.46101584126317,u_D_up,single_gap,u_D_up_theta_000_u_034_warm,30.203053024367424,VP+,27.8891967972059,27.8891967972059,27.889196561196204
2.05,17.0,IVC,29.936988526865704,False,-0.007555802897968533,-47.05803122157269,-47.05047541867472,u_D_down,single_gap,u_D_down_theta_001_u_034_warm,29.936988526865704,VP+,27.575301506884287,27.575301506884287,27.5753013262154
2.1,17.0,IVC,29.641456382544195,False,-0.011516678116471724,-46.65432259174868,-46.64280591363221,u_D_down,single_gap,u_D_down_theta_002_u_034_warm,29.641456382544195,VP+,27.237612701962245,27.237612701962245,27.23761256273082
2.15,17.0,IVC,29.315655705832288,False,-0.01655023966679181,-46.25419884904221,-46.23764860937542,u_D_up,single_gap,u_D_up_theta_003_u_034_warm,29.315655705832288,VP+,26.87582434974189,26.87582434974189,26.875824241764622
2.2,17.0,IVC,28.958883592422588,False,-0.02279750983255724,-45.8574477528866,-45.83465024305404,u_D_down,single_gap,u_D_down_theta_004_u_034_warm,28.958883592422588,VP+,26.489558780605805,26.489558780605805,26.4895586963642
2.25,17.0,IVC,28.570530952420505,False,-0.030398398161111118,-45.46386307167259,-45.43346467351148,theta_up,single_gap,theta_up_theta_005_u_034_warm,28.570530952420505,VP+,26.078354067002316,26.078354067002316,26.078354000903246
2.3,17.0,IVC,28.15007895110556,False,-0.039490073567137074,-45.07324439020762,-45.03375431664048,theta_up,single_gap,theta_up_theta_006_u_034_warm,28.15007895110556,VP+,25.64165027826049,25.64165027826049,25.641650226113416
2.35,17.0,IVC,27.69709584597049,False,-0.05020550367478904,-44.685396886439904,-44.635191382765115,theta_down,single_gap,theta_down_theta_007_u_034_warm,27.69709584597049,VP+,25.17877427318458,25.17877427318458,25.17877423182863
2.4,17.0,IVC,27.211234053571033,False,-0.06267216565605338,-44.30013111175832,-44.237458946102265,u_D_down,single_gap,u_D_down_theta_008_u_034_warm,27.211234053571033,VP+,24.68892245062336,24.68892245062336,24.688922417659185
2.45,17.0,IVC,26.692227272634867,False,-0.07701092054963254,-43.917262791147465,-43.84025187059783,theta_up,single_gap,theta_up_theta_009_u_034_warm,26.692227272634867,VP+,24.159582064864033,24.159582064864033,24.159582024805943
2.5,17.0,IVC,26.13988749609579,False,-0.09333503133400711,-43.53661264524596,-43.44327761391195,u_D_down,single_gap,u_D_down_theta_010_u_034_warm,26.13988749609579,VP+,23.461697080936982,23.461697080936982,23.461697049024288
2.55,17.0,IVC,25.554101739850363,False,-0.11174929434625369,-43.15800622601442,-43.04625693166817,u_D_up,single_gap,u_D_up_theta_011_u_034_warm,25.554101739850363,VP+,22.73810545375804,22.73810545375804,22.738105428263975
2.6,17.0,IVC,24.93482834639456,False,-0.13234924620955013,-42.78127375504222,-42.64892450883267,u_D_down,single_gap,u_D_down_theta_012_u_034_warm,24.93482834639456,VP+,21.98769815835619,21.98769815835619,21.98769813793047
2.65,17.0,IVC,24.282092787478195,False,-0.15522040451597263,-42.406249957738915,-42.25102955322294,u_D_down,single_gap,u_D_down_theta_013_u_034_warm,24.282092787478195,VP+,21.209278337247813,21.209278337247813,21.20927832083305
2.7,17.0,IVC,23.595982976319483,False,-0.18043749735248582,-42.03277389251998,-41.85233639516749,theta_down,single_gap,theta_down_theta_014_u_034_warm,23.595982976319483,VP+,20.40153191928139,20.40153191928139,20.401531906048124
2.75,17.0,IVC,22.87664416349362,False,-0.20806363132669503,-41.66068877813735,-41.452625146810654,theta_up,single_gap,theta_up_theta_015_u_034_warm,22.87664416349362,VP+,19.56298778803919,19.56298778803919,19.562987777335437
2.8,17.0,IVC,22.12427353895774,False,-0.23814933785185133,-41.28984182432227,-41.051692486470415,u_D_up,single_gap,u_D_up_theta_016_u_034_warm,22.12427353895774,VP+,18.69196369781873,18.69196369781873,18.691963689130795
2.85,17.0,IVC,21.33911469694817,False,-0.27073142048699594,-40.92008407136513,-40.649352650878136,u_D_down,single_gap,u_D_down_theta_017_u_034_warm,21.33911469694817,VP+,17.78649188000022,17.78649188000022,17.786491872922554
2.9,17.0,IVC,20.521452117789632,False,-0.30583149757022454,-40.55127024299078,-40.24543874542056,theta_down,single_gap,theta_down_theta_018_u_034_warm,20.521452117789632,VP+,16.84421458476051,16.84421458476051,16.84421457897181
2.95,17.0,IVC,19.67160581488233,False,-0.3434540867150986,-40.18325861403152,-39.839804527316424,u_D_down,single_gap,u_D_down_theta_019_u_034_warm,19.67160581488233,VP+,15.862233479825406,15.862233479825406,15.862233475070568
3.0,17.0,IVC,18.789926240685347,False,-0.3835839979680884,-39.81591089108487,-39.43232689311678,u_D_up,single_gap,u_D_up_theta_020_u_034_warm,18.789926240685347,VP+,14.83688555898469,14.83688555898469,14.8368855550602
3.05,17.0,IVC,17.876789518769474,False,-0.4261826654470937,-39.44909210202306,-39.022909436575965,theta_up,single_gap,theta_up_theta_021_u_034_warm,17.876789518769474,VP+,13.763397183228768,13.763397183228768,13.76339717997186
3.1,17.0,IVC,16.932593014836325,False,-0.4711828013989887,-39.08267048957444,-38.61148768817545,theta_down,single_gap,theta_down_theta_022_u_034_warm,16.932593014836325,VP+,12.635326673584707,12.635326673584707,12.63532667086399
3.1500000000000004,17.0,IVC,15.95775125285179,False,-0.5184802908608859,-38.716517404936,-38.19803711407511,theta_down,single_gap,theta_down_theta_023_u_034_warm,15.95775125285179,VP+,11.44362056213075,11.44362056213075,11.443620559839136
3.2,17.0,IVC,14.952692149596055,False,-0.5679213099031699,-38.350507198778935,-37.782585888875765,u_D_up,single_gap,u_D_up_theta_024_u_034_warm,14.952692149596055,VP+,10.174921426771109,10.174921426771109,10.174921424820024
3.25,17.0,IVC,13.917853548218066,False,-0.6192806556737906,-37.98451710862727,-37.36523645295348,theta_down,single_gap,theta_down_theta_025_u_034_warm,13.917853548218066,VP+,8.808331351021206,8.808331351021206,8.808331349334154
3.3,17.0,IVC,12.853680023516567,False,-0.6722227995304948,-37.618427143252546,-36.94620434372205,theta_down,single_gap,theta_down_theta_026_u_034_warm,12.853680023516567,VP+,7.308810207205255,7.308810207205255,7.308810205712181
3.35,17.0,IVC,11.760619944420068,False,-0.7262273357935527,-37.25211996631778,-36.525892630524226,u_D_up,single_gap,u_D_up_theta_027_u_034_warm,11.760619944420068,VP+,5.6134244663541395,5.6134244663541395,5.613424464983417
3.4000000000000004,17.0,IVC,10.639122791924436,False,-0.7817232481941048,-36.88548078272533,-36.103757534531226,theta_down,single_gap,theta_down_theta_028_u_034_warm,10.639122791924436,VP+,1.5133395282281157,1.5133395282281157,1.5133395302404296
3.45,17.0,IVC,9.489636746227028,False,-0.8283126786685173,-36.51839723157492,-35.690084552906406,theta_down,single_gap,theta_down_theta_029_u_034_warm,9.489636746227028,VP+,4.26183827868849,4.26183827868849,4.261838279060932
3.5,17.0,IVC,8.312606561053425,False,-0.8732838859195979,-36.15075928913309,-35.277475403213494,u_D_down,single_gap,u_D_down_theta_030_u_034_warm,8.312606561053425,VP+,5.309505952248028,5.309505952248028,5.309505952445754
3.55,17.0,IVC,7.108471737493332,False,-0.917683099829091,-35.782459183915876,-34.864776084086785,theta_down,single_gap,theta_down_theta_031_u_034_warm,7.108471737493332,VP+,6.114332058927143,6.114332058927143,6.114332059029493
3.6,17.0,IVC,5.877665005532645,False,-0.9622698933804585,-35.413391324371176,-34.45112143099072,u_D_down,single_gap,u_D_down_theta_032_u_034_warm,5.877665005532645,VP+,6.7646410958339445,6.7646410958339445,6.764641095886148
3.65,17.0,IVC,4.620611088664976,False,-1.0075341939154256,-35.04345223825708,-34.035918044341656,theta_down,single_gap,theta_down_theta_033_u_034_warm,4.620611088664976,VP+,5.582420767826207,5.582420767826207,5.58242076755835
3.7,17.0,IVC,3.33772574145317,False,-1.0538023669679646,-34.672540521958446,-33.61873815499048,theta_down,single_gap,theta_down_theta_034_u_034_warm,3.33772574145317,VP+,4.338959921163045,4.338959921163045,4.338959920940887
3.75,17.0,IVC,2.02941501046557,False,-1.1012986965212619,-34.30055679771884,-33.19925810119758,u_D_down,single_gap,u_D_down_theta_035_u_034_warm,2.02941501046557,VP+,3.0780424899223853,3.0780424899223853,3.078042489737495
3.8,17.0,IVC,0.6960746971908769,False,-1.150179029997922,-33.92740367687838,-32.777224646880455,theta_up,single_gap,theta_up_theta_036_u_034_warm,0.6960746971908769,VP+,1.7980307379462737,1.7980307379462737,1.7980307377920397
3.85,17.0,IVC,-0.6619100171604764,True,-1.2005505075359437,-33.55298572745925,-32.35243521992331,theta_down,single_gap,theta_down_theta_037_u_034_warm,-0.6619100171604764,VP+,0.4977500821970757,0.4977500821970757,0.4977500820680234
3.9,17.0,IVC,-2.0441648185351617,True,-1.2524840551599716,-33.17720944465347,-31.9247253894935,u_D_up,single_gap,u_D_up_theta_038_u_034_warm,-2.0441648185351617,VP+,-0.8236775414645194,-0.8236775414645194,-0.8236775415726001
3.95,17.0,IVC,-3.450326414342385,True,-1.3060228287022113,-32.799983222908146,-31.493960394205935,theta_up,single_gap,theta_up_theta_039_u_034_warm,-3.450326414342385,VP+,-2.1669291222855875,-2.1669291222855875,-2.16692912237642
4.0,17.0,IVC,-4.880042628317149,True,-1.3611882244449518,-32.42121732845093,-31.060029104005977,theta_down,single_gap,theta_down_theta_040_u_034_mixed_seed_29,-4.880042628317149,VP+,-3.5325387054743693,-3.5325387054743693,-3.532538705550831
2.0,17.5,IVC,30.401775621662427,False,-0.007014478575911198,-47.902571555841746,-47.895557077265835,theta_up,single_gap,theta_up_theta_000_u_035_mixed_seed_7,30.401775621662427,VP+,28.36272711320764,28.36272711320764,28.362726872484046
2.05,17.5,IVC,30.136002959099564,False,-0.010380496060463429,-47.494073589379234,-47.48369309331877,u_D_down,single_gap,u_D_down_theta_001_u_035_warm,30.136002959099564,VP+,28.06167403625789,28.06167403625789,28.06167385219068
2.1,17.5,IVC,29.840901754667325,False,-0.014696805844494065,-47.08943858025222,-47.07474177440773,u_D_down,single_gap,u_D_down_theta_002_u_035_warm,29.840901754667325,VP+,27.737285136567095,27.737285136567095,27.737284994872116
2.15,17.5,IVC,29.51565754118776,False,-0.020104046004135512,-46.68844704668442,-46.66834300068029,u_D_up,single_gap,u_D_up_theta_003_u_035_warm,29.51565754118776,VP+,27.389311742880665,27.389311742880665,27.38931163310912
2.2,17.5,IVC,29.159549617431285,False,-0.026743943323985775,-46.29088546447857,-46.264141521154585,u_D_up,single_gap,u_D_up_theta_004_u_035_warm,29.159549617431285,VP+,27.017440757654548,27.017440757654548,27.01744067210157
2.25,17.5,IVC,28.77194786380736,False,-0.03475755868254993,-45.89654626571522,-45.86178870703267,theta_up,single_gap,theta_up_theta_005_u_035_warm,28.77194786380736,VP+,26.621283833364014,26.621283833364014,26.621283766304284
2.3,17.5,IVC,28.35231024989901,False,-0.044283683433086196,-45.50522772723101,-45.46094404379792,theta_up,single_gap,theta_up_theta_006_u_035_warm,28.35231024989901,VP+,26.2003654615814,26.2003654615814,26.20036540873018
2.35,17.5,IVC,27.90018055145661,False,-0.055457387131959024,-45.11673377235556,-45.0612763852236,u_D_down,single_gap,u_D_down_theta_007_u_035_warm,27.90018055145661,VP+,25.697175595673748,25.697175595673748,25.697175530348265
2.4,17.5,IVC,27.415186135207406,False,-0.06840872480076854,-44.730873739951114,-44.662465015150346,theta_down,single_gap,theta_down_theta_008_u_035_warm,27.415186135207406,VP+,25.050007729424713,25.050007729424713,25.05000767766619
2.45,17.5,IVC,26.89703569685052,False,-0.08326160423700202,-44.34746215833817,-44.264200554101166,u_D_up,single_gap,u_D_up_theta_009_u_035_warm,26.89703569685052,VP+,24.379618370500875,24.379618370500875,24.37961832939426
2.5,17.5,IVC,26.34551683194682,False,-0.10013280330617391,-43.96631854271814,-43.86618573941197,u_D_down,single_gap,u_D_down_theta_010_u_035_warm,26.34551683194682,VP+,23.685093895497506,23.685093895497506,23.685093862767232
2.55,17.5,IVC,25.76049331675819,False,-0.11913111635151097,-43.587267218721664,-43.46813610237015,theta_up,single_gap,theta_up_theta_011_u_035_warm,25.76049331675819,VP+,22.965479593184163,22.965479593184163,22.96547956705297
2.6,17.5,IVC,25.14190196212018,False,-0.14035659867723638,-43.210137162766145,-43.06978056408891,theta_down,single_gap,theta_down_theta_012_u_035_warm,25.14190196212018,VP+,22.21976922341483,22.21976922341483,22.21976920249316
2.65,17.5,IVC,24.489748923700564,False,-0.16389987127503503,-42.83476184681428,-42.670861975539246,theta_down,single_gap,theta_down_theta_013_u_035_warm,24.489748923700564,VP+,21.446889077751337,21.446889077751337,21.44688906095128
2.7,17.5,IVC,23.804105423032965,False,-0.18984144477641962,-42.46097907969087,-42.27113763491445,u_D_down,single_gap,u_D_down_theta_014_u_035_warm,23.804105423032965,VP+,20.645675682116934,20.645675682116934,20.645675668585223
2.75,17.5,IVC,23.085102915221693,False,-0.2182510190494682,-42.088630843431574,-41.870379824382105,theta_down,single_gap,theta_down_theta_015_u_035_warm,23.085102915221693,VP+,19.814845622323148,19.814845622323148,19.81484561138941
2.8,17.5,IVC,22.332927809355503,False,-0.2491867098139906,-41.717563127554726,-41.468376417740735,u_D_up,single_gap,u_D_up_theta_016_u_035_warm,22.332927809355503,VP+,18.952955022059783,18.952955022059783,18.952955013195908
2.85,17.5,IVC,21.547815887547355,False,-0.28269414408539006,-41.34762576653851,-41.06493162245312,theta_up,single_gap,theta_up_theta_017_u_035_warm,21.547815887547355,VP+,18.058344771054227,18.058344771054227,18.058344763843664
2.9,17.5,IVC,20.730046604783592,False,-0.31880534951068995,-40.97867228645207,-40.65986693694138,u_D_down,single_gap,u_D_down_theta_018_u_035_warm,20.730046604783592,VP+,17.12906533914834,17.12906533914834,17.129065333261043
2.95,17.5,IVC,19.87993744792498,False,-0.3575373342020569,-40.610559765335374,-40.25302243113332,theta_down,single_gap,theta_down_theta_019_u_035_warm,19.87993744792498,VP+,16.162771294321637,16.162771294321637,16.16277128949592
3.0,17.5,IVC,18.99783850816923,False,-0.39889020613705384,-40.24314870872662,-39.84425850258957,u_D_down,single_gap,u_D_down_theta_020_u_035_warm,18.99783850816923,VP+,15.156569294437835,15.156569294437835,15.156569290465406
3.05,17.5,IVC,18.08412736783391,False,-0.4428446019582992,-39.876302938108296,-39.43345833615,u_D_up,single_gap,u_D_up_theta_021_u_035_warm,18.08412736783391,VP+,14.106792029255256,14.106792029255256,14.10679202596959
3.1,17.5,IVC,17.139204363491576,False,-0.48935805971951396,-39.509889487631874,-39.02053142791236,u_D_down,single_gap,u_D_down_theta_022_u_035_warm,17.139204363491576,VP+,13.008649641406809,13.008649641406809,13.008649638674264
3.1500000000000004,17.5,IVC,16.163488228144413,False,-0.5383597287245578,-39.14377850396886,-38.6054187752443,u_D_up,single_gap,u_D_up_theta_023_u_035_warm,16.163488228144413,VP+,11.855669383958263,11.855669383958263,11.855669381670918
3.2,17.5,IVC,15.157412110347078,False,-0.5897423557780144,-38.777843145094224,-38.18810078931621,theta_up,single_gap,theta_up_theta_024_u_035_warm,15.157412110347078,VP+,10.638750808123884,10.638750808123884,10.63875080619356
3.25,17.5,IVC,14.12141993124198,False,-0.6433495861022891,-38.41195947541573,-37.76860988931344,theta_up,single_gap,theta_up_theta_025_u_035_warm,14.12141993124198,VP+,9.34448372005462,9.34448372005462,9.344483718407847
3.3,17.5,IVC,13.055963053535326,False,-0.6989547302284578,-38.0460063564439,-37.34705162621544,theta_down,single_gap,theta_down_theta_026_u_035_warm,13.055963053535326,VP+,7.951970787843134,7.951970787843134,7.951970786416844
3.35,17.5,IVC,11.961497226333783,False,-0.7562230531567593,-37.6798653339951,-36.923642280838344,theta_down,single_gap,theta_down_theta_027_u_035_warm,11.961497226333783,VP+,6.4264951656528595,6.4264951656528595,6.426495164388971
3.4000000000000004,17.5,IVC,10.838479785818866,False,-0.8146413268989434,-37.313420524624654,-36.49877919772571,u_D_down,single_gap,u_D_down_theta_028_u_035_warm,10.838479785818866,VP+,4.70698576238906,4.70698576238906,4.706985761229529
3.45,17.5,IVC,9.687367114119873,False,-0.8744342942020538,-36.9465585052333,-36.072124211031245,u_D_down,single_gap,u_D_down_theta_029_u_035_warm,9.687367114119873,VP+,1.6689099269586478,1.6689099269586478,1.668909928619282
3.5,17.5,IVC,8.508612369593607,False,-0.9259018191091641,-36.57916821016568,-35.65326639105652,u_D_up,single_gap,u_D_up_theta_030_u_035_warm,8.508612369593607,VP+,3.4150368112157388,3.4150368112157388,3.415036811519901
3.55,17.5,IVC,7.302663507571061,False,-0.9760010672948951,-36.211140839411705,-35.23513977211681,theta_down,single_gap,theta_down_theta_031_u_035_warm,7.302663507571061,VP+,4.428294525680084,4.428294525680084,4.428294525845587
3.6,17.5,IVC,6.069961608477378,False,-1.025665138773796,-35.842369779979485,-34.81670464120569,u_D_down,single_gap,u_D_down_theta_032_u_035_warm,6.069961608477378,VP+,5.213548930206638,5.213548930206638,5.213548930294042
3.65,17.5,IVC,4.810939513657765,False,-1.0755916450289362,-35.47275054068331,-34.39715889565437,u_D_up,single_gap,u_D_up_theta_033_u_035_warm,4.810939513657765,VP+,5.82099007695901,5.82099007695901,5.820990076683437
3.7,17.5,IVC,3.5260207565321764,False,-1.1262364006600336,-35.10218069907941,-33.97594429841938,theta_down,single_gap,theta_down_theta_034_u_035_warm,3.5260207565321764,VP+,4.567827787770483,4.567827787770483,4.567827787542395
3.75,17.5,IVC,2.2156187512790737,False,-1.1779034327109912,-34.730559858424016,-33.552656425713025,theta_up,single_gap,theta_up_theta_035_u_035_warm,2.2156187512790737,VP+,3.299265928745765,3.299265928745765,3.299265928556199
3.8,17.5,IVC,0.880136210350301,False,-1.2308006936633689,-34.35778961232646,-33.12698891866309,u_D_up,single_gap,u_D_up_theta_036_u_035_warm,0.880136210350301,VP+,2.0129998992188547,2.0129998992188547,2.012999899060784
3.85,17.5,IVC,-0.4800352459377919,True,-1.285071363989502,-33.98377351497535,-32.698702150985845,theta_up,single_gap,theta_up_theta_037_u_035_warm,-0.4800352459377919,VP+,0.7074572259333287,0.7074572259333287,0.707457225801285
3.9,17.5,IVC,-1.8645153340822669,True,-1.3408124290036483,-33.60841705514671,-32.26760462614306,theta_up,single_gap,theta_up_theta_038_u_035_warm,-1.8645153340822669,VP+,-0.618492318742188,-0.618492318742188,-0.6184923188529012
3.95,17.5,IVC,-3.27293522654578,True,-1.3980865111312362,-33.2316276324606,-31.833541121329365,theta_up,single_gap,theta_up_theta_039_u_035_warm,-3.27293522654578,VP+,-1.9656946245946576,-1.9656946245946576,-1.9656946246875968
4.0,17.5,IVC,-4.704937593857675,True,-1.4569298922171718,-32.8533145345218,-31.39638464230463,theta_down,single_gap,theta_down_theta_040_u_035_mixed_seed_1,-4.704937593857675,VP+,-3.334802343561684,-3.334802343561684,-3.3348023436399323
2.0,18.0,IVC,30.59313602181147,False,-0.009279343082916114,-48.34109102130655,-48.33181167822364,u_D_up,single_gap,u_D_up_theta_000_u_036_warm,30.59313602181147,VP+,28.822799064201305,28.822799064201305,28.822798818634475
2.05,18.0,IVC,30.327637715441444,False,-0.012961552736442172,-47.93163347198433,-47.918671919247885,u_D_up,single_gap,u_D_up_theta_001_u_036_warm,30.327637715441444,VP+,28.53417224579148,28.53417224579148,28.53417205823075
2.1,18.0,IVC,30.032949284752515,False,-0.017611150614825988,-47.5260973584489,-47.508486207834075,u_D_up,single_gap,u_D_up_theta_002_u_036_warm,30.032949284752515,VP+,28.222619651947632,28.222619651947632,28.222619507718008
2.15,18.0,IVC,29.708247243628556,False,-0.023368876627039015,-47.12426221106662,-47.10089333443958,u_D_up,single_gap,u_D_up_theta_003_u_036_warm,29.708247243628556,VP+,27.887945177063955,27.887945177063955,27.8879450654442
2.2,18.0,IVC,29.35279723250401,False,-0.03037695183422784,-46.72591331218994,-46.69553636035571,u_D_up,single_gap,u_D_up_theta_004_u_036_warm,29.35279723250401,VP+,27.52989397175392,27.52989397175392,27.529893884847542
2.25,18.0,IVC,28.965951169322643,False,-0.03877732219849861,-46.33084174715904,-46.29206442496054,theta_up,single_gap,theta_up_theta_005_u_036_warm,28.965951169322643,VP+,27.129502483802906,27.129502483802906,27.129502376283305
2.3,18.0,IVC,28.54714583828725,False,-0.04871007815871309,-45.93884440672381,-45.8901343285651,theta_down,single_gap,theta_down_theta_006_u_036_warm,28.54714583828725,VP+,26.527651979980465,26.527651979980465,26.527651895155564
2.35,18.0,IVC,28.09590172820958,False,-0.06031202245189604,-45.5497238652301,-45.4894118427782,u_D_down,single_gap,u_D_down_theta_007_u_036_warm,28.09590172820958,VP+,25.904572236641332,25.904572236641332,25.904572169598303
2.4,18.0,IVC,27.6118217404357,False,-0.07371538341458006,-45.16328817137034,-45.08957278795576,u_D_up,single_gap,u_D_up_theta_008_u_036_warm,27.6118217404357,VP+,25.259478858225904,25.259478858225904,25.259478805125504
2.45,18.0,IVC,27.09458968201212,False,-0.089046678404884,-44.779350609192974,-44.69030393078809,u_D_up,single_gap,u_D_up_theta_009_u_036_warm,27.09458968201212,VP+,24.59155498029113,24.59155498029113,24.591554938136024
2.5,18.0,IVC,26.543968469070364,False,-0.1064257251735441,-44.39772946821708,-44.291303743043535,theta_down,single_gap,theta_down_theta_010_u_036_warm,26.543968469070364,VP+,23.899953421733983,23.899953421733983,23.899953388184656
2.55,18.0,IVC,25.959797972381608,False,-0.1259647896958498,-44.01824784201972,-43.89228305232387,u_D_down,single_gap,u_D_down_theta_011_u_036_warm,25.959797972381608,VP+,23.183794009514948,23.183794009514948,23.183793982744017
2.6,18.0,IVC,25.34199241859687,False,-0.1477678487178835,-43.64073345716383,-43.49296560844595,theta_up,single_gap,theta_up_theta_012_u_036_warm,25.34199241859687,VP+,22.442156364077853,22.442156364077853,22.44215634265677
2.65,18.0,IVC,24.690537242255765,False,-0.17192993542503388,-43.265018521294174,-43.09308858586914,u_D_down,single_gap,u_D_down_theta_013_u_036_warm,24.690537242255765,VP+,21.67406804425781,21.67406804425781,21.67406802706835
2.7,18.0,IVC,24.00548529603289,False,-0.19853653053606735,-42.89093957633278,-42.69240304579671,theta_down,single_gap,theta_down_theta_014_u_036_warm,24.00548529603289,VP+,20.878487545625987,20.878487545625987,20.87848753179132
2.75,18.0,IVC,23.28695240421356,False,-0.2276629586863308,-42.51833734798512,-42.290674389298786,u_D_up,single_gap,u_D_up_theta_015_u_036_warm,23.28695240421356,VP+,20.05428117213059,20.05428117213059,20.054281160961835
2.8,18.0,IVC,22.535112322494324,False,-0.25937374789210565,-42.14705658960396,-41.88768284171186,theta_up,single_gap,theta_up_theta_016_u_036_warm,22.535112322494324,VP+,19.200192156260364,19.200192156260364,19.200192147215212
2.85,18.0,IVC,21.750191236588417,False,-0.29372190517108976,-41.77694592328195,-41.48322401811086,theta_down,single_gap,theta_down_theta_017_u_036_warm,21.750191236588417,VP+,18.314799460072653,18.314799460072653,18.31479945272312
2.9,18.0,IVC,20.932461978007407,False,-0.33074805204296354,-41.40785768378579,-41.07710963174283,theta_down,single_gap,theta_down_theta_018_u_036_warm,20.932461978007407,VP+,17.39646225522003,17.39646225522003,17.39646224922777
2.95,18.0,IVC,20.082238154255062,False,-0.3704793469755643,-41.03964777177297,-40.669168424797405,theta_up,single_gap,theta_up_theta_019_u_036_warm,20.082238154255062,VP+,16.443243801863176,16.443243801863176,16.443243796959745
3.0,18.0,IVC,19.199868395973866,False,-0.41292809329281965,-40.67217552116848,-40.25924742787566,u_D_up,single_gap,u_D_up_theta_020_u_036_warm,19.199868395973866,VP+,15.452804696236218,15.452804696236218,15.452804692208224
3.05,18.0,IVC,18.28573088052911,False,-0.45808988340222356,-40.30530358196008,-39.84721369855786,u_D_up,single_gap,u_D_up_theta_021_u_036_warm,18.28573088052911,VP+,14.422249062368373,14.422249062368373,14.42224905904525
3.1,18.0,IVC,17.34022823247787,False,-0.5059410512038411,-39.938897815717446,-39.432956764513605,theta_up,single_gap,theta_up_theta_022_u_036_warm,17.34022823247787,VP+,13.347895928124991,13.347895928124991,13.347895925370604
3.1500000000000004,18.0,IVC,16.363782848789356,False,-0.5564350704864722,-39.5728271986899,-39.01639212820343,theta_down,single_gap,theta_down_theta_023_u_036_warm,16.363782848789356,VP+,12.224927107283484,12.224927107283484,12.224927104987966
3.2,18.0,IVC,15.356832651944693,False,-0.6094972994015535,-39.20696372701438,-38.59746642761283,theta_up,single_gap,theta_up_theta_024_u_036_warm,15.356832651944693,VP+,11.046822523135258,11.046822523135258,11.046822521209696
3.25,18.0,IVC,14.319827237316408,False,-0.6650170277089344,-38.841182319763305,-38.17616529205437,u_D_up,single_gap,u_D_up_theta_025_u_036_warm,14.319827237316408,VP+,9.80441220724656,9.80441220724656,9.8044122056182
3.3,18.0,IVC,13.253224386096402,False,-0.7228349137261105,-38.4753607173717,-37.75252580364559,u_D_down,single_gap,u_D_down_theta_026_u_036_warm,13.253224386096402,VP+,8.484201245159262,8.484201245159262,8.484201243767295
3.35,18.0,IVC,12.157486886337328,False,-0.782722112848397,-38.1093793749005,-37.3266572620521,u_D_up,single_gap,u_D_up_theta_027_u_036_warm,12.157486886337328,VP+,7.065247343493933,7.065247343493933,7.065247342286085
3.4000000000000004,18.0,IVC,11.033079636786848,False,-0.8443436713038963,-37.74312135152512,-36.89877768022122,u_D_down,single_gap,u_D_down_theta_028_u_036_warm,11.033079636786848,VP+,5.513093339091501,5.513093339091501,5.513093338019907
3.45,18.0,IVC,9.880466998444591,False,-0.9071919024787363,-37.37647219942682,-36.469280296948085,u_D_down,single_gap,u_D_down_theta_029_u_036_warm,9.880466998444591,VP+,3.7684344246041306,3.7684344246041306,3.7684344236215743
3.5,18.0,IVC,8.700110404672316,False,-0.9712421272892229,-37.00931985652589,-36.03807772923667,u_D_up,single_gap,u_D_up_theta_030_u_036_warm,8.700110404672316,VP+,1.3642682464652722,1.3642682464652722,1.3642682468198508
3.55,18.0,IVC,7.492466240943141,False,-1.0275543701621075,-36.64155454774539,-35.614000177583286,u_D_down,single_gap,u_D_down_theta_031_u_036_warm,7.492466240943141,VP+,2.5609329786215653,2.5609329786215653,2.5609329788697934
3.6,18.0,IVC,6.257984016808106,False,-1.0827319901262342,-36.27306869856087,-35.190336708434636,theta_up,single_gap,theta_up_theta_032_u_036_warm,6.257984016808106,VP+,3.538788422401794,3.538788422401794,3.5387884225399624
3.65,18.0,IVC,4.997104854380311,False,-1.1376067530758078,-35.903756862782174,-34.766150109706366,u_D_up,single_gap,u_D_up_theta_033_u_036_warm,4.997104854380311,VP+,4.303315866867454,4.303315866867454,4.303315866941716
3.7,18.0,IVC,3.710260285859693,False,-1.1928165674722422,-35.53351566448948,-34.340699097017236,theta_down,single_gap,theta_down_theta_034_u_036_warm,3.710260285859693,VP+,4.8026014939954464,4.8026014939954464,4.802601493760928
3.75,18.0,IVC,2.3978713424624303,False,-1.2487835179735356,-35.162243752442194,-33.91346023446866,theta_up,single_gap,theta_up_theta_035_u_036_warm,2.3978713424624303,VP+,3.52494788390025,3.52494788390025,3.524947883705753
3.8,18.0,IVC,1.060347903063651,False,-1.3057895086644251,-34.789841764448894,-33.48405225578447,theta_up,single_gap,theta_up_theta_036_u_036_warm,1.060347903063651,VP+,2.231526036808745,2.231526036808745,2.231526036646816
3.85,18.0,IVC,-0.3019117367097728,True,-1.364026371536184,-34.41621229907579,-33.052185927539604,theta_up,single_gap,theta_up_theta_037_u_036_warm,-0.3019117367097728,VP+,0.920142262515064,0.920142262515064,0.92014226237983
3.9,18.0,IVC,-1.6885211172098913,True,-1.4236248240235057,-34.04125989238772,-32.617635068364216,theta_up,single_gap,theta_up_theta_038_u_036_warm,-1.6885211172098913,VP+,-0.4107084480563756,-0.4107084480563756,-0.4107084481695686
3.95,18.0,IVC,-3.0991057252229055,True,-1.4846718865785817,-33.664890997824024,-32.18021911124544,theta_up,single_gap,theta_up_theta_039_u_036_warm,-3.0991057252229055,VP+,-1.7621107549984636,-1.7621107549984636,-1.7621107550936053
4.0,18.0,IVC,-4.533302997626578,True,-1.5472220524088094,-33.28701396762117,-31.73979191521236,theta_down,single_gap,theta_down_theta_040_u_036_mixed_seed_29,-4.533302997626578,VP+,-3.1348776489989483,-3.1348776489989483,-3.134877649078863
2.0,18.5,IVC,30.777473900224347,False,-0.011339634729374382,-48.78104240352286,-48.769702768793486,theta_up,single_gap,theta_up_theta_000_u_037_mixed_seed_13,30.777473900224347,VP+,29.26990480925358,29.26990480925358,29.269904558715204
2.05,18.5,IVC,30.51222665729669,False,-0.015318228767426945,-48.37065064101001,-48.35533241224258,u_D_up,single_gap,u_D_up_theta_001_u_037_warm,30.51222665729669,VP+,28.993323096758065,28.993323096758065,28.993322905609368
2.1,18.5,IVC,30.217925512011533,False,-0.02028062289535626,-47.96423759057736,-47.943956967682006,u_D_up,single_gap,u_D_up_theta_002_u_037_warm,30.217925512011533,VP+,28.6941830427608,28.6941830427608,28.69418289592613
2.15,18.5,IVC,29.89374165878056,False,-0.02636746364072451,-47.56158182277195,-47.535214359131224,theta_up,single_gap,theta_up_theta_003_u_037_warm,29.89374165878056,VP+,28.372336704849847,28.372336704849847,28.372336591328544
2.2,18.5,IVC,29.538931424881294,False,-0.03372128170880018,-47.162467556393295,-47.128746274684495,theta_down,single_gap,theta_down_theta_004_u_037_warm,29.538931424881294,VP+,27.907342857790287,27.907342857790287,27.90734271773419
2.25,18.5,IVC,29.152832583015556,False,-0.04248469643685837,-46.766684610085434,-46.724199913648576,u_D_down,single_gap,u_D_down_theta_005_u_037_warm,29.152832583015556,VP+,27.327095102038957,27.327095102038957,27.327094991726064
2.3,18.5,IVC,28.734863455050757,False,-0.05279883309604827,-46.37402847193789,-46.32122963884184,u_D_up,single_gap,u_D_up_theta_006_u_037_warm,28.734863455050757,VP+,26.726543537906693,26.726543537906693,26.726543450896088
2.35,18.5,IVC,28.28452292738775,False,-0.06480191170587801,-45.98430029055336,-45.91949837884748,theta_up,single_gap,theta_up_theta_007_u_037_warm,28.28452292738775,VP+,26.104995766180565,26.104995766180565,26.10499569742759
2.4,18.5,IVC,27.801390325026382,False,-0.07862797743867844,-45.59730673580705,-45.518678758368374,theta_up,single_gap,theta_up_theta_008_u_037_warm,27.801390325026382,VP+,25.461719404607837,25.461719404607837,25.461719350169837
2.45,18.5,IVC,27.285124865024272,False,-0.09440576863116945,-45.21285977718619,-45.11845400855502,u_D_up,single_gap,u_D_up_theta_009_u_037_warm,27.285124865024272,VP+,24.795951650386964,24.795951650386964,24.795951607185383
2.5,18.5,IVC,26.735464641774925,False,-0.1122577245150822,-44.83077643862727,-44.718518714112186,theta_down,single_gap,theta_down_theta_010_u_037_warm,26.735464641774925,VP+,24.106903336304356,24.106903336304356,24.106903301936057
2.55,18.5,IVC,26.152225114360284,False,-0.13229912857564585,-44.45087856844793,-44.31857943987229,u_D_down,single_gap,u_D_down_theta_011_u_037_warm,26.152225114360284,VP+,23.39375836711583,23.39375836711583,23.393758339704014
2.6,18.5,IVC,25.535297068981983,False,-0.15463737505610453,-44.0729926432461,-43.91835526819,u_D_down,single_gap,u_D_down_theta_012_u_037_warm,25.535297068981983,VP+,22.65566902742924,22.65566902742924,22.655669005506752
2.65,18.5,IVC,24.884644010151032,False,-0.17937133603442135,-43.696949605728264,-43.51757826969384,theta_down,single_gap,theta_down_theta_013_u_037_warm,24.884644010151032,VP+,21.89174727484226,21.89174727484226,21.891747257260704
2.7,18.5,IVC,24.200298896449723,False,-0.20659079697790617,-43.322584722864434,-43.11599392588653,u_D_up,single_gap,u_D_up_theta_014_u_037_warm,24.200298896449723,VP+,21.101051766945297,21.101051766945297,21.101051752804366
2.75,18.5,IVC,23.482360159323928,False,-0.23637592333732727,-42.949737448665225,-42.7133615253279,u_D_down,single_gap,u_D_down_theta_015_u_037_warm,23.482360159323928,VP+,20.28256999539683,20.28256999539683,20.282569983989447
2.8,18.5,IVC,22.73098701572135,False,-0.2687967190646745,-42.57825128212294,-42.30945456305827,u_D_down,single_gap,u_D_down_theta_016_u_037_warm,22.73098701572135,VP+,19.435194442161432,19.435194442161432,19.43519443293092
2.85,18.5,IVC,21.946394171017523,False,-0.30391243628667297,-42.20797361824951,-41.90406118196284,u_D_down,single_gap,u_D_down_theta_017_u_037_warm,21.946394171017523,VP+,18.557691040003995,18.557691040003995,18.5576910325114
2.9,18.5,IVC,21.128846067626537,False,-0.34177089088219503,-41.838755595333105,-41.49698470445091,theta_up,single_gap,theta_up_theta_018_u_037_warm,21.128846067626537,VP+,17.64865727845249,17.64865727845249,17.64865727235066
2.95,18.5,IVC,20.278650885247533,False,-0.3824076294764751,-41.47045194460312,-41.088044315126645,theta_up,single_gap,theta_up_theta_019_u_037_warm,20.278650885247533,VP+,16.706465850338112,16.706465850338112,16.706465845351836
3.0,18.5,IVC,19.39615451372471,False,-0.4258448766534073,-41.1029208493759,-40.67707597272249,u_D_up,single_gap,u_D_up_theta_020_u_037_warm,19.39615451372471,VP+,15.729187431562362,15.729187431562362,15.7291874274731
3.05,18.5,IVC,18.481734712477213,False,-0.47209016233305334,-40.736023818837886,-40.26393365650483,theta_up,single_gap,theta_up_theta_021_u_037_warm,18.481734712477213,VP+,14.714482394378932,14.714482394378932,14.714482391012275
3.1,18.5,IVC,17.53579561644178,False,-0.5211344812598,-40.36962557749584,-39.84849109623604,u_D_up,single_gap,u_D_up_theta_022_u_037_warm,17.53579561644178,VP+,13.659444794189405,13.659444794189405,13.659444791405942
3.1500000000000004,18.5,IVC,16.55876269061304,False,-0.5729497575236735,-40.00359396705425,-39.43064420953058,theta_up,single_gap,theta_up_theta_023_u_037_warm,16.55876269061304,VP+,12.56037057206742,12.56037057206742,12.560370569755252
3.2,18.5,IVC,15.55107815726672,False,-0.6274852538150242,-39.63779985507017,-39.010314601255146,u_D_up,single_gap,u_D_up_theta_024_u_037_warm,15.55107815726672,VP+,11.412400987944253,11.412400987944253,11.412400986013257
3.25,18.5,IVC,14.513196890852916,False,-0.6846623303755734,-39.27211704465434,-38.58745471427876,theta_down,single_gap,theta_down_theta_025_u_037_warm,14.513196890852916,VP+,10.208952263656707,10.208952263656707,10.20895226203362
3.3,18.5,IVC,13.445582731059377,False,-0.7443665244329765,-38.906422180959744,-38.16205565652677,u_D_up,single_gap,u_D_up_theta_026_u_037_warm,13.445582731059377,VP+,8.940762445987648,8.940762445987648,8.940762444612137
3.35,18.5,IVC,12.348705168670914,False,-0.8064350802690399,-38.54059465217636,-37.73415957190732,theta_down,single_gap,theta_down_theta_027_u_037_warm,12.348705168670914,VP+,7.594220774996028,7.594220774996028,7.594220773817931
3.4000000000000004,18.5,IVC,11.223036345252368,False,-0.8706363731748965,-38.17451648480911,-37.303880111634214,u_D_up,single_gap,u_D_up_theta_028_u_037_warm,11.223036345252368,VP+,6.148297870078078,6.148297870078078,6.148297869053966
3.45,18.5,IVC,10.069048323607728,False,-0.9366343015462206,-37.80807223505041,-36.87143793350419,theta_up,single_gap,theta_up_theta_029_u_037_warm,10.069048323607728,VP+,4.568744998848086,4.568744998848086,4.568744997938179
3.5,18.5,IVC,8.887210602504386,False,-1.0039252871886362,-37.44114887993224,-36.43722359274361,theta_down,single_gap,theta_down_theta_030_u_037_warm,8.887210602504386,VP+,2.797970708621488,2.797970708621488,2.7979707077876235
3.55,18.5,IVC,7.677987883749751,False,-1.0721918257805356,-37.07363571317708,-36.00144388739655,u_D_down,single_gap,u_D_down_theta_031_u_037_warm,7.677987883749751,VP+,0.5571917185800039,0.5571917185800039,0.5571917188679016
3.6,18.5,IVC,6.44183810279787,False,-1.1333172915776615,-36.70542425076285,-35.57210695918519,theta_down,single_gap,theta_down_theta_032_u_037_warm,6.44183810279787,VP+,1.6993115969488457,1.6993115969488457,1.6993115971513966
3.65,18.5,IVC,5.179210763432902,False,-1.1935252565642145,-36.33640815001442,-35.142882893450206,u_D_up,single_gap,u_D_up_theta_033_u_037_warm,5.179210763432902,VP+,2.6412675848844422,2.6412675848844422,2.6412675849994685
3.7,18.5,IVC,3.8905455827308337,False,-1.2535570475740414,-35.96648314395653,-34.71292609638249,theta_up,single_gap,theta_up_theta_034_u_037_warm,3.8905455827308337,VP+,3.384161087175645,3.384161087175645,3.3841610872386383
3.75,18.5,IVC,2.5762714510846756,False,-1.313993656489835,-35.5955469904475,-34.28155333395767,u_D_down,single_gap,u_D_down_theta_035_u_037_warm,2.5762714510846756,VP+,3.755861287970877,3.755861287970877,3.755861287771129
3.8,18.5,IVC,1.2368056845481945,False,-1.3752241086541517,-35.223499433956306,-33.848275325302154,u_D_up,single_gap,u_D_up_theta_036_u_037_warm,1.2368056845481945,VP+,2.4539462231268594,2.4539462231268594,2.453946222960859
3.85,18.5,IVC,-0.127446470259624,True,-1.4375085290210592,-34.85024217707711,-33.41273364805605,theta_up,single_gap,theta_up_theta_037_u_037_warm,-0.127446470259624,VP+,1.135883390230461,1.135883390230461,1.1358833900920544
3.9,18.5,IVC,-1.5160921247999042,True,-1.5010229080856519,-34.475678858887164,-32.97465595080151,u_D_down,single_gap,u_D_down_theta_038_u_037_warm,-1.5160921247999042,VP+,-0.2004072582184548,-0.2004072582184548,-0.2004072583342235
3.95,18.5,IVC,-2.9287508606269768,True,-1.565885746977692,-34.09971503769095,-32.53382929071326,theta_up,single_gap,theta_up_theta_039_u_037_warm,-2.9287508606269768,VP+,-1.556361681991859,-1.556361681991859,-1.556361682088994
4.0,18.5,IVC,-4.365054717985714,True,-1.632174321302962,-33.72225817618599,-32.09008385488303,theta_down,single_gap,theta_down_theta_040_u_037_mixed_seed_53,-4.365054717985714,VP+,-2.933018085145111,-2.933018085145111,-2.9330180852267276
2.0,19.0,IVC,30.955118044066335,False,-0.013211656206344458,-49.222370089205015,-49.20915843299867,theta_up,single_gap,theta_up_theta_000_u_038_mixed_seed_13,30.955118044066335,VP+,29.704505317977127,29.704505317977127,29.70450506234053
2.05,19.0,IVC,30.69009316570514,False,-0.017468064337400335,-48.81106823099981,-48.79360016666241,u_D_down,single_gap,u_D_down_theta_001_u_038_warm,30.69009316570514,VP+,29.43961687366664,29.43961687366664,29.439616678836774
2.1,19.0,IVC,30.39614836621003,False,-0.022724197558680714,-48.40380139585104,-48.38107719829236,theta_down,single_gap,theta_down_theta_002_u_038_warm,30.39614836621003,VP+,29.15250055578877,29.15250055578877,29.15250040627963
2.15,19.0,IVC,30.072451510922523,False,-0.02912038981723697,-48.00034699356314,-47.971226603745905,theta_down,single_gap,theta_down_theta_003_u_038_warm,30.072451510922523,VP+,28.657369985324888,28.657369985324888,28.65736980282558
2.2,19.0,IVC,29.718253304270284,False,-0.03679928893826201,-47.6004882313957,-47.56368894245744,u_D_up,single_gap,u_D_up_theta_004_u_038_warm,29.718253304270284,VP+,28.097692401569727,28.097692401569727,28.09769225797767
2.25,19.0,IVC,29.33288152102732,False,-0.04590400403333206,-47.20401378889257,-47.158109784859235,theta_down,single_gap,theta_down_theta_005_u_038_warm,29.33288152102732,VP+,27.518447012983863,27.518447012983863,27.518446899899097
2.3,19.0,IVC,28.915739522858473,False,-0.056576483497259744,-46.81071781943821,-46.75414133594095,theta_up,single_gap,theta_up_theta_006_u_038_warm,28.915739522858473,VP+,26.919048901580258,26.919048901580258,26.919048812398273
2.35,19.0,IVC,28.466306979681296,False,-0.06895610344394498,-46.420400022181425,-46.35144391873748,theta_down,single_gap,theta_down_theta_007_u_038_warm,28.466306979681296,VP+,26.298853773283476,26.298853773283476,26.298853702830108
2.4,19.0,IVC,27.98414101022787,False,-0.08317841806248794,-46.03286561227604,-45.94968719421355,u_D_up,single_gap,u_D_up_theta_008_u_038_warm,27.98414101022787,VP+,25.65717652329146,25.65717652329146,25.657176467521825
2.45,19.0,IVC,27.468876837198685,False,-0.09937404256774585,-45.64792516140397,-45.54855111883622,theta_down,single_gap,theta_down_theta_009_u_038_warm,27.468876837198685,VP+,24.993302680645343,24.993302680645343,24.993302636400543
2.5,19.0,IVC,26.92022776304034,False,-0.11766766470437773,-45.26539436486475,-45.14772670016037,theta_down,single_gap,theta_down_theta_010_u_038_warm,26.92022776304034,VP+,24.306494190785607,24.306494190785607,24.306494155599857
2.55,19.0,IVC,26.337984455674288,False,-0.1381771850593907,-44.88509379336757,-44.746916608308176,u_D_up,single_gap,u_D_up_theta_011_u_038_warm,26.337984455674288,VP+,23.595990623463393,23.595990623463393,23.595990595410825
2.6,19.0,IVC,25.72201355233512,False,-0.1610129807741032,-44.506848666849415,-44.34583568607531,theta_up,single_gap,theta_up_theta_012_u_038_warm,25.72201355233512,VP+,22.861006487926343,22.861006487926343,22.86100646550144
2.65,19.0,IVC,25.072255599591127,False,-0.18627727938343952,-44.13048866763037,-43.94421138824693,theta_down,single_gap,theta_down_theta_013_u_038_warm,25.072255599591127,VP+,22.100724968841337,22.100724968841337,22.10072495086607
2.7,19.0,IVC,24.38872231486025,False,-0.21406361934607077,-43.755847790012645,-43.541784170666574,u_D_down,single_gap,u_D_down_theta_014_u_038_warm,24.38872231486025,VP+,21.31428804845313,21.31428804845313,21.314288034003745
2.75,19.0,IVC,23.671493107264677,False,-0.2444563646826623,-43.382764209961834,-43.13830784527917,u_D_up,single_gap,u_D_up_theta_015_u_038_warm,23.671493107264677,VP+,20.50078263792936,20.50078263792936,20.500782626280618
2.8,19.0,IVC,22.920710827951265,False,-0.2775302367029724,-43.01108015775864,-42.73354992105567,theta_up,single_gap,theta_up_theta_016_u_038_warm,22.920710827951265,VP+,19.65922198563564,19.65922198563564,19.659221976216827
2.85,19.0,IVC,22.13657678423111,False,-0.3133498248735762,-42.64064178389255,-42.32729195901897,theta_up,single_gap,theta_up_theta_017_u_038_warm,22.13657678423111,VP+,18.78852118995517,18.78852118995517,18.78852118231613
2.9,19.0,IVC,21.319345149335952,False,-0.3519690375648281,-42.2712990163605,-41.91932997879567,u_D_down,single_gap,u_D_down_theta_018_u_038_warm,21.319345149335952,VP+,17.887465012529443,17.887465012529443,17.887465006314365
2.95,19.0,IVC,20.469316947753104,False,-0.3934304490678855,-41.9029054130479,-41.50947496398001,u_D_up,single_gap,u_D_up_theta_019_u_038_warm,20.469316947753104,VP+,16.95466524391061,16.95466524391061,16.954665238837556
3.0,19.0,IVC,19.586833845955695,False,-0.4377644900648505,-41.53531801619757,-41.09755352613272,u_D_up,single_gap,u_D_up_theta_020_u_038_warm,19.586833845955695,VP+,15.98850341015914,15.98850341015914,15.988503406004362
3.05,19.0,IVC,18.6722719890774,False,-0.4849884117909724,-41.16839721676193,-40.68340880497096,u_D_down,single_gap,u_D_down_theta_021_u_038_warm,18.6722719890774,VP+,14.987052273162844,14.987052273162844,14.987052269747757
3.1,19.0,IVC,17.726036105914336,False,-0.5351049247718009,-40.80200663401316,-40.26690170924136,theta_up,single_gap,theta_up_theta_022_u_038_warm,17.726036105914336,VP+,13.947965729235449,13.947965729235449,13.947965726417728
3.1500000000000004,19.0,IVC,16.74855404421779,False,-0.5881003644700584,-40.43601301106685,-39.84791264659679,theta_up,single_gap,theta_up_theta_023_u_038_warm,16.74855404421779,VP+,12.868320175103111,12.868320175103111,12.868320172768469
3.2,19.0,IVC,15.740271816525636,False,-0.6439421568894446,-40.07028612244443,-39.426343965554985,u_D_up,single_gap,u_D_up_theta_024_u_038_warm,15.740271816525636,VP+,11.744378918136658,11.744378918136658,11.74437891619321
3.25,19.0,IVC,14.701649175293074,False,-0.7025752244517633,-39.70469868751469,-39.00212346306293,theta_up,single_gap,theta_up_theta_025_u_038_warm,14.701649175293074,VP+,10.571230262048037,10.571230262048037,10.57123026042148
3.3,19.0,IVC,13.633155679979351,False,-0.7639167401208411,-39.339126283900704,-38.57520954377986,theta_up,single_gap,theta_up_theta_026_u_038_warm,13.633155679979351,VP+,9.3422101723534,9.3422101723534,9.342210170983176
3.35,19.0,IVC,12.535267207074655,False,-0.8278482117700392,-38.97344725666988,-38.14559904489984,theta_down,single_gap,theta_down_theta_027_u_038_warm,12.535267207074655,VP+,8.047942244902778,8.047942244902778,8.047942243739293
3.4000000000000004,19.0,IVC,11.408462831916957,False,-0.8942030658469236,-38.607542621278625,-37.7133395554317,u_D_down,single_gap,u_D_down_theta_028_u_038_warm,11.408462831916957,VP+,6.674669532475253,6.674669532475253,6.6746695314766455
3.45,19.0,IVC,10.253222017125104,False,-0.9627463090658068,-38.24129596039871,-37.2785496513329,u_D_down,single_gap,u_D_down_theta_029_u_038_warm,10.253222017125104,VP+,5.2012369828165,5.2012369828165,5.201236981946771
3.5,19.0,IVC,9.070022062863435,False,-1.0331398367873916,-37.8745933168974,-36.84145348011001,theta_down,single_gap,theta_down_theta_030_u_038_warm,9.070022062863435,VP+,3.593565928023672,3.593565928023672,3.593565927249884
3.55,19.0,IVC,7.859335791103835,False,-1.1057012078377824,-37.50732308717332,-36.401621879335536,u_D_down,single_gap,u_D_down_theta_031_u_038_warm,7.859335791103835,VP+,0.7634297620814223,0.7634297620814223,0.7634297621318673
3.6,19.0,IVC,6.621629465849363,False,-1.1742840919254078,-37.13937592023225,-35.96509182830684,theta_down,single_gap,theta_down_theta_032_u_038_warm,6.621629465849363,VP+,0.7924634742383745,0.7924634742383745,0.792463474278307
3.65,19.0,IVC,5.357360988487265,False,-1.24323175592869,-36.770644627779085,-35.527412871850395,u_D_down,single_gap,u_D_down_theta_033_u_038_warm,5.357360988487265,VP+,0.829996327413788,0.829996327413788,0.8299963275790248
3.7,19.0,IVC,4.0669783836995705,False,-1.308423399757224,-36.4010241091056,-35.092600709348375,theta_down,single_gap,theta_down_theta_034_u_038_warm,4.0669783836995705,VP+,1.7359700820549655,1.7359700820549655,1.7359700821506436
3.75,19.0,IVC,2.7509186128636145,False,-1.3735590305534444,-36.03041129219675,-34.65685226164331,theta_up,single_gap,theta_up_theta_035_u_038_warm,2.7509186128636145,VP+,2.456567706264032,2.456567706264032,2.4565677063171947
3.8,19.0,IVC,1.409606693109776,False,-1.4391658590795302,-35.65870509009815,-34.21953923101862,u_D_down,single_gap,u_D_down_theta_036_u_038_warm,1.409606693109776,VP+,2.6809581042788615,2.6809581042788615,2.6809581041085657
3.85,19.0,IVC,0.0434551102712141,False,-1.5056007687948991,-35.285806369917864,-33.780205601122965,theta_down,single_gap,theta_down_theta_037_u_038_warm,0.0434551102712141,VP+,1.354987016857713,1.354987016857713,1.3549870167158744
3.9,19.0,IVC,-1.3471365238462063,True,-1.5731025669440868,-34.9116179311721,-33.338515364228016,u_D_up,single_gap,u_D_up_theta_038_u_038_warm,-1.3471365238462063,VP+,0.0124811755261191,0.0124811755261191,0.012481175407693
3.95,19.0,IVC,-2.7617816172935648,True,-1.6418317441724852,-34.536044490339656,-32.89421274616717,theta_down,single_gap,theta_down_theta_039_u_038_warm,-2.7617816172935648,VP+,-1.3485244773453111,-1.3485244773453111,-1.3485244774445455
4.0,19.0,IVC,-4.200106581559538,True,-1.7118948709435955,-34.15899266906341,-32.44709779811981,theta_down,single_gap,theta_down_theta_040_u_038_mixed_seed_13,-4.200106581559538,VP+,-2.729395888898257,-2.729395888898257,-2.72939588898177
2.0,19.5,IVC,31.12638800107003,False,-0.014910471226016853,-49.665022040237595,-49.65011156901158,theta_down,single_gap,theta_down_theta_000_u_039_warm,31.12638800107003,VP+,30.12703653581602,30.12703653581602,30.127036274956374
2.05,19.5,IVC,30.861550137686937,False,-0.01942713388597639,-49.252832610169285,-49.23340547628331,u_D_down,single_gap,u_D_down_theta_001_u_039_warm,30.861550137686937,VP+,29.844071794599785,29.844071794599785,29.844071566162295
2.1,19.5,IVC,30.567925939163032,False,-0.024959160695061655,-48.84473405193502,-48.81977489123996,theta_up,single_gap,theta_up_theta_002_u_039_warm,30.567925939163032,VP+,29.380854241222877,29.380854241222877,29.380854003532946
2.15,19.5,IVC,30.244679558614195,False,-0.0316463404684626,-48.44050209167643,-48.408855751207966,u_D_up,single_gap,u_D_up_theta_003_u_039_warm,30.244679558614195,VP+,28.841057721569765,28.841057721569765,28.84105753461366
2.2,19.5,IVC,29.891058349369807,False,-0.03963122483431647,-48.039918787471,-48.000287562636686,u_D_down,single_gap,u_D_down_theta_004_u_039_warm,29.891058349369807,VP+,28.28221203567368,28.28221203567368,28.282211888579177
2.25,19.5,IVC,29.506383783157684,False,-0.04905722561686332,-47.64277175286346,-47.5937145272466,u_D_down,single_gap,u_D_down_theta_005_u_039_warm,29.506383783157684,VP+,27.70387363960003,27.70387363960003,27.70387352376686
2.3,19.5,IVC,29.09004821266843,False,-0.06006693326505541,-47.2488539291991,-47.188786995934045,theta_up,single_gap,theta_up_theta_006_u_039_warm,29.09004821266843,VP+,27.105506907004223,27.105506907004223,27.105506815667148
2.35,19.5,IVC,28.64151527456418,False,-0.07280066916245431,-46.857963620379415,-46.78516295121696,theta_up,single_gap,theta_up_theta_007_u_039_warm,28.64151527456418,VP+,26.48651289143158,26.48651289143158,26.486512819288848
2.4,19.5,IVC,28.160321931833217,False,-0.08739523913353509,-46.469904555543366,-46.38250931640983,theta_up,single_gap,theta_up_theta_008_u_039_warm,28.160321931833217,VP+,25.846249970304747,25.846249970304747,25.84624991321065
2.45,19.5,IVC,27.646080472831876,False,-0.10398283588482826,-46.084485833325914,-45.980502997441086,u_D_down,single_gap,u_D_down_theta_009_u_039_warm,27.646080472831876,VP+,25.184047255009983,25.184047255009983,25.184047209726636
2.5,19.5,IVC,27.098479719368225,False,-0.12269006384646985,-45.70152174240376,-45.57883167855729,u_D_down,single_gap,u_D_down_theta_010_u_039_warm,27.098479719368225,VP+,24.49921207457772,24.49921207457772,24.499212038577028
2.55,19.5,IVC,26.51728532353523,False,-0.14363708287839927,-45.32083152005768,-45.17719443717928,theta_up,single_gap,theta_up_theta_011_u_039_warm,26.51728532353523,VP+,23.791032770736543,23.791032770736543,23.79103274204427
2.6,19.5,IVC,25.902339175150665,False,-0.16693686971348853,-44.94223910464838,-44.77530223493489,u_D_down,single_gap,u_D_down_theta_012_u_039_warm,25.902339175150665,VP+,23.058777674767754,23.058777674767754,23.05877765184056
2.65,19.5,IVC,25.25355797044094,False,-0.19269459085761298,-44.56557291738781,-44.3728783265302,theta_up,single_gap,theta_up_theta_013_u_039_warm,25.25355797044094,VP+,22.30169076901651,22.30169076901651,22.30169075064662
2.7,19.5,IVC,24.57093100450243,False,-0.221007072927506,-44.19066568819432,-43.969658615266816,theta_up,single_gap,theta_up_theta_014_u_039_warm,24.57093100450243,VP+,21.51898419703805,21.51898419703805,21.518984182278935
2.75,19.5,IVC,23.85451719671191,False,-0.2519623460092504,-43.817354319105426,-43.565391973096176,u_D_up,single_gap,u_D_up_theta_015_u_039_warm,23.85451719671191,VP+,20.709827457697475,20.709827457697475,20.709827445805693
2.8,19.5,IVC,23.104441316146485,False,-0.28563922701741973,-43.44547976604787,-43.15984053903045,theta_up,single_gap,theta_up_theta_016_u_039_warm,23.104441316146485,VP+,19.873332800895263,19.873332800895263,19.873332791285907
2.85,19.5,IVC,22.320889394232793,False,-0.32210690665726105,-43.07488692086807,-42.752780014210806,u_D_up,single_gap,u_D_up_theta_017_u_039_warm,22.320889394232793,VP+,19.008536004071043,19.008536004071043,19.008535996283097
2.9,19.5,IVC,21.50410340473284,False,-0.3614245033549395,-42.70542448407505,-42.34399998072011,u_D_up,single_gap,u_D_up_theta_018_u_039_warm,21.50410340473284,VP+,18.11437127760756,18.11437127760756,18.114371271276568
2.95,19.5,IVC,20.654375357585824,False,-0.4036405464610908,-42.33694482705838,-41.93330428059729,u_D_down,single_gap,u_D_down_theta_019_u_039_warm,20.654375357585824,VP+,17.189638415553915,17.189638415553915,17.18963841039131
3.0,19.5,IVC,19.77204102152248,False,-0.44879234673775414,-41.96930384832283,-41.52051150158508,u_D_up,single_gap,u_D_up_theta_020_u_039_warm,19.77204102152248,VP+,16.232959354814334,16.232959354814334,16.232959350590885
3.05,19.5,IVC,18.85747352591853,False,-0.4969052028279535,-41.60236083176809,-41.105455628940135,u_D_up,single_gap,u_D_up_theta_021_u_039_warm,18.85747352591853,VP+,15.24271981767656,15.24271981767656,15.242719814209714
3.1,19.5,IVC,17.911077094719943,False,-0.5479913750723497,-41.23597831557374,-40.68798694050139,theta_up,single_gap,theta_up_theta_022_u_039_warm,17.911077094719943,VP+,14.216989335765554,14.216989335765554,14.216989332909684
3.1500000000000004,19.5,IVC,16.93328114268725,False,-0.6020487279648492,-40.87002197713392,-40.267973249169074,theta_down,single_gap,theta_down_theta_023_u_039_warm,16.93328114268725,VP+,13.15340904145453,13.15340904145453,13.153409039093042
3.2,19.5,IVC,15.924534886477598,False,-0.6590588932626034,-40.504360534145725,-39.84530164088312,u_D_down,single_gap,u_D_down_theta_024_u_039_warm,15.924534886477598,VP+,12.04902998068047,12.04902998068047,12.04902997871957
3.25,19.5,IVC,14.885302529197435,False,-0.7189847260335611,-40.138865657239634,-39.41988093120607,u_D_up,single_gap,u_D_up_theta_025_u_039_warm,14.885302529197435,VP+,10.900073108457072,10.900073108457072,10.900073106821267
3.3,19.5,IVC,13.816059022192483,False,-0.7817666933902245,-39.773411887506896,-38.99164519411667,u_D_down,single_gap,u_D_down_theta_026_u_039_warm,13.816059022192483,VP+,9.701561130855431,9.701561130855431,9.701561129483457
3.35,19.5,IVC,12.717286340471585,False,-0.8473176051845215,-39.40787655289857,-38.56055894771405,theta_down,single_gap,theta_down_theta_027_u_039_warm,12.717286340471585,VP+,8.446732954279575,8.446732954279575,8.446732953121327
3.4000000000000004,19.5,IVC,11.589470213402793,False,-0.9155146774264793,-39.04213967948227,-38.12662500205579,u_D_up,single_gap,u_D_up_theta_028_u_039_warm,11.589470213402793,VP+,7.126075200612249,7.126075200612249,7.126075199626587
3.45,19.5,IVC,10.433097217133284,False,-0.9861871331588361,-38.67608389582156,-37.68989676266273,u_D_down,single_gap,u_D_down_theta_029_u_039_warm,10.433097217133284,VP+,5.725655191023932,5.725655191023932,5.72565519017628
3.5,19.5,IVC,9.248652166180952,False,-1.0590960524448931,-38.30959433100162,-37.25049827855673,u_D_down,single_gap,u_D_down_theta_030_u_039_warm,9.248652166180952,VP+,4.224157434847875,4.224157434847875,4.2241574341080685
3.55,19.5,IVC,8.036615747360319,False,-1.1339005389578602,-37.94255850905607,-36.80865797009821,u_D_down,single_gap,u_D_down_theta_031_u_039_warm,8.036615747360319,VP+,2.5876488142449183,2.5876488142449183,2.5876488135858153
3.6,19.5,IVC,6.797462370503155,False,-1.2090627914582797,-37.57486624452412,-36.36580345306584,u_D_down,single_gap,u_D_down_theta_032_u_039_warm,6.797462370503155,VP+,0.7930823058288645,0.7930823058288645,0.7930823058704952
3.65,19.5,IVC,5.531658251916021,False,-1.2821424035724576,-37.206409544959165,-35.92426714138671,theta_down,single_gap,theta_down_theta_033_u_039_warm,5.531658251916021,VP+,0.8227203735062929,0.8227203735062929,0.8227203735393438
3.7,19.5,IVC,4.239659763966959,False,-1.3545905726600012,-36.83708252584896,-35.48249195318896,theta_down,single_gap,theta_down_theta_034_u_039_warm,4.239659763966959,VP+,0.8529621167028267,0.8529621167028267,0.8529621167290067
3.75,19.5,IVC,2.921912082564038,False,-1.427463247275739,-36.466781341592146,-35.03931809431641,theta_down,single_gap,theta_down_theta_035_u_039_warm,2.921912082564038,VP+,0.8231062068918256,0.8231062068918256,0.8231062069711648
3.8,19.5,IVC,1.5788481597822397,False,-1.497649957844601,-36.095404133538835,-34.597754175694234,u_D_up,single_gap,u_D_up_theta_036_u_039_warm,1.5788481597822397,VP+,1.5209804537550973,1.5209804537550973,1.5209804537999858
3.85,19.5,IVC,0.2108880081493467,False,-1.568370404386954,-35.72285099359499,-34.154480589208035,theta_down,single_gap,theta_down_theta_037_u_039_warm,0.2108880081493467,VP+,1.5780777742977037,1.5780777742977037,1.5780777741524297
3.9,19.5,IVC,-1.1815617313896354,True,-1.6399504480095999,-35.34902394025623,-33.70907349224663,theta_down,single_gap,theta_down_theta_038_u_039_warm,-1.1815617313896354,VP+,0.2282328102823925,0.2282328102823925,0.2282328101610637
3.95,19.5,IVC,-2.598107985401626,True,-1.7126081442381391,-34.97382690341279,-33.26121875917465,u_D_up,single_gap,u_D_up_theta_039_u_039_warm,-2.598107985401626,VP+,-1.138538050256674,-1.138538050256674,-1.1385380503581786
4.0,19.5,IVC,-4.038371254209153,True,-1.7864888820936926,-34.597165714603165,-32.81067683250947,theta_down,single_gap,theta_down_theta_040_u_039_mixed_seed_1,-4.038371254209153,VP+,-2.524084850265716,-2.524084850265716,-2.524084850351059
2.0,20.0,IVC,31.291596132890113,False,-0.01645007537024412,-50.10894993295489,-50.09249985758465,theta_up,single_gap,theta_up_theta_000_u_040_ordered,31.291596132890113,VP+,30.374222451447068,30.374222451447068,30.374222134517055
2.05,20.0,IVC,31.02690124178623,False,-0.021210273358185816,-49.69589342049077,-49.67468314713258,u_D_down,single_gap,u_D_down_theta_001_u_040_ordered,31.02690124178623,VP+,29.98095929360157,29.98095929360157,29.980959052277026
2.1,20.0,IVC,30.733556334130274,False,-0.027001346412532712,-49.286983847632854,-49.25998250122032,u_D_down,single_gap,u_D_down_theta_002_u_040_mixed_seed_1,30.733556334130274,VP+,29.54940827357637,29.54940827357637,29.54940808824754
2.15,20.0,IVC,30.41071942116976,False,-0.03396233936872761,-48.881994457130126,-48.8480321177614,u_D_up,single_gap,u_D_up_theta_003_u_040_warm,30.41071942116976,VP+,29.01924120095276,29.01924120095276,29.01924100958933
2.2,20.0,IVC,30.057634770309058,False,-0.042235480962716565,-48.480705748976405,-48.43847026801369,u_D_up,single_gap,u_D_up_theta_004_u_040_warm,30.057634770309058,VP+,28.46117230942609,28.46117230942609,28.46117215886442
2.25,20.0,IVC,29.67362008125359,False,-0.05196428061739056,-48.08290418807688,-48.03093990745949,u_D_down,single_gap,u_D_down_theta_005_u_040_mixed_seed_29,29.67362008125359,VP+,27.883663045704644,27.883663045704644,27.883662927148052
2.3,20.0,IVC,29.258060395685906,False,-0.06329179106941041,-47.68838159430435,-47.62508980323494,u_D_down,single_gap,u_D_down_theta_006_u_040_mixed_seed_1,29.258060395685906,VP+,27.286225668873634,27.286225668873634,27.286225575399197
2.35,20.0,IVC,28.81040705781298,False,-0.07635910106591837,-47.29693499093017,-47.22057588986425,theta_down,single_gap,theta_down_theta_007_u_040_warm,28.81040705781298,VP+,26.66830469616811,26.66830469616811,26.668304622348305
2.4,20.0,IVC,28.330179727485618,False,-0.09130405860103963,-46.9083666603277,-46.81706260172666,u_D_down,single_gap,u_D_down_theta_008_u_040_mixed_seed_7,28.330179727485618,VP+,26.029299137869764,26.029299137869764,26.029299079459623
2.45,20.0,IVC,27.816969472896027,False,-0.10826018081381505,-46.52248418927456,-46.41422400846074,u_D_down,single_gap,u_D_down_theta_009_u_040_mixed_seed_7,27.816969472896027,VP+,25.368577841977263,25.368577841977263,25.36857779566077
2.5,20.0,IVC,27.270441386959913,False,-0.12735569802458002,-46.13910038531661,-46.01174468729203,u_D_down,single_gap,u_D_down_theta_010_u_040_mixed_seed_29,27.270441386959913,VP+,24.685488755147112,24.685488755147112,24.685488718335044
2.55,20.0,IVC,26.690336139420005,False,-0.1487127095715124,-45.75803307960743,-45.60932037003592,u_D_down,single_gap,u_D_down_theta_011_u_040_mixed_seed_53,26.690336139420005,VP+,23.979363260815887,23.979363260815887,23.979363231486012
2.6,20.0,IVC,26.076470406706633,False,-0.17244644853201407,-45.37910488045611,-45.2066584319241,u_D_down,single_gap,u_D_down_theta_012_u_040_mixed_seed_29,26.076470406706633,VP+,23.24951662415151,23.24951662415151,23.249516600722863
2.65,20.0,IVC,25.428736235837004,False,-0.19866465321410232,-45.0021429303649,-44.803478277150795,u_D_down,single_gap,u_D_down_theta_013_u_040_mixed_seed_1,25.428736235837004,VP+,22.49524522759453,22.49524522759453,22.495245208830237
2.7,20.0,IVC,24.74709944110737,False,-0.22746703856648764,-44.62697869952845,-44.39951166096196,u_D_down,single_gap,u_D_down_theta_014_u_040_mixed_seed_1,24.74709944110737,VP+,21.715820944528936,21.715820944528936,21.71582092945952
2.75,20.0,IVC,24.03159713568861,False,-0.258944852627053,-44.253447827133954,-43.9945029745069,u_D_down,single_gap,u_D_down_theta_015_u_040_mixed_seed_53,24.03159713568861,VP+,20.91048268760477,20.91048268760477,20.91048267546877
2.8,20.0,IVC,23.282334433916528,False,-0.29318049247802236,-43.881389999702606,-43.58820950722458,u_D_down,single_gap,u_D_down_theta_016_u_040_ordered,23.282334433916528,VP+,20.078424856068565,20.078424856068565,20.07842484626732
2.85,20.0,IVC,22.49948030714871,False,-0.3302471463750436,-43.51064884463365,-43.180401698258606,theta_down,single_gap,theta_down_theta_017_u_040_warm,22.49948030714871,VP+,19.21878210743796,19.21878210743796,19.21878209949937
2.9,20.0,IVC,21.683262617698688,False,-0.37020842649702246,-43.14107182041729,-42.770863393920266,u_D_up,single_gap,u_D_up_theta_018_u_040_warm,21.683262617698688,VP+,18.33060955852333,18.33060955852333,18.33060955207448
2.95,20.0,IVC,20.833962432923485,False,-0.41311795715584054,-42.77251009463927,-42.35939213748343,theta_up,single_gap,theta_up_theta_019_u_040_warm,20.833962432923485,VP+,17.41285709116896,17.41285709116896,17.41285708591454
3.0,20.0,IVC,19.95190780312508,False,-0.4590188823769523,-42.40481840949747,-41.94579952712052,u_D_down,single_gap,u_D_down_theta_020_u_040_mixed_seed_53,19.95190780312508,VP+,16.464335804028366,16.464335804028366,16.464335799733696
3.05,20.0,IVC,19.037467237562637,False,-0.507943252436192,-42.037854940529186,-41.529911688092994,u_D_down,single_gap,u_D_down_theta_021_u_040_mixed_seed_1,19.037467237562637,VP+,15.4836736804397,15.4836736804397,15.48367367691835
3.1,20.0,IVC,18.091043146837524,False,-0.5599112394106669,-41.67148115777712,-41.111569918366456,u_D_down,single_gap,u_D_down_theta_022_u_040_mixed_seed_29,18.091043146837524,VP+,14.469256027350838,14.469256027350838,14.469256024453976
3.1500000000000004,20.0,IVC,17.113065521541888,False,-0.6149301138555572,-41.305561698659595,-40.69063158480404,theta_down,single_gap,theta_down_theta_023_u_040_warm,17.113065521541888,VP+,13.419143813113076,13.419143813113076,13.419143810721362
3.2,20.0,IVC,16.10398607334624,False,-0.6729928837617081,-40.93996425785621,-40.2669713740945,u_D_down,single_gap,u_D_down_theta_024_u_040_mixed_seed_29,16.10398607334624,VP+,12.330959042675453,12.330959042675453,12.330959040693465
3.25,20.0,IVC,15.064272969281042,False,-0.7340764467847904,-40.57455949354057,-39.84048304675578,u_D_down,single_gap,u_D_down_theta_025_u_040_ordered,15.064272969281042,VP+,11.201719574771616,11.201719574771616,11.201719573122396
3.3,20.0,IVC,13.994406207998749,False,-0.7981390264166635,-40.20922094452955,-39.411081918112885,theta_up,single_gap,theta_up_theta_026_u_040_warm,13.994406207998749,VP+,10.027594069072403,10.027594069072403,10.02759406769352
3.35,20.0,IVC,12.894873600506678,False,-0.8651165301745039,-39.843824951260544,-38.97870842108604,theta_down,single_gap,theta_down_theta_027_u_040_warm,12.894873600506678,VP+,8.803526698419486,8.803526698419486,8.803526697260544
3.4000000000000004,20.0,IVC,11.766167291314652,False,-0.9349172388590787,-39.478250574560015,-38.543333335700936,theta_up,single_gap,theta_up_theta_028_u_040_warm,11.766167291314652,VP+,7.522642201497991,7.522642201497991,7.522642200517588
3.45,20.0,IVC,10.608780720371584,False,-1.0074138243492428,-39.1123795084247,-38.10496568407546,u_D_down,single_gap,u_D_down_theta_029_u_040_mixed_seed_1,10.608780720371584,VP+,6.175267611834304,6.175267611834304,6.1752676109983256
3.5,20.0,IVC,9.423205948212146,False,-1.0824309342993317,-38.74609598543116,-37.66366505113183,theta_up,single_gap,theta_up_theta_030_u_040_warm,9.423205948212146,VP+,4.747265849719806,4.747265849719806,4.747265848999273
3.55,20.0,IVC,8.209931249665846,False,-1.1597251892707945,-38.37928667571796,-37.21956148644716,u_D_up,single_gap,u_D_up_theta_031_u_040_warm,8.209931249665846,VP+,3.2171304902546893,3.2171304902546893,3.217130489624555
3.6,20.0,IVC,6.969438933826215,False,-1.2393652339156134,-38.01184058280714,-36.772475348891525,u_D_down,single_gap,u_D_down_theta_032_u_040_mixed_seed_29,6.969438933826215,VP+,0.7936822094836096,0.7936822094836096,0.7936822095267004
3.65,20.0,IVC,5.702203361325189,False,-1.316662345064394,-37.643648941525875,-36.32698659646148,u_D_down,single_gap,u_D_down_theta_033_u_040_mixed_seed_7,5.702203361325189,VP+,0.8233208787373307,0.8233208787373307,0.8233208787717388
3.7,20.0,IVC,4.408689185945825,False,-1.3942297633678322,-37.274605124241674,-35.88037536087384,u_D_down,single_gap,u_D_down_theta_034_u_040_mixed_seed_13,4.408689185945825,VP+,0.8535631272727002,0.8535631272727002,0.8535631273000988
3.75,20.0,IVC,3.0893498583084025,False,-1.4713204275967513,-36.90460456096998,-35.43328413337323,theta_down,single_gap,theta_down_theta_035_u_040_warm,3.0893498583084025,VP+,0.8844088250274247,0.8844088250274247,0.8844088250492064
3.8,20.0,IVC,1.7446264350108969,False,-1.5478252573984221,-36.533544676747965,-34.98571941934954,u_D_down,single_gap,u_D_down_theta_036_u_040_mixed_seed_13,1.7446264350108969,VP+,0.9158587598780236,0.9158587598780236,0.9158587598953892
3.85,20.0,IVC,0.3749467103199855,False,-1.6258616691315524,-36.16132484676915,-34.535463177637595,u_D_down,single_gap,u_D_down_theta_037_u_040_mixed_seed_13,0.3749467103199855,VP+,0.577812507723813,0.577812507723813,0.5778125077616032
3.9,20.0,IVC,-1.019275339225004,True,-1.701639128750422,-35.78784636717855,-34.08620723842813,u_D_down,single_gap,u_D_down_theta_038_u_040_mixed_seed_13,-1.019275339225004,VP+,0.4474025639502805,0.4474025639502805,0.4474025638261167
3.95,20.0,IVC,-2.4376398331991105,True,-1.778304764839497,-35.413012437880646,-33.63470767304115,theta_up,single_gap,theta_up_theta_039_u_040_warm,-2.4376398331991105,VP+,-0.926156157886414,-0.926156157886414,-0.9261561579901958
4.0,20.0,IVC,-3.8797610414176447,True,-1.8560565371149949,-35.036728153376764,-33.18067161626177,theta_down,single_gap,theta_down_theta_040_u_040_mixed_seed_7,-3.8797610414176447,VP+,-2.3170329630807167,-2.3170329630807167,-2.317032963167783
